ISO-10303-21;
HEADER;
/* Generated by software containing ST-Developer
 * from STEP Tools, Inc. (www.steptools.com) 
 */

FILE_DESCRIPTION(
/* description */ (''),
/* implementation_level */ '2;1');

FILE_NAME(
/* name */ 'HackPad_Top.step',
/* time_stamp */ '2026-06-12T22:21:23+08:00',
/* author */ (''),
/* organization */ (''),
/* preprocessor_version */ 'ST-DEVELOPER v20.1',
/* originating_system */ 'Autodesk Translation Framework v15.8.0.0',
/* authorisation */ '');

FILE_SCHEMA (('AUTOMOTIVE_DESIGN { 1 0 10303 214 3 1 1 }'));
ENDSEC;

DATA;
#10=MECHANICAL_DESIGN_GEOMETRIC_PRESENTATION_REPRESENTATION('',(#23,#24,
#25,#26,#27,#28,#29,#30,#31),#10570);
#11=ITEM_DEFINED_TRANSFORMATION($,$,#6322,#6897);
#12=(
REPRESENTATION_RELATIONSHIP($,$,#10581,#10580)
REPRESENTATION_RELATIONSHIP_WITH_TRANSFORMATION(#11)
SHAPE_REPRESENTATION_RELATIONSHIP()
);
#13=CONTEXT_DEPENDENT_SHAPE_REPRESENTATION(#12,#10579);
#14=NEXT_ASSEMBLY_USAGE_OCCURRENCE('Button spacing:1',
'Button spacing:1','Button spacing:1',#10583,#10584,'Button spacing:1');
#15=(
BOUNDED_SURFACE()
B_SPLINE_SURFACE(2,2,((#10215,#10216,#10217),(#10218,#10219,#10220),(#10221,
#10222,#10223)),.UNSPECIFIED.,.F.,.F.,.F.)
B_SPLINE_SURFACE_WITH_KNOTS((3,3),(3,3),(-1.5707963267949,0.),(1.5707963267949,
3.14159265358979),.UNSPECIFIED.)
GEOMETRIC_REPRESENTATION_ITEM()
RATIONAL_B_SPLINE_SURFACE(((1.,0.707106781186548,1.),(0.707106781186555,
0.500000000000006,0.707106781186555),(1.,0.707106781186548,1.)))
REPRESENTATION_ITEM('')
SURFACE()
);
#16=(
BOUNDED_SURFACE()
B_SPLINE_SURFACE(2,2,((#10227,#10228,#10229),(#10230,#10231,#10232),(#10233,
#10234,#10235)),.UNSPECIFIED.,.F.,.F.,.F.)
B_SPLINE_SURFACE_WITH_KNOTS((3,3),(3,3),(-1.5707963267949,0.),(0.,1.5707963267949),
 .UNSPECIFIED.)
GEOMETRIC_REPRESENTATION_ITEM()
RATIONAL_B_SPLINE_SURFACE(((1.,0.707106781186548,1.),(0.707106781186548,
0.5,0.707106781186548),(1.,0.707106781186548,1.)))
REPRESENTATION_ITEM('')
SURFACE()
);
#17=(
BOUNDED_SURFACE()
B_SPLINE_SURFACE(2,2,((#10240,#10241,#10242),(#10243,#10244,#10245),(#10246,
#10247,#10248)),.UNSPECIFIED.,.F.,.F.,.F.)
B_SPLINE_SURFACE_WITH_KNOTS((3,3),(3,3),(-1.5707963267949,0.),(-1.5707963267949,
0.),.UNSPECIFIED.)
GEOMETRIC_REPRESENTATION_ITEM()
RATIONAL_B_SPLINE_SURFACE(((1.,0.707106781186548,1.),(0.707106781186547,
0.5,0.707106781186547),(1.,0.707106781186548,1.)))
REPRESENTATION_ITEM('')
SURFACE()
);
#18=(
BOUNDED_SURFACE()
B_SPLINE_SURFACE(2,2,((#10252,#10253,#10254),(#10255,#10256,#10257),(#10258,
#10259,#10260)),.UNSPECIFIED.,.F.,.F.,.F.)
B_SPLINE_SURFACE_WITH_KNOTS((3,3),(3,3),(-1.5707963267949,0.),(-3.14159265358979,
-1.5707963267949),.UNSPECIFIED.)
GEOMETRIC_REPRESENTATION_ITEM()
RATIONAL_B_SPLINE_SURFACE(((1.,0.707106781186548,1.),(0.707106781186554,
0.500000000000005,0.707106781186554),(1.,0.707106781186548,1.)))
REPRESENTATION_ITEM('')
SURFACE()
);
#19=SHAPE_REPRESENTATION_RELATIONSHIP('SRR','None',#10581,#21);
#20=SHAPE_REPRESENTATION_RELATIONSHIP('SRR','None',#10580,#22);
#21=ADVANCED_BREP_SHAPE_REPRESENTATION('',(#32),#10569);
#22=ADVANCED_BREP_SHAPE_REPRESENTATION('',(#33,#34,#35,#36,#37,#38,#39,
#40),#10568);
#23=STYLED_ITEM('',(#10595),#32);
#24=STYLED_ITEM('',(#10595),#33);
#25=STYLED_ITEM('',(#10595),#34);
#26=STYLED_ITEM('',(#10595),#35);
#27=STYLED_ITEM('',(#10595),#36);
#28=STYLED_ITEM('',(#10595),#37);
#29=STYLED_ITEM('',(#10595),#38);
#30=STYLED_ITEM('',(#10595),#39);
#31=STYLED_ITEM('',(#10595),#40);
#32=MANIFOLD_SOLID_BREP('Body1',#6300);
#33=MANIFOLD_SOLID_BREP('Body1',#6301);
#34=MANIFOLD_SOLID_BREP('Body3',#6302);
#35=MANIFOLD_SOLID_BREP('Body4',#6303);
#36=MANIFOLD_SOLID_BREP('Body5',#6304);
#37=MANIFOLD_SOLID_BREP('Body6',#6305);
#38=MANIFOLD_SOLID_BREP('Body7',#6306);
#39=MANIFOLD_SOLID_BREP('Body8',#6307);
#40=MANIFOLD_SOLID_BREP('Body9',#6308);
#41=CYLINDRICAL_SURFACE('',#6427,0.500000000000003);
#42=CYLINDRICAL_SURFACE('',#6429,0.499999999999998);
#43=CYLINDRICAL_SURFACE('',#6430,0.499999999999998);
#44=CYLINDRICAL_SURFACE('',#6432,0.499999999999998);
#45=CYLINDRICAL_SURFACE('',#6434,0.499999999999998);
#46=CYLINDRICAL_SURFACE('',#6436,0.499999999999998);
#47=CYLINDRICAL_SURFACE('',#6438,0.499999999999998);
#48=CYLINDRICAL_SURFACE('',#6440,0.499999999999998);
#49=CYLINDRICAL_SURFACE('',#6441,0.499999999999998);
#50=CYLINDRICAL_SURFACE('',#6443,0.499999999999998);
#51=CYLINDRICAL_SURFACE('',#6444,0.499999999999998);
#52=CYLINDRICAL_SURFACE('',#6446,0.499999999999998);
#53=CYLINDRICAL_SURFACE('',#6448,0.500000000000003);
#54=CYLINDRICAL_SURFACE('',#6450,0.499999999999998);
#55=CYLINDRICAL_SURFACE('',#6452,0.499999999999998);
#56=CYLINDRICAL_SURFACE('',#6454,0.500000000000003);
#57=CYLINDRICAL_SURFACE('',#6456,0.499999999999998);
#58=CYLINDRICAL_SURFACE('',#6458,0.500000000000003);
#59=CYLINDRICAL_SURFACE('',#6460,0.499999999999998);
#60=CYLINDRICAL_SURFACE('',#6462,0.499999999999998);
#61=CYLINDRICAL_SURFACE('',#6464,0.500000000000003);
#62=CYLINDRICAL_SURFACE('',#6466,0.500000000000003);
#63=CYLINDRICAL_SURFACE('',#6468,0.499999999999998);
#64=CYLINDRICAL_SURFACE('',#6470,0.500000000000003);
#65=CYLINDRICAL_SURFACE('',#6472,0.5);
#66=CYLINDRICAL_SURFACE('',#6474,0.499999999999998);
#67=CYLINDRICAL_SURFACE('',#6476,0.5);
#68=CYLINDRICAL_SURFACE('',#6478,0.499999999999998);
#69=CYLINDRICAL_SURFACE('',#6480,0.499999999999998);
#70=CYLINDRICAL_SURFACE('',#6482,0.499999999999998);
#71=CYLINDRICAL_SURFACE('',#6484,0.499999999999998);
#72=CYLINDRICAL_SURFACE('',#6486,0.5);
#73=CYLINDRICAL_SURFACE('',#6488,0.5);
#74=CYLINDRICAL_SURFACE('',#6490,0.5);
#75=CYLINDRICAL_SURFACE('',#6492,0.5);
#76=CYLINDRICAL_SURFACE('',#6494,0.499999999999998);
#77=CYLINDRICAL_SURFACE('',#6496,0.499999999999998);
#78=CYLINDRICAL_SURFACE('',#6498,0.499999999999998);
#79=CYLINDRICAL_SURFACE('',#6500,0.499999999999998);
#80=CYLINDRICAL_SURFACE('',#6502,0.5);
#81=CYLINDRICAL_SURFACE('',#6504,0.499999999999998);
#82=CYLINDRICAL_SURFACE('',#6506,0.499999999999998);
#83=CYLINDRICAL_SURFACE('',#6508,0.499999999999998);
#84=CYLINDRICAL_SURFACE('',#6510,0.499999999999998);
#85=CYLINDRICAL_SURFACE('',#6512,0.499999999999998);
#86=CYLINDRICAL_SURFACE('',#6514,0.499999999999998);
#87=CYLINDRICAL_SURFACE('',#6516,0.499999999999998);
#88=CYLINDRICAL_SURFACE('',#6518,0.499999999999998);
#89=CYLINDRICAL_SURFACE('',#6521,2.);
#90=CYLINDRICAL_SURFACE('',#6525,2.);
#91=CYLINDRICAL_SURFACE('',#6533,0.999999999999996);
#92=CYLINDRICAL_SURFACE('',#6537,0.999999999999999);
#93=CYLINDRICAL_SURFACE('',#6541,0.999999999999996);
#94=CYLINDRICAL_SURFACE('',#6545,1.);
#95=CYLINDRICAL_SURFACE('',#6608,0.500000000000003);
#96=CYLINDRICAL_SURFACE('',#6611,0.499999999999998);
#97=CYLINDRICAL_SURFACE('',#6613,0.499999999999998);
#98=CYLINDRICAL_SURFACE('',#6616,0.499999999999998);
#99=CYLINDRICAL_SURFACE('',#6619,0.499999999999998);
#100=CYLINDRICAL_SURFACE('',#6622,0.499999999999998);
#101=CYLINDRICAL_SURFACE('',#6625,0.499999999999998);
#102=CYLINDRICAL_SURFACE('',#6628,0.499999999999998);
#103=CYLINDRICAL_SURFACE('',#6630,0.499999999999998);
#104=CYLINDRICAL_SURFACE('',#6633,0.499999999999998);
#105=CYLINDRICAL_SURFACE('',#6635,0.499999999999998);
#106=CYLINDRICAL_SURFACE('',#6638,0.499999999999998);
#107=CYLINDRICAL_SURFACE('',#6641,0.500000000000003);
#108=CYLINDRICAL_SURFACE('',#6644,0.499999999999998);
#109=CYLINDRICAL_SURFACE('',#6647,0.499999999999998);
#110=CYLINDRICAL_SURFACE('',#6650,0.500000000000003);
#111=CYLINDRICAL_SURFACE('',#6653,0.499999999999998);
#112=CYLINDRICAL_SURFACE('',#6656,0.500000000000003);
#113=CYLINDRICAL_SURFACE('',#6659,0.499999999999998);
#114=CYLINDRICAL_SURFACE('',#6662,0.499999999999998);
#115=CYLINDRICAL_SURFACE('',#6665,0.500000000000003);
#116=CYLINDRICAL_SURFACE('',#6668,0.500000000000003);
#117=CYLINDRICAL_SURFACE('',#6671,0.499999999999998);
#118=CYLINDRICAL_SURFACE('',#6674,0.500000000000003);
#119=CYLINDRICAL_SURFACE('',#6677,0.5);
#120=CYLINDRICAL_SURFACE('',#6680,0.499999999999998);
#121=CYLINDRICAL_SURFACE('',#6683,0.5);
#122=CYLINDRICAL_SURFACE('',#6686,0.499999999999998);
#123=CYLINDRICAL_SURFACE('',#6689,0.499999999999998);
#124=CYLINDRICAL_SURFACE('',#6692,0.499999999999998);
#125=CYLINDRICAL_SURFACE('',#6695,0.499999999999998);
#126=CYLINDRICAL_SURFACE('',#6698,0.5);
#127=CYLINDRICAL_SURFACE('',#6701,0.5);
#128=CYLINDRICAL_SURFACE('',#6704,0.5);
#129=CYLINDRICAL_SURFACE('',#6707,0.5);
#130=CYLINDRICAL_SURFACE('',#6710,0.499999999999998);
#131=CYLINDRICAL_SURFACE('',#6713,0.499999999999998);
#132=CYLINDRICAL_SURFACE('',#6716,0.499999999999998);
#133=CYLINDRICAL_SURFACE('',#6719,0.499999999999998);
#134=CYLINDRICAL_SURFACE('',#6722,0.5);
#135=CYLINDRICAL_SURFACE('',#6725,0.499999999999998);
#136=CYLINDRICAL_SURFACE('',#6728,0.499999999999998);
#137=CYLINDRICAL_SURFACE('',#6731,0.499999999999998);
#138=CYLINDRICAL_SURFACE('',#6734,0.499999999999998);
#139=CYLINDRICAL_SURFACE('',#6737,0.499999999999998);
#140=CYLINDRICAL_SURFACE('',#6740,0.499999999999998);
#141=CYLINDRICAL_SURFACE('',#6743,0.499999999999998);
#142=CYLINDRICAL_SURFACE('',#6746,0.499999999999998);
#143=CYLINDRICAL_SURFACE('',#6774,6.);
#144=CYLINDRICAL_SURFACE('',#6778,2.5);
#145=CYLINDRICAL_SURFACE('',#6781,2.5);
#146=CYLINDRICAL_SURFACE('',#6784,2.5);
#147=CYLINDRICAL_SURFACE('',#6788,2.5);
#148=CYLINDRICAL_SURFACE('',#6792,1.7);
#149=CYLINDRICAL_SURFACE('',#6796,1.7);
#150=CYLINDRICAL_SURFACE('',#6799,1.7);
#151=CYLINDRICAL_SURFACE('',#6802,1.7);
#152=CYLINDRICAL_SURFACE('',#6807,2.);
#153=CYLINDRICAL_SURFACE('',#6809,2.);
#154=CYLINDRICAL_SURFACE('',#6813,6.);
#155=CYLINDRICAL_SURFACE('',#6816,1.7);
#156=CYLINDRICAL_SURFACE('',#6820,1.7);
#157=CYLINDRICAL_SURFACE('',#6824,1.7);
#158=CYLINDRICAL_SURFACE('',#6828,1.7);
#159=CYLINDRICAL_SURFACE('',#6832,3.);
#160=CYLINDRICAL_SURFACE('',#6836,3.00000000000001);
#161=CYLINDRICAL_SURFACE('',#6840,3.);
#162=CYLINDRICAL_SURFACE('',#6844,3.00000000000001);
#163=FACE_BOUND('',#797,.T.);
#164=FACE_BOUND('',#798,.T.);
#165=FACE_BOUND('',#799,.T.);
#166=FACE_BOUND('',#800,.T.);
#167=FACE_BOUND('',#801,.T.);
#168=FACE_BOUND('',#802,.T.);
#169=FACE_BOUND('',#803,.T.);
#170=FACE_BOUND('',#804,.T.);
#171=FACE_BOUND('',#806,.T.);
#172=FACE_BOUND('',#807,.T.);
#173=FACE_BOUND('',#808,.T.);
#174=FACE_BOUND('',#809,.T.);
#175=FACE_BOUND('',#810,.T.);
#176=FACE_BOUND('',#811,.T.);
#177=FACE_BOUND('',#812,.T.);
#178=FACE_BOUND('',#813,.T.);
#179=FACE_BOUND('',#913,.T.);
#180=FACE_BOUND('',#934,.T.);
#181=FACE_BOUND('',#935,.T.);
#182=FACE_BOUND('',#936,.T.);
#183=FACE_BOUND('',#937,.T.);
#184=FACE_BOUND('',#938,.T.);
#185=FACE_BOUND('',#939,.T.);
#186=FACE_BOUND('',#940,.T.);
#187=FACE_BOUND('',#941,.T.);
#188=FACE_BOUND('',#1038,.T.);
#189=FACE_BOUND('',#1039,.T.);
#190=FACE_BOUND('',#1040,.T.);
#191=FACE_BOUND('',#1041,.T.);
#192=FACE_BOUND('',#1042,.T.);
#193=FACE_BOUND('',#1043,.T.);
#194=FACE_BOUND('',#1044,.T.);
#195=FACE_BOUND('',#1045,.T.);
#196=FACE_BOUND('',#1047,.T.);
#197=FACE_BOUND('',#1048,.T.);
#198=FACE_BOUND('',#1049,.T.);
#199=FACE_BOUND('',#1057,.T.);
#200=FACE_BOUND('',#1059,.T.);
#201=FACE_BOUND('',#1060,.T.);
#202=FACE_BOUND('',#1084,.T.);
#203=FACE_BOUND('',#1100,.T.);
#204=FACE_BOUND('',#1103,.T.);
#205=FACE_BOUND('',#1106,.T.);
#206=FACE_BOUND('',#1109,.T.);
#207=FACE_BOUND('',#1112,.T.);
#208=FACE_BOUND('',#1113,.T.);
#209=FACE_BOUND('',#1114,.T.);
#210=FACE_BOUND('',#1115,.T.);
#211=FACE_BOUND('',#1116,.T.);
#212=CIRCLE('',#6330,0.499999999999998);
#213=CIRCLE('',#6331,0.499999999999998);
#214=CIRCLE('',#6332,0.5);
#215=CIRCLE('',#6333,0.5);
#216=CIRCLE('',#6334,0.499999999999998);
#217=CIRCLE('',#6335,0.499999999999998);
#218=CIRCLE('',#6336,0.499999999999998);
#219=CIRCLE('',#6337,0.5);
#220=CIRCLE('',#6338,0.499999999999998);
#221=CIRCLE('',#6339,0.499999999999998);
#222=CIRCLE('',#6340,0.499999999999998);
#223=CIRCLE('',#6341,0.5);
#224=CIRCLE('',#6342,0.500000000000003);
#225=CIRCLE('',#6343,0.499999999999998);
#226=CIRCLE('',#6344,0.499999999999998);
#227=CIRCLE('',#6345,0.5);
#228=CIRCLE('',#6346,0.499999999999998);
#229=CIRCLE('',#6347,0.499999999999998);
#230=CIRCLE('',#6348,0.499999999999998);
#231=CIRCLE('',#6349,0.499999999999998);
#232=CIRCLE('',#6350,0.5);
#233=CIRCLE('',#6351,0.499999999999998);
#234=CIRCLE('',#6352,0.499999999999998);
#235=CIRCLE('',#6353,0.499999999999998);
#236=CIRCLE('',#6354,0.499999999999998);
#237=CIRCLE('',#6355,0.499999999999998);
#238=CIRCLE('',#6356,0.500000000000003);
#239=CIRCLE('',#6357,0.499999999999998);
#240=CIRCLE('',#6358,0.5);
#241=CIRCLE('',#6359,0.499999999999998);
#242=CIRCLE('',#6360,0.499999999999998);
#243=CIRCLE('',#6361,0.500000000000003);
#244=CIRCLE('',#6362,0.499999999999998);
#245=CIRCLE('',#6363,0.499999999999998);
#246=CIRCLE('',#6364,0.499999999999998);
#247=CIRCLE('',#6365,0.500000000000003);
#248=CIRCLE('',#6366,0.499999999999998);
#249=CIRCLE('',#6367,0.499999999999998);
#250=CIRCLE('',#6368,0.499999999999998);
#251=CIRCLE('',#6369,0.499999999999998);
#252=CIRCLE('',#6370,0.499999999999998);
#253=CIRCLE('',#6371,0.499999999999998);
#254=CIRCLE('',#6372,0.500000000000003);
#255=CIRCLE('',#6373,0.500000000000003);
#256=CIRCLE('',#6374,0.499999999999998);
#257=CIRCLE('',#6375,0.499999999999998);
#258=CIRCLE('',#6376,0.499999999999998);
#259=CIRCLE('',#6377,0.500000000000003);
#260=CIRCLE('',#6379,0.5);
#261=CIRCLE('',#6380,0.499999999999998);
#262=CIRCLE('',#6381,0.499999999999998);
#263=CIRCLE('',#6382,0.500000000000003);
#264=CIRCLE('',#6383,0.5);
#265=CIRCLE('',#6384,0.499999999999998);
#266=CIRCLE('',#6385,0.499999999999998);
#267=CIRCLE('',#6386,0.499999999999998);
#268=CIRCLE('',#6387,0.5);
#269=CIRCLE('',#6388,0.499999999999998);
#270=CIRCLE('',#6389,0.499999999999998);
#271=CIRCLE('',#6390,0.499999999999998);
#272=CIRCLE('',#6391,0.5);
#273=CIRCLE('',#6392,0.5);
#274=CIRCLE('',#6393,0.499999999999998);
#275=CIRCLE('',#6394,0.499999999999998);
#276=CIRCLE('',#6395,0.500000000000003);
#277=CIRCLE('',#6396,0.499999999999998);
#278=CIRCLE('',#6397,0.499999999999998);
#279=CIRCLE('',#6398,0.499999999999998);
#280=CIRCLE('',#6399,0.500000000000003);
#281=CIRCLE('',#6400,0.500000000000003);
#282=CIRCLE('',#6401,0.499999999999998);
#283=CIRCLE('',#6402,0.499999999999998);
#284=CIRCLE('',#6403,0.499999999999998);
#285=CIRCLE('',#6404,0.499999999999998);
#286=CIRCLE('',#6405,0.499999999999998);
#287=CIRCLE('',#6406,0.499999999999998);
#288=CIRCLE('',#6407,0.500000000000003);
#289=CIRCLE('',#6408,0.499999999999998);
#290=CIRCLE('',#6409,0.499999999999998);
#291=CIRCLE('',#6410,0.499999999999998);
#292=CIRCLE('',#6411,0.500000000000003);
#293=CIRCLE('',#6412,0.499999999999998);
#294=CIRCLE('',#6413,0.499999999999998);
#295=CIRCLE('',#6414,0.5);
#296=CIRCLE('',#6415,0.499999999999998);
#297=CIRCLE('',#6416,0.500000000000003);
#298=CIRCLE('',#6417,0.499999999999998);
#299=CIRCLE('',#6418,0.499999999999998);
#300=CIRCLE('',#6419,0.499999999999998);
#301=CIRCLE('',#6420,0.499999999999998);
#302=CIRCLE('',#6421,0.499999999999998);
#303=CIRCLE('',#6422,0.5);
#304=CIRCLE('',#6423,0.499999999999998);
#305=CIRCLE('',#6424,0.499999999999998);
#306=CIRCLE('',#6425,0.499999999999998);
#307=CIRCLE('',#6426,0.499999999999998);
#308=CIRCLE('',#6522,2.);
#309=CIRCLE('',#6523,2.);
#310=CIRCLE('',#6526,2.);
#311=CIRCLE('',#6527,2.);
#312=CIRCLE('',#6530,2.);
#313=CIRCLE('',#6531,2.);
#314=CIRCLE('',#6534,0.999999999999996);
#315=CIRCLE('',#6535,0.999999999999996);
#316=CIRCLE('',#6538,0.999999999999999);
#317=CIRCLE('',#6539,0.999999999999999);
#318=CIRCLE('',#6542,0.999999999999996);
#319=CIRCLE('',#6543,0.999999999999996);
#320=CIRCLE('',#6546,1.);
#321=CIRCLE('',#6547,1.);
#322=CIRCLE('',#6560,0.499999999999998);
#323=CIRCLE('',#6561,0.499999999999998);
#324=CIRCLE('',#6562,0.499999999999998);
#325=CIRCLE('',#6563,0.5);
#326=CIRCLE('',#6564,0.499999999999998);
#327=CIRCLE('',#6565,0.499999999999998);
#328=CIRCLE('',#6566,0.499999999999998);
#329=CIRCLE('',#6567,0.5);
#330=CIRCLE('',#6568,0.500000000000003);
#331=CIRCLE('',#6569,0.499999999999998);
#332=CIRCLE('',#6570,0.499999999999998);
#333=CIRCLE('',#6571,0.5);
#334=CIRCLE('',#6572,0.499999999999998);
#335=CIRCLE('',#6573,0.499999999999998);
#336=CIRCLE('',#6574,0.5);
#337=CIRCLE('',#6575,0.5);
#338=CIRCLE('',#6576,0.499999999999998);
#339=CIRCLE('',#6577,0.499999999999998);
#340=CIRCLE('',#6578,0.499999999999998);
#341=CIRCLE('',#6579,0.499999999999998);
#342=CIRCLE('',#6580,0.5);
#343=CIRCLE('',#6581,0.499999999999998);
#344=CIRCLE('',#6582,0.499999999999998);
#345=CIRCLE('',#6583,0.499999999999998);
#346=CIRCLE('',#6584,0.499999999999998);
#347=CIRCLE('',#6585,0.499999999999998);
#348=CIRCLE('',#6586,0.500000000000003);
#349=CIRCLE('',#6587,0.499999999999998);
#350=CIRCLE('',#6588,0.5);
#351=CIRCLE('',#6589,0.499999999999998);
#352=CIRCLE('',#6590,0.499999999999998);
#353=CIRCLE('',#6591,0.500000000000003);
#354=CIRCLE('',#6592,0.499999999999998);
#355=CIRCLE('',#6593,0.499999999999998);
#356=CIRCLE('',#6594,0.499999999999998);
#357=CIRCLE('',#6595,0.500000000000003);
#358=CIRCLE('',#6596,0.499999999999998);
#359=CIRCLE('',#6597,0.499999999999998);
#360=CIRCLE('',#6598,0.499999999999998);
#361=CIRCLE('',#6599,0.499999999999998);
#362=CIRCLE('',#6600,0.499999999999998);
#363=CIRCLE('',#6601,0.499999999999998);
#364=CIRCLE('',#6602,0.500000000000003);
#365=CIRCLE('',#6603,0.500000000000003);
#366=CIRCLE('',#6604,0.499999999999998);
#367=CIRCLE('',#6605,0.499999999999998);
#368=CIRCLE('',#6606,0.499999999999998);
#369=CIRCLE('',#6607,0.500000000000003);
#370=CIRCLE('',#6609,0.500000000000003);
#371=CIRCLE('',#6612,0.499999999999998);
#372=CIRCLE('',#6614,0.499999999999998);
#373=CIRCLE('',#6617,0.499999999999998);
#374=CIRCLE('',#6620,0.499999999999998);
#375=CIRCLE('',#6623,0.499999999999998);
#376=CIRCLE('',#6626,0.499999999999998);
#377=CIRCLE('',#6629,0.499999999999998);
#378=CIRCLE('',#6631,0.499999999999998);
#379=CIRCLE('',#6634,0.499999999999998);
#380=CIRCLE('',#6636,0.499999999999998);
#381=CIRCLE('',#6639,0.499999999999998);
#382=CIRCLE('',#6642,0.500000000000003);
#383=CIRCLE('',#6645,0.499999999999998);
#384=CIRCLE('',#6648,0.499999999999998);
#385=CIRCLE('',#6651,0.500000000000003);
#386=CIRCLE('',#6654,0.499999999999998);
#387=CIRCLE('',#6657,0.500000000000003);
#388=CIRCLE('',#6660,0.499999999999998);
#389=CIRCLE('',#6663,0.499999999999998);
#390=CIRCLE('',#6666,0.500000000000003);
#391=CIRCLE('',#6669,0.500000000000003);
#392=CIRCLE('',#6672,0.499999999999998);
#393=CIRCLE('',#6675,0.500000000000003);
#394=CIRCLE('',#6678,0.5);
#395=CIRCLE('',#6681,0.499999999999998);
#396=CIRCLE('',#6684,0.5);
#397=CIRCLE('',#6687,0.499999999999998);
#398=CIRCLE('',#6690,0.499999999999998);
#399=CIRCLE('',#6693,0.499999999999998);
#400=CIRCLE('',#6696,0.499999999999998);
#401=CIRCLE('',#6699,0.5);
#402=CIRCLE('',#6702,0.5);
#403=CIRCLE('',#6705,0.5);
#404=CIRCLE('',#6708,0.5);
#405=CIRCLE('',#6711,0.499999999999998);
#406=CIRCLE('',#6714,0.499999999999998);
#407=CIRCLE('',#6717,0.499999999999998);
#408=CIRCLE('',#6720,0.499999999999998);
#409=CIRCLE('',#6723,0.5);
#410=CIRCLE('',#6726,0.499999999999998);
#411=CIRCLE('',#6729,0.499999999999998);
#412=CIRCLE('',#6732,0.499999999999998);
#413=CIRCLE('',#6735,0.499999999999998);
#414=CIRCLE('',#6738,0.499999999999998);
#415=CIRCLE('',#6741,0.499999999999998);
#416=CIRCLE('',#6744,0.499999999999998);
#417=CIRCLE('',#6747,0.499999999999998);
#418=CIRCLE('',#6753,0.8);
#419=CIRCLE('',#6754,0.8);
#420=CIRCLE('',#6755,0.8);
#421=CIRCLE('',#6756,0.8);
#422=CIRCLE('',#6757,6.);
#423=CIRCLE('',#6758,6.);
#424=CIRCLE('',#6767,6.);
#425=CIRCLE('',#6775,6.);
#426=CIRCLE('',#6776,6.);
#427=CIRCLE('',#6779,2.5);
#428=CIRCLE('',#6780,2.5);
#429=CIRCLE('',#6782,2.5);
#430=CIRCLE('',#6783,2.5);
#431=CIRCLE('',#6785,2.5);
#432=CIRCLE('',#6786,2.5);
#433=CIRCLE('',#6789,2.5);
#434=CIRCLE('',#6790,2.5);
#435=CIRCLE('',#6793,1.7);
#436=CIRCLE('',#6794,1.7);
#437=CIRCLE('',#6795,1.7);
#438=CIRCLE('',#6797,1.7);
#439=CIRCLE('',#6798,1.7);
#440=CIRCLE('',#6800,1.7);
#441=CIRCLE('',#6801,1.7);
#442=CIRCLE('',#6803,1.7);
#443=CIRCLE('',#6805,2.);
#444=CIRCLE('',#6806,2.);
#445=CIRCLE('',#6811,6.);
#446=CIRCLE('',#6815,1.7);
#447=CIRCLE('',#6817,1.7);
#448=CIRCLE('',#6819,1.7);
#449=CIRCLE('',#6821,1.7);
#450=CIRCLE('',#6823,1.7);
#451=CIRCLE('',#6825,1.7);
#452=CIRCLE('',#6827,1.7);
#453=CIRCLE('',#6829,1.7);
#454=CIRCLE('',#6831,3.);
#455=CIRCLE('',#6833,3.);
#456=CIRCLE('',#6835,3.00000000000001);
#457=CIRCLE('',#6837,3.00000000000001);
#458=CIRCLE('',#6839,3.);
#459=CIRCLE('',#6841,3.);
#460=CIRCLE('',#6843,3.00000000000001);
#461=CIRCLE('',#6845,3.00000000000001);
#462=FACE_OUTER_BOUND('',#790,.T.);
#463=FACE_OUTER_BOUND('',#791,.T.);
#464=FACE_OUTER_BOUND('',#792,.T.);
#465=FACE_OUTER_BOUND('',#793,.T.);
#466=FACE_OUTER_BOUND('',#794,.T.);
#467=FACE_OUTER_BOUND('',#795,.T.);
#468=FACE_OUTER_BOUND('',#796,.T.);
#469=FACE_OUTER_BOUND('',#805,.T.);
#470=FACE_OUTER_BOUND('',#814,.T.);
#471=FACE_OUTER_BOUND('',#815,.T.);
#472=FACE_OUTER_BOUND('',#816,.T.);
#473=FACE_OUTER_BOUND('',#817,.T.);
#474=FACE_OUTER_BOUND('',#818,.T.);
#475=FACE_OUTER_BOUND('',#819,.T.);
#476=FACE_OUTER_BOUND('',#820,.T.);
#477=FACE_OUTER_BOUND('',#821,.T.);
#478=FACE_OUTER_BOUND('',#822,.T.);
#479=FACE_OUTER_BOUND('',#823,.T.);
#480=FACE_OUTER_BOUND('',#824,.T.);
#481=FACE_OUTER_BOUND('',#825,.T.);
#482=FACE_OUTER_BOUND('',#826,.T.);
#483=FACE_OUTER_BOUND('',#827,.T.);
#484=FACE_OUTER_BOUND('',#828,.T.);
#485=FACE_OUTER_BOUND('',#829,.T.);
#486=FACE_OUTER_BOUND('',#830,.T.);
#487=FACE_OUTER_BOUND('',#831,.T.);
#488=FACE_OUTER_BOUND('',#832,.T.);
#489=FACE_OUTER_BOUND('',#833,.T.);
#490=FACE_OUTER_BOUND('',#834,.T.);
#491=FACE_OUTER_BOUND('',#835,.T.);
#492=FACE_OUTER_BOUND('',#836,.T.);
#493=FACE_OUTER_BOUND('',#837,.T.);
#494=FACE_OUTER_BOUND('',#838,.T.);
#495=FACE_OUTER_BOUND('',#839,.T.);
#496=FACE_OUTER_BOUND('',#840,.T.);
#497=FACE_OUTER_BOUND('',#841,.T.);
#498=FACE_OUTER_BOUND('',#842,.T.);
#499=FACE_OUTER_BOUND('',#843,.T.);
#500=FACE_OUTER_BOUND('',#844,.T.);
#501=FACE_OUTER_BOUND('',#845,.T.);
#502=FACE_OUTER_BOUND('',#846,.T.);
#503=FACE_OUTER_BOUND('',#847,.T.);
#504=FACE_OUTER_BOUND('',#848,.T.);
#505=FACE_OUTER_BOUND('',#849,.T.);
#506=FACE_OUTER_BOUND('',#850,.T.);
#507=FACE_OUTER_BOUND('',#851,.T.);
#508=FACE_OUTER_BOUND('',#852,.T.);
#509=FACE_OUTER_BOUND('',#853,.T.);
#510=FACE_OUTER_BOUND('',#854,.T.);
#511=FACE_OUTER_BOUND('',#855,.T.);
#512=FACE_OUTER_BOUND('',#856,.T.);
#513=FACE_OUTER_BOUND('',#857,.T.);
#514=FACE_OUTER_BOUND('',#858,.T.);
#515=FACE_OUTER_BOUND('',#859,.T.);
#516=FACE_OUTER_BOUND('',#860,.T.);
#517=FACE_OUTER_BOUND('',#861,.T.);
#518=FACE_OUTER_BOUND('',#862,.T.);
#519=FACE_OUTER_BOUND('',#863,.T.);
#520=FACE_OUTER_BOUND('',#864,.T.);
#521=FACE_OUTER_BOUND('',#865,.T.);
#522=FACE_OUTER_BOUND('',#866,.T.);
#523=FACE_OUTER_BOUND('',#867,.T.);
#524=FACE_OUTER_BOUND('',#868,.T.);
#525=FACE_OUTER_BOUND('',#869,.T.);
#526=FACE_OUTER_BOUND('',#870,.T.);
#527=FACE_OUTER_BOUND('',#871,.T.);
#528=FACE_OUTER_BOUND('',#872,.T.);
#529=FACE_OUTER_BOUND('',#873,.T.);
#530=FACE_OUTER_BOUND('',#874,.T.);
#531=FACE_OUTER_BOUND('',#875,.T.);
#532=FACE_OUTER_BOUND('',#876,.T.);
#533=FACE_OUTER_BOUND('',#877,.T.);
#534=FACE_OUTER_BOUND('',#878,.T.);
#535=FACE_OUTER_BOUND('',#879,.T.);
#536=FACE_OUTER_BOUND('',#880,.T.);
#537=FACE_OUTER_BOUND('',#881,.T.);
#538=FACE_OUTER_BOUND('',#882,.T.);
#539=FACE_OUTER_BOUND('',#883,.T.);
#540=FACE_OUTER_BOUND('',#884,.T.);
#541=FACE_OUTER_BOUND('',#885,.T.);
#542=FACE_OUTER_BOUND('',#886,.T.);
#543=FACE_OUTER_BOUND('',#887,.T.);
#544=FACE_OUTER_BOUND('',#888,.T.);
#545=FACE_OUTER_BOUND('',#889,.T.);
#546=FACE_OUTER_BOUND('',#890,.T.);
#547=FACE_OUTER_BOUND('',#891,.T.);
#548=FACE_OUTER_BOUND('',#892,.T.);
#549=FACE_OUTER_BOUND('',#893,.T.);
#550=FACE_OUTER_BOUND('',#894,.T.);
#551=FACE_OUTER_BOUND('',#895,.T.);
#552=FACE_OUTER_BOUND('',#896,.T.);
#553=FACE_OUTER_BOUND('',#897,.T.);
#554=FACE_OUTER_BOUND('',#898,.T.);
#555=FACE_OUTER_BOUND('',#899,.T.);
#556=FACE_OUTER_BOUND('',#900,.T.);
#557=FACE_OUTER_BOUND('',#901,.T.);
#558=FACE_OUTER_BOUND('',#902,.T.);
#559=FACE_OUTER_BOUND('',#903,.T.);
#560=FACE_OUTER_BOUND('',#904,.T.);
#561=FACE_OUTER_BOUND('',#905,.T.);
#562=FACE_OUTER_BOUND('',#906,.T.);
#563=FACE_OUTER_BOUND('',#907,.T.);
#564=FACE_OUTER_BOUND('',#908,.T.);
#565=FACE_OUTER_BOUND('',#909,.T.);
#566=FACE_OUTER_BOUND('',#910,.T.);
#567=FACE_OUTER_BOUND('',#911,.T.);
#568=FACE_OUTER_BOUND('',#912,.T.);
#569=FACE_OUTER_BOUND('',#914,.T.);
#570=FACE_OUTER_BOUND('',#915,.T.);
#571=FACE_OUTER_BOUND('',#916,.T.);
#572=FACE_OUTER_BOUND('',#917,.T.);
#573=FACE_OUTER_BOUND('',#918,.T.);
#574=FACE_OUTER_BOUND('',#919,.T.);
#575=FACE_OUTER_BOUND('',#920,.T.);
#576=FACE_OUTER_BOUND('',#921,.T.);
#577=FACE_OUTER_BOUND('',#922,.T.);
#578=FACE_OUTER_BOUND('',#923,.T.);
#579=FACE_OUTER_BOUND('',#924,.T.);
#580=FACE_OUTER_BOUND('',#925,.T.);
#581=FACE_OUTER_BOUND('',#926,.T.);
#582=FACE_OUTER_BOUND('',#927,.T.);
#583=FACE_OUTER_BOUND('',#928,.T.);
#584=FACE_OUTER_BOUND('',#929,.T.);
#585=FACE_OUTER_BOUND('',#930,.T.);
#586=FACE_OUTER_BOUND('',#931,.T.);
#587=FACE_OUTER_BOUND('',#932,.T.);
#588=FACE_OUTER_BOUND('',#933,.T.);
#589=FACE_OUTER_BOUND('',#942,.T.);
#590=FACE_OUTER_BOUND('',#943,.T.);
#591=FACE_OUTER_BOUND('',#944,.T.);
#592=FACE_OUTER_BOUND('',#945,.T.);
#593=FACE_OUTER_BOUND('',#946,.T.);
#594=FACE_OUTER_BOUND('',#947,.T.);
#595=FACE_OUTER_BOUND('',#948,.T.);
#596=FACE_OUTER_BOUND('',#949,.T.);
#597=FACE_OUTER_BOUND('',#950,.T.);
#598=FACE_OUTER_BOUND('',#951,.T.);
#599=FACE_OUTER_BOUND('',#952,.T.);
#600=FACE_OUTER_BOUND('',#953,.T.);
#601=FACE_OUTER_BOUND('',#954,.T.);
#602=FACE_OUTER_BOUND('',#955,.T.);
#603=FACE_OUTER_BOUND('',#956,.T.);
#604=FACE_OUTER_BOUND('',#957,.T.);
#605=FACE_OUTER_BOUND('',#958,.T.);
#606=FACE_OUTER_BOUND('',#959,.T.);
#607=FACE_OUTER_BOUND('',#960,.T.);
#608=FACE_OUTER_BOUND('',#961,.T.);
#609=FACE_OUTER_BOUND('',#962,.T.);
#610=FACE_OUTER_BOUND('',#963,.T.);
#611=FACE_OUTER_BOUND('',#964,.T.);
#612=FACE_OUTER_BOUND('',#965,.T.);
#613=FACE_OUTER_BOUND('',#966,.T.);
#614=FACE_OUTER_BOUND('',#967,.T.);
#615=FACE_OUTER_BOUND('',#968,.T.);
#616=FACE_OUTER_BOUND('',#969,.T.);
#617=FACE_OUTER_BOUND('',#970,.T.);
#618=FACE_OUTER_BOUND('',#971,.T.);
#619=FACE_OUTER_BOUND('',#972,.T.);
#620=FACE_OUTER_BOUND('',#973,.T.);
#621=FACE_OUTER_BOUND('',#974,.T.);
#622=FACE_OUTER_BOUND('',#975,.T.);
#623=FACE_OUTER_BOUND('',#976,.T.);
#624=FACE_OUTER_BOUND('',#977,.T.);
#625=FACE_OUTER_BOUND('',#978,.T.);
#626=FACE_OUTER_BOUND('',#979,.T.);
#627=FACE_OUTER_BOUND('',#980,.T.);
#628=FACE_OUTER_BOUND('',#981,.T.);
#629=FACE_OUTER_BOUND('',#982,.T.);
#630=FACE_OUTER_BOUND('',#983,.T.);
#631=FACE_OUTER_BOUND('',#984,.T.);
#632=FACE_OUTER_BOUND('',#985,.T.);
#633=FACE_OUTER_BOUND('',#986,.T.);
#634=FACE_OUTER_BOUND('',#987,.T.);
#635=FACE_OUTER_BOUND('',#988,.T.);
#636=FACE_OUTER_BOUND('',#989,.T.);
#637=FACE_OUTER_BOUND('',#990,.T.);
#638=FACE_OUTER_BOUND('',#991,.T.);
#639=FACE_OUTER_BOUND('',#992,.T.);
#640=FACE_OUTER_BOUND('',#993,.T.);
#641=FACE_OUTER_BOUND('',#994,.T.);
#642=FACE_OUTER_BOUND('',#995,.T.);
#643=FACE_OUTER_BOUND('',#996,.T.);
#644=FACE_OUTER_BOUND('',#997,.T.);
#645=FACE_OUTER_BOUND('',#998,.T.);
#646=FACE_OUTER_BOUND('',#999,.T.);
#647=FACE_OUTER_BOUND('',#1000,.T.);
#648=FACE_OUTER_BOUND('',#1001,.T.);
#649=FACE_OUTER_BOUND('',#1002,.T.);
#650=FACE_OUTER_BOUND('',#1003,.T.);
#651=FACE_OUTER_BOUND('',#1004,.T.);
#652=FACE_OUTER_BOUND('',#1005,.T.);
#653=FACE_OUTER_BOUND('',#1006,.T.);
#654=FACE_OUTER_BOUND('',#1007,.T.);
#655=FACE_OUTER_BOUND('',#1008,.T.);
#656=FACE_OUTER_BOUND('',#1009,.T.);
#657=FACE_OUTER_BOUND('',#1010,.T.);
#658=FACE_OUTER_BOUND('',#1011,.T.);
#659=FACE_OUTER_BOUND('',#1012,.T.);
#660=FACE_OUTER_BOUND('',#1013,.T.);
#661=FACE_OUTER_BOUND('',#1014,.T.);
#662=FACE_OUTER_BOUND('',#1015,.T.);
#663=FACE_OUTER_BOUND('',#1016,.T.);
#664=FACE_OUTER_BOUND('',#1017,.T.);
#665=FACE_OUTER_BOUND('',#1018,.T.);
#666=FACE_OUTER_BOUND('',#1019,.T.);
#667=FACE_OUTER_BOUND('',#1020,.T.);
#668=FACE_OUTER_BOUND('',#1021,.T.);
#669=FACE_OUTER_BOUND('',#1022,.T.);
#670=FACE_OUTER_BOUND('',#1023,.T.);
#671=FACE_OUTER_BOUND('',#1024,.T.);
#672=FACE_OUTER_BOUND('',#1025,.T.);
#673=FACE_OUTER_BOUND('',#1026,.T.);
#674=FACE_OUTER_BOUND('',#1027,.T.);
#675=FACE_OUTER_BOUND('',#1028,.T.);
#676=FACE_OUTER_BOUND('',#1029,.T.);
#677=FACE_OUTER_BOUND('',#1030,.T.);
#678=FACE_OUTER_BOUND('',#1031,.T.);
#679=FACE_OUTER_BOUND('',#1032,.T.);
#680=FACE_OUTER_BOUND('',#1033,.T.);
#681=FACE_OUTER_BOUND('',#1034,.T.);
#682=FACE_OUTER_BOUND('',#1035,.T.);
#683=FACE_OUTER_BOUND('',#1036,.T.);
#684=FACE_OUTER_BOUND('',#1037,.T.);
#685=FACE_OUTER_BOUND('',#1046,.T.);
#686=FACE_OUTER_BOUND('',#1050,.T.);
#687=FACE_OUTER_BOUND('',#1051,.T.);
#688=FACE_OUTER_BOUND('',#1052,.T.);
#689=FACE_OUTER_BOUND('',#1053,.T.);
#690=FACE_OUTER_BOUND('',#1054,.T.);
#691=FACE_OUTER_BOUND('',#1055,.T.);
#692=FACE_OUTER_BOUND('',#1056,.T.);
#693=FACE_OUTER_BOUND('',#1058,.T.);
#694=FACE_OUTER_BOUND('',#1061,.T.);
#695=FACE_OUTER_BOUND('',#1062,.T.);
#696=FACE_OUTER_BOUND('',#1063,.T.);
#697=FACE_OUTER_BOUND('',#1064,.T.);
#698=FACE_OUTER_BOUND('',#1065,.T.);
#699=FACE_OUTER_BOUND('',#1066,.T.);
#700=FACE_OUTER_BOUND('',#1067,.T.);
#701=FACE_OUTER_BOUND('',#1068,.T.);
#702=FACE_OUTER_BOUND('',#1069,.T.);
#703=FACE_OUTER_BOUND('',#1070,.T.);
#704=FACE_OUTER_BOUND('',#1071,.T.);
#705=FACE_OUTER_BOUND('',#1072,.T.);
#706=FACE_OUTER_BOUND('',#1073,.T.);
#707=FACE_OUTER_BOUND('',#1074,.T.);
#708=FACE_OUTER_BOUND('',#1075,.T.);
#709=FACE_OUTER_BOUND('',#1076,.T.);
#710=FACE_OUTER_BOUND('',#1077,.T.);
#711=FACE_OUTER_BOUND('',#1078,.T.);
#712=FACE_OUTER_BOUND('',#1079,.T.);
#713=FACE_OUTER_BOUND('',#1080,.T.);
#714=FACE_OUTER_BOUND('',#1081,.T.);
#715=FACE_OUTER_BOUND('',#1082,.T.);
#716=FACE_OUTER_BOUND('',#1083,.T.);
#717=FACE_OUTER_BOUND('',#1085,.T.);
#718=FACE_OUTER_BOUND('',#1086,.T.);
#719=FACE_OUTER_BOUND('',#1087,.T.);
#720=FACE_OUTER_BOUND('',#1088,.T.);
#721=FACE_OUTER_BOUND('',#1089,.T.);
#722=FACE_OUTER_BOUND('',#1090,.T.);
#723=FACE_OUTER_BOUND('',#1091,.T.);
#724=FACE_OUTER_BOUND('',#1092,.T.);
#725=FACE_OUTER_BOUND('',#1093,.T.);
#726=FACE_OUTER_BOUND('',#1094,.T.);
#727=FACE_OUTER_BOUND('',#1095,.T.);
#728=FACE_OUTER_BOUND('',#1096,.T.);
#729=FACE_OUTER_BOUND('',#1097,.T.);
#730=FACE_OUTER_BOUND('',#1098,.T.);
#731=FACE_OUTER_BOUND('',#1099,.T.);
#732=FACE_OUTER_BOUND('',#1101,.T.);
#733=FACE_OUTER_BOUND('',#1102,.T.);
#734=FACE_OUTER_BOUND('',#1104,.T.);
#735=FACE_OUTER_BOUND('',#1105,.T.);
#736=FACE_OUTER_BOUND('',#1107,.T.);
#737=FACE_OUTER_BOUND('',#1108,.T.);
#738=FACE_OUTER_BOUND('',#1110,.T.);
#739=FACE_OUTER_BOUND('',#1111,.T.);
#740=FACE_OUTER_BOUND('',#1117,.T.);
#741=FACE_OUTER_BOUND('',#1118,.T.);
#742=FACE_OUTER_BOUND('',#1119,.T.);
#743=FACE_OUTER_BOUND('',#1120,.T.);
#744=FACE_OUTER_BOUND('',#1121,.T.);
#745=FACE_OUTER_BOUND('',#1122,.T.);
#746=FACE_OUTER_BOUND('',#1123,.T.);
#747=FACE_OUTER_BOUND('',#1124,.T.);
#748=FACE_OUTER_BOUND('',#1125,.T.);
#749=FACE_OUTER_BOUND('',#1126,.T.);
#750=FACE_OUTER_BOUND('',#1127,.T.);
#751=FACE_OUTER_BOUND('',#1128,.T.);
#752=FACE_OUTER_BOUND('',#1129,.T.);
#753=FACE_OUTER_BOUND('',#1130,.T.);
#754=FACE_OUTER_BOUND('',#1131,.T.);
#755=FACE_OUTER_BOUND('',#1132,.T.);
#756=FACE_OUTER_BOUND('',#1133,.T.);
#757=FACE_OUTER_BOUND('',#1134,.T.);
#758=FACE_OUTER_BOUND('',#1135,.T.);
#759=FACE_OUTER_BOUND('',#1136,.T.);
#760=FACE_OUTER_BOUND('',#1137,.T.);
#761=FACE_OUTER_BOUND('',#1138,.T.);
#762=FACE_OUTER_BOUND('',#1139,.T.);
#763=FACE_OUTER_BOUND('',#1140,.T.);
#764=FACE_OUTER_BOUND('',#1141,.T.);
#765=FACE_OUTER_BOUND('',#1142,.T.);
#766=FACE_OUTER_BOUND('',#1143,.T.);
#767=FACE_OUTER_BOUND('',#1144,.T.);
#768=FACE_OUTER_BOUND('',#1145,.T.);
#769=FACE_OUTER_BOUND('',#1146,.T.);
#770=FACE_OUTER_BOUND('',#1147,.T.);
#771=FACE_OUTER_BOUND('',#1148,.T.);
#772=FACE_OUTER_BOUND('',#1149,.T.);
#773=FACE_OUTER_BOUND('',#1150,.T.);
#774=FACE_OUTER_BOUND('',#1151,.T.);
#775=FACE_OUTER_BOUND('',#1152,.T.);
#776=FACE_OUTER_BOUND('',#1153,.T.);
#777=FACE_OUTER_BOUND('',#1154,.T.);
#778=FACE_OUTER_BOUND('',#1155,.T.);
#779=FACE_OUTER_BOUND('',#1156,.T.);
#780=FACE_OUTER_BOUND('',#1157,.T.);
#781=FACE_OUTER_BOUND('',#1158,.T.);
#782=FACE_OUTER_BOUND('',#1159,.T.);
#783=FACE_OUTER_BOUND('',#1160,.T.);
#784=FACE_OUTER_BOUND('',#1161,.T.);
#785=FACE_OUTER_BOUND('',#1162,.T.);
#786=FACE_OUTER_BOUND('',#1163,.T.);
#787=FACE_OUTER_BOUND('',#1164,.T.);
#788=FACE_OUTER_BOUND('',#1165,.T.);
#789=FACE_OUTER_BOUND('',#1166,.T.);
#790=EDGE_LOOP('',(#3968,#3969,#3970,#3971));
#791=EDGE_LOOP('',(#3972,#3973,#3974,#3975));
#792=EDGE_LOOP('',(#3976,#3977,#3978,#3979));
#793=EDGE_LOOP('',(#3980,#3981,#3982,#3983));
#794=EDGE_LOOP('',(#3984,#3985,#3986,#3987));
#795=EDGE_LOOP('',(#3988,#3989,#3990,#3991));
#796=EDGE_LOOP('',(#3992,#3993,#3994,#3995,#3996,#3997,#3998,#3999,#4000,
#4001,#4002,#4003,#4004,#4005,#4006,#4007,#4008,#4009,#4010,#4011,#4012,
#4013,#4014,#4015,#4016,#4017,#4018,#4019,#4020,#4021,#4022,#4023,#4024,
#4025,#4026,#4027));
#797=EDGE_LOOP('',(#4028,#4029,#4030,#4031,#4032,#4033,#4034,#4035));
#798=EDGE_LOOP('',(#4036,#4037,#4038,#4039,#4040,#4041,#4042,#4043));
#799=EDGE_LOOP('',(#4044,#4045,#4046,#4047,#4048,#4049,#4050,#4051));
#800=EDGE_LOOP('',(#4052,#4053,#4054,#4055,#4056,#4057,#4058,#4059));
#801=EDGE_LOOP('',(#4060,#4061,#4062,#4063,#4064,#4065,#4066,#4067));
#802=EDGE_LOOP('',(#4068,#4069,#4070,#4071,#4072,#4073,#4074,#4075));
#803=EDGE_LOOP('',(#4076,#4077,#4078,#4079,#4080,#4081,#4082,#4083));
#804=EDGE_LOOP('',(#4084,#4085,#4086,#4087,#4088,#4089,#4090,#4091));
#805=EDGE_LOOP('',(#4092,#4093,#4094,#4095,#4096,#4097,#4098,#4099,#4100,
#4101,#4102,#4103,#4104,#4105,#4106,#4107,#4108,#4109,#4110,#4111,#4112,
#4113,#4114,#4115,#4116,#4117,#4118,#4119,#4120,#4121,#4122,#4123,#4124,
#4125,#4126,#4127));
#806=EDGE_LOOP('',(#4128,#4129,#4130,#4131,#4132,#4133,#4134,#4135));
#807=EDGE_LOOP('',(#4136,#4137,#4138,#4139,#4140,#4141,#4142,#4143));
#808=EDGE_LOOP('',(#4144,#4145,#4146,#4147,#4148,#4149,#4150,#4151));
#809=EDGE_LOOP('',(#4152,#4153,#4154,#4155,#4156,#4157,#4158,#4159));
#810=EDGE_LOOP('',(#4160,#4161,#4162,#4163,#4164,#4165,#4166,#4167));
#811=EDGE_LOOP('',(#4168,#4169,#4170,#4171,#4172,#4173,#4174,#4175));
#812=EDGE_LOOP('',(#4176,#4177,#4178,#4179,#4180,#4181,#4182,#4183));
#813=EDGE_LOOP('',(#4184,#4185,#4186,#4187,#4188,#4189,#4190,#4191));
#814=EDGE_LOOP('',(#4192,#4193,#4194,#4195));
#815=EDGE_LOOP('',(#4196,#4197,#4198,#4199));
#816=EDGE_LOOP('',(#4200,#4201,#4202,#4203));
#817=EDGE_LOOP('',(#4204,#4205,#4206,#4207));
#818=EDGE_LOOP('',(#4208,#4209,#4210,#4211));
#819=EDGE_LOOP('',(#4212,#4213,#4214,#4215));
#820=EDGE_LOOP('',(#4216,#4217,#4218,#4219));
#821=EDGE_LOOP('',(#4220,#4221,#4222,#4223));
#822=EDGE_LOOP('',(#4224,#4225,#4226,#4227));
#823=EDGE_LOOP('',(#4228,#4229,#4230,#4231));
#824=EDGE_LOOP('',(#4232,#4233,#4234,#4235));
#825=EDGE_LOOP('',(#4236,#4237,#4238,#4239));
#826=EDGE_LOOP('',(#4240,#4241,#4242,#4243));
#827=EDGE_LOOP('',(#4244,#4245,#4246,#4247));
#828=EDGE_LOOP('',(#4248,#4249,#4250,#4251));
#829=EDGE_LOOP('',(#4252,#4253,#4254,#4255));
#830=EDGE_LOOP('',(#4256,#4257,#4258,#4259));
#831=EDGE_LOOP('',(#4260,#4261,#4262,#4263));
#832=EDGE_LOOP('',(#4264,#4265,#4266,#4267));
#833=EDGE_LOOP('',(#4268,#4269,#4270,#4271));
#834=EDGE_LOOP('',(#4272,#4273,#4274,#4275));
#835=EDGE_LOOP('',(#4276,#4277,#4278,#4279));
#836=EDGE_LOOP('',(#4280,#4281,#4282,#4283));
#837=EDGE_LOOP('',(#4284,#4285,#4286,#4287));
#838=EDGE_LOOP('',(#4288,#4289,#4290,#4291));
#839=EDGE_LOOP('',(#4292,#4293,#4294,#4295));
#840=EDGE_LOOP('',(#4296,#4297,#4298,#4299));
#841=EDGE_LOOP('',(#4300,#4301,#4302,#4303));
#842=EDGE_LOOP('',(#4304,#4305,#4306,#4307));
#843=EDGE_LOOP('',(#4308,#4309,#4310,#4311));
#844=EDGE_LOOP('',(#4312,#4313,#4314,#4315));
#845=EDGE_LOOP('',(#4316,#4317,#4318,#4319));
#846=EDGE_LOOP('',(#4320,#4321,#4322,#4323));
#847=EDGE_LOOP('',(#4324,#4325,#4326,#4327));
#848=EDGE_LOOP('',(#4328,#4329,#4330,#4331));
#849=EDGE_LOOP('',(#4332,#4333,#4334,#4335));
#850=EDGE_LOOP('',(#4336,#4337,#4338,#4339));
#851=EDGE_LOOP('',(#4340,#4341,#4342,#4343));
#852=EDGE_LOOP('',(#4344,#4345,#4346,#4347));
#853=EDGE_LOOP('',(#4348,#4349,#4350,#4351));
#854=EDGE_LOOP('',(#4352,#4353,#4354,#4355));
#855=EDGE_LOOP('',(#4356,#4357,#4358,#4359));
#856=EDGE_LOOP('',(#4360,#4361,#4362,#4363));
#857=EDGE_LOOP('',(#4364,#4365,#4366,#4367));
#858=EDGE_LOOP('',(#4368,#4369,#4370,#4371));
#859=EDGE_LOOP('',(#4372,#4373,#4374,#4375));
#860=EDGE_LOOP('',(#4376,#4377,#4378,#4379));
#861=EDGE_LOOP('',(#4380,#4381,#4382,#4383));
#862=EDGE_LOOP('',(#4384,#4385,#4386,#4387));
#863=EDGE_LOOP('',(#4388,#4389,#4390,#4391));
#864=EDGE_LOOP('',(#4392,#4393,#4394,#4395));
#865=EDGE_LOOP('',(#4396,#4397,#4398,#4399));
#866=EDGE_LOOP('',(#4400,#4401,#4402,#4403));
#867=EDGE_LOOP('',(#4404,#4405,#4406,#4407));
#868=EDGE_LOOP('',(#4408,#4409,#4410,#4411));
#869=EDGE_LOOP('',(#4412,#4413,#4414,#4415));
#870=EDGE_LOOP('',(#4416,#4417,#4418,#4419));
#871=EDGE_LOOP('',(#4420,#4421,#4422,#4423));
#872=EDGE_LOOP('',(#4424,#4425,#4426,#4427));
#873=EDGE_LOOP('',(#4428,#4429,#4430,#4431));
#874=EDGE_LOOP('',(#4432,#4433,#4434,#4435));
#875=EDGE_LOOP('',(#4436,#4437,#4438,#4439));
#876=EDGE_LOOP('',(#4440,#4441,#4442,#4443));
#877=EDGE_LOOP('',(#4444,#4445,#4446,#4447));
#878=EDGE_LOOP('',(#4448,#4449,#4450,#4451));
#879=EDGE_LOOP('',(#4452,#4453,#4454,#4455));
#880=EDGE_LOOP('',(#4456,#4457,#4458,#4459));
#881=EDGE_LOOP('',(#4460,#4461,#4462,#4463));
#882=EDGE_LOOP('',(#4464,#4465,#4466,#4467));
#883=EDGE_LOOP('',(#4468,#4469,#4470,#4471));
#884=EDGE_LOOP('',(#4472,#4473,#4474,#4475));
#885=EDGE_LOOP('',(#4476,#4477,#4478,#4479));
#886=EDGE_LOOP('',(#4480,#4481,#4482,#4483));
#887=EDGE_LOOP('',(#4484,#4485,#4486,#4487));
#888=EDGE_LOOP('',(#4488,#4489,#4490,#4491));
#889=EDGE_LOOP('',(#4492,#4493,#4494,#4495));
#890=EDGE_LOOP('',(#4496,#4497,#4498,#4499));
#891=EDGE_LOOP('',(#4500,#4501,#4502,#4503));
#892=EDGE_LOOP('',(#4504,#4505,#4506,#4507));
#893=EDGE_LOOP('',(#4508,#4509,#4510,#4511));
#894=EDGE_LOOP('',(#4512,#4513,#4514,#4515));
#895=EDGE_LOOP('',(#4516,#4517,#4518,#4519));
#896=EDGE_LOOP('',(#4520,#4521,#4522,#4523));
#897=EDGE_LOOP('',(#4524,#4525,#4526,#4527));
#898=EDGE_LOOP('',(#4528,#4529,#4530,#4531));
#899=EDGE_LOOP('',(#4532,#4533,#4534,#4535));
#900=EDGE_LOOP('',(#4536,#4537,#4538,#4539));
#901=EDGE_LOOP('',(#4540,#4541,#4542,#4543));
#902=EDGE_LOOP('',(#4544,#4545,#4546,#4547));
#903=EDGE_LOOP('',(#4548,#4549,#4550,#4551));
#904=EDGE_LOOP('',(#4552,#4553,#4554,#4555));
#905=EDGE_LOOP('',(#4556,#4557,#4558,#4559));
#906=EDGE_LOOP('',(#4560,#4561,#4562,#4563));
#907=EDGE_LOOP('',(#4564,#4565,#4566,#4567));
#908=EDGE_LOOP('',(#4568,#4569,#4570,#4571));
#909=EDGE_LOOP('',(#4572,#4573,#4574,#4575));
#910=EDGE_LOOP('',(#4576,#4577,#4578,#4579));
#911=EDGE_LOOP('',(#4580,#4581,#4582,#4583));
#912=EDGE_LOOP('',(#4584,#4585,#4586,#4587));
#913=EDGE_LOOP('',(#4588,#4589,#4590,#4591,#4592,#4593,#4594,#4595));
#914=EDGE_LOOP('',(#4596,#4597,#4598,#4599));
#915=EDGE_LOOP('',(#4600,#4601,#4602,#4603));
#916=EDGE_LOOP('',(#4604,#4605,#4606,#4607));
#917=EDGE_LOOP('',(#4608,#4609,#4610,#4611));
#918=EDGE_LOOP('',(#4612,#4613,#4614,#4615));
#919=EDGE_LOOP('',(#4616,#4617,#4618,#4619));
#920=EDGE_LOOP('',(#4620,#4621,#4622,#4623));
#921=EDGE_LOOP('',(#4624,#4625,#4626,#4627));
#922=EDGE_LOOP('',(#4628,#4629,#4630,#4631));
#923=EDGE_LOOP('',(#4632,#4633,#4634,#4635,#4636,#4637,#4638,#4639));
#924=EDGE_LOOP('',(#4640,#4641,#4642,#4643));
#925=EDGE_LOOP('',(#4644,#4645,#4646,#4647));
#926=EDGE_LOOP('',(#4648,#4649,#4650,#4651,#4652,#4653,#4654,#4655,#4656,
#4657));
#927=EDGE_LOOP('',(#4658,#4659,#4660,#4661));
#928=EDGE_LOOP('',(#4662,#4663,#4664,#4665));
#929=EDGE_LOOP('',(#4666,#4667,#4668,#4669));
#930=EDGE_LOOP('',(#4670,#4671,#4672,#4673));
#931=EDGE_LOOP('',(#4674,#4675,#4676,#4677));
#932=EDGE_LOOP('',(#4678,#4679,#4680,#4681));
#933=EDGE_LOOP('',(#4682,#4683,#4684,#4685,#4686,#4687,#4688,#4689,#4690,
#4691,#4692,#4693,#4694,#4695,#4696,#4697,#4698,#4699,#4700,#4701,#4702,
#4703,#4704,#4705,#4706,#4707,#4708,#4709,#4710,#4711,#4712,#4713,#4714,
#4715,#4716,#4717,#4718,#4719));
#934=EDGE_LOOP('',(#4720,#4721,#4722,#4723,#4724,#4725,#4726,#4727));
#935=EDGE_LOOP('',(#4728,#4729,#4730,#4731,#4732,#4733,#4734,#4735));
#936=EDGE_LOOP('',(#4736,#4737,#4738,#4739,#4740,#4741,#4742,#4743));
#937=EDGE_LOOP('',(#4744,#4745,#4746,#4747,#4748,#4749,#4750,#4751));
#938=EDGE_LOOP('',(#4752,#4753,#4754,#4755,#4756,#4757,#4758,#4759));
#939=EDGE_LOOP('',(#4760,#4761,#4762,#4763,#4764,#4765,#4766,#4767));
#940=EDGE_LOOP('',(#4768,#4769,#4770,#4771,#4772,#4773,#4774,#4775));
#941=EDGE_LOOP('',(#4776,#4777,#4778,#4779,#4780,#4781,#4782,#4783));
#942=EDGE_LOOP('',(#4784,#4785,#4786,#4787));
#943=EDGE_LOOP('',(#4788,#4789,#4790,#4791));
#944=EDGE_LOOP('',(#4792,#4793,#4794,#4795));
#945=EDGE_LOOP('',(#4796,#4797,#4798,#4799));
#946=EDGE_LOOP('',(#4800,#4801,#4802,#4803));
#947=EDGE_LOOP('',(#4804,#4805,#4806,#4807));
#948=EDGE_LOOP('',(#4808,#4809,#4810,#4811));
#949=EDGE_LOOP('',(#4812,#4813,#4814,#4815));
#950=EDGE_LOOP('',(#4816,#4817,#4818,#4819));
#951=EDGE_LOOP('',(#4820,#4821,#4822,#4823));
#952=EDGE_LOOP('',(#4824,#4825,#4826,#4827));
#953=EDGE_LOOP('',(#4828,#4829,#4830,#4831));
#954=EDGE_LOOP('',(#4832,#4833,#4834,#4835));
#955=EDGE_LOOP('',(#4836,#4837,#4838,#4839));
#956=EDGE_LOOP('',(#4840,#4841,#4842,#4843));
#957=EDGE_LOOP('',(#4844,#4845,#4846,#4847));
#958=EDGE_LOOP('',(#4848,#4849,#4850,#4851));
#959=EDGE_LOOP('',(#4852,#4853,#4854,#4855));
#960=EDGE_LOOP('',(#4856,#4857,#4858,#4859));
#961=EDGE_LOOP('',(#4860,#4861,#4862,#4863));
#962=EDGE_LOOP('',(#4864,#4865,#4866,#4867));
#963=EDGE_LOOP('',(#4868,#4869,#4870,#4871));
#964=EDGE_LOOP('',(#4872,#4873,#4874,#4875));
#965=EDGE_LOOP('',(#4876,#4877,#4878,#4879));
#966=EDGE_LOOP('',(#4880,#4881,#4882,#4883));
#967=EDGE_LOOP('',(#4884,#4885,#4886,#4887));
#968=EDGE_LOOP('',(#4888,#4889,#4890,#4891));
#969=EDGE_LOOP('',(#4892,#4893,#4894,#4895));
#970=EDGE_LOOP('',(#4896,#4897,#4898,#4899));
#971=EDGE_LOOP('',(#4900,#4901,#4902,#4903));
#972=EDGE_LOOP('',(#4904,#4905,#4906,#4907));
#973=EDGE_LOOP('',(#4908,#4909,#4910,#4911));
#974=EDGE_LOOP('',(#4912,#4913,#4914,#4915));
#975=EDGE_LOOP('',(#4916,#4917,#4918,#4919));
#976=EDGE_LOOP('',(#4920,#4921,#4922,#4923));
#977=EDGE_LOOP('',(#4924,#4925,#4926,#4927));
#978=EDGE_LOOP('',(#4928,#4929,#4930,#4931));
#979=EDGE_LOOP('',(#4932,#4933,#4934,#4935));
#980=EDGE_LOOP('',(#4936,#4937,#4938,#4939));
#981=EDGE_LOOP('',(#4940,#4941,#4942,#4943));
#982=EDGE_LOOP('',(#4944,#4945,#4946,#4947));
#983=EDGE_LOOP('',(#4948,#4949,#4950,#4951));
#984=EDGE_LOOP('',(#4952,#4953,#4954,#4955));
#985=EDGE_LOOP('',(#4956,#4957,#4958,#4959));
#986=EDGE_LOOP('',(#4960,#4961,#4962,#4963));
#987=EDGE_LOOP('',(#4964,#4965,#4966,#4967));
#988=EDGE_LOOP('',(#4968,#4969,#4970,#4971));
#989=EDGE_LOOP('',(#4972,#4973,#4974,#4975));
#990=EDGE_LOOP('',(#4976,#4977,#4978,#4979));
#991=EDGE_LOOP('',(#4980,#4981,#4982,#4983));
#992=EDGE_LOOP('',(#4984,#4985,#4986,#4987));
#993=EDGE_LOOP('',(#4988,#4989,#4990,#4991));
#994=EDGE_LOOP('',(#4992,#4993,#4994,#4995));
#995=EDGE_LOOP('',(#4996,#4997,#4998,#4999));
#996=EDGE_LOOP('',(#5000,#5001,#5002,#5003));
#997=EDGE_LOOP('',(#5004,#5005,#5006,#5007));
#998=EDGE_LOOP('',(#5008,#5009,#5010,#5011));
#999=EDGE_LOOP('',(#5012,#5013,#5014,#5015));
#1000=EDGE_LOOP('',(#5016,#5017,#5018,#5019));
#1001=EDGE_LOOP('',(#5020,#5021,#5022,#5023));
#1002=EDGE_LOOP('',(#5024,#5025,#5026,#5027));
#1003=EDGE_LOOP('',(#5028,#5029,#5030,#5031));
#1004=EDGE_LOOP('',(#5032,#5033,#5034,#5035));
#1005=EDGE_LOOP('',(#5036,#5037,#5038,#5039));
#1006=EDGE_LOOP('',(#5040,#5041,#5042,#5043));
#1007=EDGE_LOOP('',(#5044,#5045,#5046,#5047));
#1008=EDGE_LOOP('',(#5048,#5049,#5050,#5051));
#1009=EDGE_LOOP('',(#5052,#5053,#5054,#5055));
#1010=EDGE_LOOP('',(#5056,#5057,#5058,#5059));
#1011=EDGE_LOOP('',(#5060,#5061,#5062,#5063));
#1012=EDGE_LOOP('',(#5064,#5065,#5066,#5067));
#1013=EDGE_LOOP('',(#5068,#5069,#5070,#5071));
#1014=EDGE_LOOP('',(#5072,#5073,#5074,#5075));
#1015=EDGE_LOOP('',(#5076,#5077,#5078,#5079));
#1016=EDGE_LOOP('',(#5080,#5081,#5082,#5083));
#1017=EDGE_LOOP('',(#5084,#5085,#5086,#5087));
#1018=EDGE_LOOP('',(#5088,#5089,#5090,#5091));
#1019=EDGE_LOOP('',(#5092,#5093,#5094,#5095));
#1020=EDGE_LOOP('',(#5096,#5097,#5098,#5099));
#1021=EDGE_LOOP('',(#5100,#5101,#5102,#5103));
#1022=EDGE_LOOP('',(#5104,#5105,#5106,#5107));
#1023=EDGE_LOOP('',(#5108,#5109,#5110,#5111));
#1024=EDGE_LOOP('',(#5112,#5113,#5114,#5115));
#1025=EDGE_LOOP('',(#5116,#5117,#5118,#5119));
#1026=EDGE_LOOP('',(#5120,#5121,#5122,#5123));
#1027=EDGE_LOOP('',(#5124,#5125,#5126,#5127));
#1028=EDGE_LOOP('',(#5128,#5129,#5130,#5131));
#1029=EDGE_LOOP('',(#5132,#5133,#5134,#5135));
#1030=EDGE_LOOP('',(#5136,#5137,#5138,#5139));
#1031=EDGE_LOOP('',(#5140,#5141,#5142,#5143));
#1032=EDGE_LOOP('',(#5144,#5145,#5146,#5147));
#1033=EDGE_LOOP('',(#5148,#5149,#5150,#5151));
#1034=EDGE_LOOP('',(#5152,#5153,#5154,#5155));
#1035=EDGE_LOOP('',(#5156,#5157,#5158,#5159,#5160,#5161));
#1036=EDGE_LOOP('',(#5162,#5163,#5164,#5165));
#1037=EDGE_LOOP('',(#5166,#5167,#5168,#5169,#5170,#5171,#5172,#5173,#5174,
#5175,#5176,#5177,#5178,#5179,#5180,#5181,#5182,#5183,#5184,#5185,#5186,
#5187,#5188,#5189,#5190,#5191,#5192,#5193,#5194,#5195,#5196,#5197,#5198,
#5199,#5200,#5201,#5202,#5203,#5204,#5205,#5206,#5207,#5208,#5209));
#1038=EDGE_LOOP('',(#5210,#5211,#5212,#5213,#5214,#5215,#5216,#5217));
#1039=EDGE_LOOP('',(#5218,#5219,#5220,#5221,#5222,#5223,#5224,#5225));
#1040=EDGE_LOOP('',(#5226,#5227,#5228,#5229,#5230,#5231,#5232,#5233));
#1041=EDGE_LOOP('',(#5234,#5235,#5236,#5237,#5238,#5239,#5240,#5241));
#1042=EDGE_LOOP('',(#5242,#5243,#5244,#5245,#5246,#5247,#5248,#5249));
#1043=EDGE_LOOP('',(#5250,#5251,#5252,#5253,#5254,#5255,#5256,#5257));
#1044=EDGE_LOOP('',(#5258,#5259,#5260,#5261,#5262,#5263,#5264,#5265));
#1045=EDGE_LOOP('',(#5266,#5267,#5268,#5269,#5270,#5271,#5272,#5273));
#1046=EDGE_LOOP('',(#5274,#5275,#5276,#5277,#5278,#5279,#5280,#5281));
#1047=EDGE_LOOP('',(#5282,#5283,#5284,#5285,#5286,#5287,#5288,#5289));
#1048=EDGE_LOOP('',(#5290,#5291));
#1049=EDGE_LOOP('',(#5292,#5293,#5294,#5295));
#1050=EDGE_LOOP('',(#5296,#5297,#5298,#5299));
#1051=EDGE_LOOP('',(#5300,#5301,#5302,#5303));
#1052=EDGE_LOOP('',(#5304,#5305,#5306,#5307));
#1053=EDGE_LOOP('',(#5308,#5309,#5310,#5311));
#1054=EDGE_LOOP('',(#5312,#5313,#5314,#5315));
#1055=EDGE_LOOP('',(#5316,#5317,#5318,#5319));
#1056=EDGE_LOOP('',(#5320,#5321,#5322,#5323));
#1057=EDGE_LOOP('',(#5324,#5325,#5326,#5327,#5328,#5329,#5330,#5331));
#1058=EDGE_LOOP('',(#5332,#5333,#5334,#5335,#5336,#5337,#5338,#5339,#5340,
#5341,#5342,#5343,#5344,#5345));
#1059=EDGE_LOOP('',(#5346));
#1060=EDGE_LOOP('',(#5347,#5348,#5349,#5350));
#1061=EDGE_LOOP('',(#5351,#5352,#5353,#5354,#5355,#5356,#5357,#5358,#5359,
#5360));
#1062=EDGE_LOOP('',(#5361,#5362,#5363,#5364,#5365,#5366));
#1063=EDGE_LOOP('',(#5367,#5368,#5369,#5370,#5371,#5372,#5373,#5374));
#1064=EDGE_LOOP('',(#5375,#5376,#5377,#5378));
#1065=EDGE_LOOP('',(#5379,#5380,#5381,#5382,#5383,#5384));
#1066=EDGE_LOOP('',(#5385,#5386,#5387,#5388,#5389,#5390));
#1067=EDGE_LOOP('',(#5391,#5392,#5393,#5394,#5395,#5396,#5397,#5398));
#1068=EDGE_LOOP('',(#5399,#5400,#5401,#5402));
#1069=EDGE_LOOP('',(#5403,#5404,#5405,#5406));
#1070=EDGE_LOOP('',(#5407,#5408,#5409,#5410));
#1071=EDGE_LOOP('',(#5411,#5412,#5413,#5414));
#1072=EDGE_LOOP('',(#5415,#5416,#5417,#5418));
#1073=EDGE_LOOP('',(#5419,#5420,#5421,#5422));
#1074=EDGE_LOOP('',(#5423,#5424,#5425,#5426));
#1075=EDGE_LOOP('',(#5427,#5428,#5429,#5430));
#1076=EDGE_LOOP('',(#5431,#5432,#5433,#5434));
#1077=EDGE_LOOP('',(#5435,#5436,#5437,#5438));
#1078=EDGE_LOOP('',(#5439,#5440,#5441,#5442));
#1079=EDGE_LOOP('',(#5443,#5444,#5445,#5446));
#1080=EDGE_LOOP('',(#5447,#5448,#5449,#5450));
#1081=EDGE_LOOP('',(#5451,#5452,#5453,#5454));
#1082=EDGE_LOOP('',(#5455,#5456,#5457,#5458));
#1083=EDGE_LOOP('',(#5459,#5460,#5461,#5462));
#1084=EDGE_LOOP('',(#5463,#5464,#5465,#5466,#5467,#5468,#5469,#5470));
#1085=EDGE_LOOP('',(#5471,#5472,#5473,#5474));
#1086=EDGE_LOOP('',(#5475,#5476,#5477,#5478));
#1087=EDGE_LOOP('',(#5479,#5480,#5481,#5482));
#1088=EDGE_LOOP('',(#5483,#5484,#5485));
#1089=EDGE_LOOP('',(#5486,#5487,#5488,#5489));
#1090=EDGE_LOOP('',(#5490,#5491,#5492,#5493));
#1091=EDGE_LOOP('',(#5494));
#1092=EDGE_LOOP('',(#5495,#5496,#5497,#5498));
#1093=EDGE_LOOP('',(#5499));
#1094=EDGE_LOOP('',(#5500,#5501,#5502,#5503));
#1095=EDGE_LOOP('',(#5504));
#1096=EDGE_LOOP('',(#5505,#5506,#5507,#5508));
#1097=EDGE_LOOP('',(#5509));
#1098=EDGE_LOOP('',(#5510,#5511,#5512,#5513));
#1099=EDGE_LOOP('',(#5514));
#1100=EDGE_LOOP('',(#5515));
#1101=EDGE_LOOP('',(#5516,#5517,#5518,#5519));
#1102=EDGE_LOOP('',(#5520));
#1103=EDGE_LOOP('',(#5521));
#1104=EDGE_LOOP('',(#5522,#5523,#5524,#5525));
#1105=EDGE_LOOP('',(#5526));
#1106=EDGE_LOOP('',(#5527));
#1107=EDGE_LOOP('',(#5528,#5529,#5530,#5531));
#1108=EDGE_LOOP('',(#5532));
#1109=EDGE_LOOP('',(#5533));
#1110=EDGE_LOOP('',(#5534,#5535,#5536,#5537));
#1111=EDGE_LOOP('',(#5538,#5539,#5540,#5541,#5542,#5543,#5544,#5545));
#1112=EDGE_LOOP('',(#5546,#5547,#5548,#5549));
#1113=EDGE_LOOP('',(#5550));
#1114=EDGE_LOOP('',(#5551));
#1115=EDGE_LOOP('',(#5552));
#1116=EDGE_LOOP('',(#5553));
#1117=EDGE_LOOP('',(#5554,#5555,#5556,#5557));
#1118=EDGE_LOOP('',(#5558,#5559,#5560,#5561));
#1119=EDGE_LOOP('',(#5562,#5563,#5564,#5565));
#1120=EDGE_LOOP('',(#5566,#5567,#5568,#5569,#5570,#5571));
#1121=EDGE_LOOP('',(#5572,#5573,#5574,#5575));
#1122=EDGE_LOOP('',(#5576,#5577,#5578,#5579));
#1123=EDGE_LOOP('',(#5580,#5581,#5582,#5583,#5584,#5585));
#1124=EDGE_LOOP('',(#5586,#5587,#5588,#5589,#5590,#5591));
#1125=EDGE_LOOP('',(#5592,#5593,#5594,#5595));
#1126=EDGE_LOOP('',(#5596,#5597,#5598,#5599));
#1127=EDGE_LOOP('',(#5600,#5601,#5602,#5603));
#1128=EDGE_LOOP('',(#5604,#5605,#5606,#5607));
#1129=EDGE_LOOP('',(#5608,#5609,#5610,#5611));
#1130=EDGE_LOOP('',(#5612,#5613,#5614,#5615));
#1131=EDGE_LOOP('',(#5616,#5617,#5618,#5619));
#1132=EDGE_LOOP('',(#5620,#5621,#5622,#5623));
#1133=EDGE_LOOP('',(#5624,#5625,#5626,#5627));
#1134=EDGE_LOOP('',(#5628,#5629,#5630,#5631));
#1135=EDGE_LOOP('',(#5632,#5633,#5634,#5635));
#1136=EDGE_LOOP('',(#5636,#5637,#5638,#5639));
#1137=EDGE_LOOP('',(#5640,#5641,#5642,#5643));
#1138=EDGE_LOOP('',(#5644,#5645,#5646,#5647));
#1139=EDGE_LOOP('',(#5648,#5649,#5650,#5651));
#1140=EDGE_LOOP('',(#5652,#5653,#5654,#5655));
#1141=EDGE_LOOP('',(#5656,#5657,#5658,#5659));
#1142=EDGE_LOOP('',(#5660,#5661,#5662,#5663));
#1143=EDGE_LOOP('',(#5664,#5665,#5666,#5667));
#1144=EDGE_LOOP('',(#5668,#5669,#5670,#5671));
#1145=EDGE_LOOP('',(#5672,#5673,#5674,#5675));
#1146=EDGE_LOOP('',(#5676,#5677,#5678,#5679));
#1147=EDGE_LOOP('',(#5680,#5681,#5682,#5683));
#1148=EDGE_LOOP('',(#5684,#5685,#5686,#5687));
#1149=EDGE_LOOP('',(#5688,#5689,#5690,#5691));
#1150=EDGE_LOOP('',(#5692,#5693,#5694,#5695));
#1151=EDGE_LOOP('',(#5696,#5697,#5698,#5699));
#1152=EDGE_LOOP('',(#5700,#5701,#5702,#5703));
#1153=EDGE_LOOP('',(#5704,#5705,#5706,#5707,#5708,#5709));
#1154=EDGE_LOOP('',(#5710,#5711,#5712,#5713));
#1155=EDGE_LOOP('',(#5714,#5715,#5716,#5717,#5718,#5719));
#1156=EDGE_LOOP('',(#5720,#5721,#5722,#5723));
#1157=EDGE_LOOP('',(#5724,#5725,#5726,#5727));
#1158=EDGE_LOOP('',(#5728,#5729,#5730,#5731,#5732,#5733));
#1159=EDGE_LOOP('',(#5734,#5735,#5736,#5737));
#1160=EDGE_LOOP('',(#5738,#5739,#5740,#5741));
#1161=EDGE_LOOP('',(#5742,#5743,#5744,#5745));
#1162=EDGE_LOOP('',(#5746,#5747,#5748,#5749,#5750,#5751));
#1163=EDGE_LOOP('',(#5752,#5753,#5754,#5755,#5756,#5757));
#1164=EDGE_LOOP('',(#5758,#5759,#5760,#5761));
#1165=EDGE_LOOP('',(#5762,#5763,#5764,#5765));
#1166=EDGE_LOOP('',(#5766,#5767,#5768,#5769));
#1167=LINE('',#8708,#1818);
#1168=LINE('',#8710,#1819);
#1169=LINE('',#8712,#1820);
#1170=LINE('',#8713,#1821);
#1171=LINE('',#8717,#1822);
#1172=LINE('',#8719,#1823);
#1173=LINE('',#8721,#1824);
#1174=LINE('',#8722,#1825);
#1175=LINE('',#8726,#1826);
#1176=LINE('',#8728,#1827);
#1177=LINE('',#8730,#1828);
#1178=LINE('',#8731,#1829);
#1179=LINE('',#8735,#1830);
#1180=LINE('',#8737,#1831);
#1181=LINE('',#8739,#1832);
#1182=LINE('',#8740,#1833);
#1183=LINE('',#8744,#1834);
#1184=LINE('',#8746,#1835);
#1185=LINE('',#8748,#1836);
#1186=LINE('',#8749,#1837);
#1187=LINE('',#8752,#1838);
#1188=LINE('',#8754,#1839);
#1189=LINE('',#8755,#1840);
#1190=LINE('',#8760,#1841);
#1191=LINE('',#8764,#1842);
#1192=LINE('',#8768,#1843);
#1193=LINE('',#8771,#1844);
#1194=LINE('',#8772,#1845);
#1195=LINE('',#8776,#1846);
#1196=LINE('',#8780,#1847);
#1197=LINE('',#8784,#1848);
#1198=LINE('',#8789,#1849);
#1199=LINE('',#8793,#1850);
#1200=LINE('',#8797,#1851);
#1201=LINE('',#8802,#1852);
#1202=LINE('',#8806,#1853);
#1203=LINE('',#8810,#1854);
#1204=LINE('',#8814,#1855);
#1205=LINE('',#8818,#1856);
#1206=LINE('',#8822,#1857);
#1207=LINE('',#8826,#1858);
#1208=LINE('',#8830,#1859);
#1209=LINE('',#8834,#1860);
#1210=LINE('',#8838,#1861);
#1211=LINE('',#8842,#1862);
#1212=LINE('',#8846,#1863);
#1213=LINE('',#8850,#1864);
#1214=LINE('',#8854,#1865);
#1215=LINE('',#8858,#1866);
#1216=LINE('',#8862,#1867);
#1217=LINE('',#8866,#1868);
#1218=LINE('',#8870,#1869);
#1219=LINE('',#8874,#1870);
#1220=LINE('',#8878,#1871);
#1221=LINE('',#8882,#1872);
#1222=LINE('',#8886,#1873);
#1223=LINE('',#8890,#1874);
#1224=LINE('',#8894,#1875);
#1225=LINE('',#8898,#1876);
#1226=LINE('',#8902,#1877);
#1227=LINE('',#8906,#1878);
#1228=LINE('',#8910,#1879);
#1229=LINE('',#8914,#1880);
#1230=LINE('',#8918,#1881);
#1231=LINE('',#8922,#1882);
#1232=LINE('',#8926,#1883);
#1233=LINE('',#8930,#1884);
#1234=LINE('',#8934,#1885);
#1235=LINE('',#8938,#1886);
#1236=LINE('',#8944,#1887);
#1237=LINE('',#8948,#1888);
#1238=LINE('',#8952,#1889);
#1239=LINE('',#8957,#1890);
#1240=LINE('',#8961,#1891);
#1241=LINE('',#8965,#1892);
#1242=LINE('',#8970,#1893);
#1243=LINE('',#8974,#1894);
#1244=LINE('',#8978,#1895);
#1245=LINE('',#8981,#1896);
#1246=LINE('',#8982,#1897);
#1247=LINE('',#8986,#1898);
#1248=LINE('',#8990,#1899);
#1249=LINE('',#8994,#1900);
#1250=LINE('',#8998,#1901);
#1251=LINE('',#9002,#1902);
#1252=LINE('',#9006,#1903);
#1253=LINE('',#9010,#1904);
#1254=LINE('',#9014,#1905);
#1255=LINE('',#9018,#1906);
#1256=LINE('',#9022,#1907);
#1257=LINE('',#9026,#1908);
#1258=LINE('',#9030,#1909);
#1259=LINE('',#9034,#1910);
#1260=LINE('',#9038,#1911);
#1261=LINE('',#9042,#1912);
#1262=LINE('',#9046,#1913);
#1263=LINE('',#9050,#1914);
#1264=LINE('',#9054,#1915);
#1265=LINE('',#9058,#1916);
#1266=LINE('',#9062,#1917);
#1267=LINE('',#9066,#1918);
#1268=LINE('',#9070,#1919);
#1269=LINE('',#9074,#1920);
#1270=LINE('',#9078,#1921);
#1271=LINE('',#9082,#1922);
#1272=LINE('',#9086,#1923);
#1273=LINE('',#9090,#1924);
#1274=LINE('',#9094,#1925);
#1275=LINE('',#9098,#1926);
#1276=LINE('',#9102,#1927);
#1277=LINE('',#9106,#1928);
#1278=LINE('',#9110,#1929);
#1279=LINE('',#9114,#1930);
#1280=LINE('',#9118,#1931);
#1281=LINE('',#9122,#1932);
#1282=LINE('',#9125,#1933);
#1283=LINE('',#9127,#1934);
#1284=LINE('',#9129,#1935);
#1285=LINE('',#9131,#1936);
#1286=LINE('',#9133,#1937);
#1287=LINE('',#9135,#1938);
#1288=LINE('',#9137,#1939);
#1289=LINE('',#9138,#1940);
#1290=LINE('',#9140,#1941);
#1291=LINE('',#9142,#1942);
#1292=LINE('',#9144,#1943);
#1293=LINE('',#9146,#1944);
#1294=LINE('',#9147,#1945);
#1295=LINE('',#9149,#1946);
#1296=LINE('',#9151,#1947);
#1297=LINE('',#9153,#1948);
#1298=LINE('',#9155,#1949);
#1299=LINE('',#9157,#1950);
#1300=LINE('',#9159,#1951);
#1301=LINE('',#9161,#1952);
#1302=LINE('',#9163,#1953);
#1303=LINE('',#9165,#1954);
#1304=LINE('',#9167,#1955);
#1305=LINE('',#9168,#1956);
#1306=LINE('',#9170,#1957);
#1307=LINE('',#9172,#1958);
#1308=LINE('',#9174,#1959);
#1309=LINE('',#9176,#1960);
#1310=LINE('',#9177,#1961);
#1311=LINE('',#9179,#1962);
#1312=LINE('',#9181,#1963);
#1313=LINE('',#9183,#1964);
#1314=LINE('',#9185,#1965);
#1315=LINE('',#9186,#1966);
#1316=LINE('',#9188,#1967);
#1317=LINE('',#9190,#1968);
#1318=LINE('',#9192,#1969);
#1319=LINE('',#9194,#1970);
#1320=LINE('',#9195,#1971);
#1321=LINE('',#9197,#1972);
#1322=LINE('',#9199,#1973);
#1323=LINE('',#9201,#1974);
#1324=LINE('',#9203,#1975);
#1325=LINE('',#9204,#1976);
#1326=LINE('',#9206,#1977);
#1327=LINE('',#9208,#1978);
#1328=LINE('',#9210,#1979);
#1329=LINE('',#9212,#1980);
#1330=LINE('',#9213,#1981);
#1331=LINE('',#9215,#1982);
#1332=LINE('',#9217,#1983);
#1333=LINE('',#9219,#1984);
#1334=LINE('',#9221,#1985);
#1335=LINE('',#9223,#1986);
#1336=LINE('',#9225,#1987);
#1337=LINE('',#9227,#1988);
#1338=LINE('',#9230,#1989);
#1339=LINE('',#9232,#1990);
#1340=LINE('',#9234,#1991);
#1341=LINE('',#9237,#1992);
#1342=LINE('',#9239,#1993);
#1343=LINE('',#9241,#1994);
#1344=LINE('',#9244,#1995);
#1345=LINE('',#9246,#1996);
#1346=LINE('',#9248,#1997);
#1347=LINE('',#9251,#1998);
#1348=LINE('',#9253,#1999);
#1349=LINE('',#9255,#2000);
#1350=LINE('',#9258,#2001);
#1351=LINE('',#9260,#2002);
#1352=LINE('',#9262,#2003);
#1353=LINE('',#9265,#2004);
#1354=LINE('',#9267,#2005);
#1355=LINE('',#9269,#2006);
#1356=LINE('',#9272,#2007);
#1357=LINE('',#9274,#2008);
#1358=LINE('',#9276,#2009);
#1359=LINE('',#9279,#2010);
#1360=LINE('',#9281,#2011);
#1361=LINE('',#9283,#2012);
#1362=LINE('',#9286,#2013);
#1363=LINE('',#9288,#2014);
#1364=LINE('',#9290,#2015);
#1365=LINE('',#9293,#2016);
#1366=LINE('',#9295,#2017);
#1367=LINE('',#9297,#2018);
#1368=LINE('',#9300,#2019);
#1369=LINE('',#9302,#2020);
#1370=LINE('',#9304,#2021);
#1371=LINE('',#9312,#2022);
#1372=LINE('',#9315,#2023);
#1373=LINE('',#9318,#2024);
#1374=LINE('',#9320,#2025);
#1375=LINE('',#9321,#2026);
#1376=LINE('',#9327,#2027);
#1377=LINE('',#9330,#2028);
#1378=LINE('',#9333,#2029);
#1379=LINE('',#9335,#2030);
#1380=LINE('',#9336,#2031);
#1381=LINE('',#9340,#2032);
#1382=LINE('',#9342,#2033);
#1383=LINE('',#9344,#2034);
#1384=LINE('',#9345,#2035);
#1385=LINE('',#9346,#2036);
#1386=LINE('',#9350,#2037);
#1387=LINE('',#9353,#2038);
#1388=LINE('',#9359,#2039);
#1389=LINE('',#9362,#2040);
#1390=LINE('',#9365,#2041);
#1391=LINE('',#9367,#2042);
#1392=LINE('',#9368,#2043);
#1393=LINE('',#9374,#2044);
#1394=LINE('',#9377,#2045);
#1395=LINE('',#9379,#2046);
#1396=LINE('',#9380,#2047);
#1397=LINE('',#9386,#2048);
#1398=LINE('',#9389,#2049);
#1399=LINE('',#9391,#2050);
#1400=LINE('',#9392,#2051);
#1401=LINE('',#9398,#2052);
#1402=LINE('',#9400,#2053);
#1403=LINE('',#9401,#2054);
#1404=LINE('',#9405,#2055);
#1405=LINE('',#9407,#2056);
#1406=LINE('',#9409,#2057);
#1407=LINE('',#9411,#2058);
#1408=LINE('',#9413,#2059);
#1409=LINE('',#9415,#2060);
#1410=LINE('',#9417,#2061);
#1411=LINE('',#9418,#2062);
#1412=LINE('',#9421,#2063);
#1413=LINE('',#9423,#2064);
#1414=LINE('',#9424,#2065);
#1415=LINE('',#9428,#2066);
#1416=LINE('',#9429,#2067);
#1417=LINE('',#9430,#2068);
#1418=LINE('',#9432,#2069);
#1419=LINE('',#9433,#2070);
#1420=LINE('',#9435,#2071);
#1421=LINE('',#9437,#2072);
#1422=LINE('',#9439,#2073);
#1423=LINE('',#9441,#2074);
#1424=LINE('',#9442,#2075);
#1425=LINE('',#9446,#2076);
#1426=LINE('',#9448,#2077);
#1427=LINE('',#9450,#2078);
#1428=LINE('',#9451,#2079);
#1429=LINE('',#9455,#2080);
#1430=LINE('',#9457,#2081);
#1431=LINE('',#9459,#2082);
#1432=LINE('',#9460,#2083);
#1433=LINE('',#9464,#2084);
#1434=LINE('',#9466,#2085);
#1435=LINE('',#9468,#2086);
#1436=LINE('',#9469,#2087);
#1437=LINE('',#9473,#2088);
#1438=LINE('',#9475,#2089);
#1439=LINE('',#9477,#2090);
#1440=LINE('',#9478,#2091);
#1441=LINE('',#9482,#2092);
#1442=LINE('',#9484,#2093);
#1443=LINE('',#9486,#2094);
#1444=LINE('',#9487,#2095);
#1445=LINE('',#9489,#2096);
#1446=LINE('',#9490,#2097);
#1447=LINE('',#9493,#2098);
#1448=LINE('',#9497,#2099);
#1449=LINE('',#9501,#2100);
#1450=LINE('',#9505,#2101);
#1451=LINE('',#9510,#2102);
#1452=LINE('',#9514,#2103);
#1453=LINE('',#9518,#2104);
#1454=LINE('',#9523,#2105);
#1455=LINE('',#9527,#2106);
#1456=LINE('',#9531,#2107);
#1457=LINE('',#9536,#2108);
#1458=LINE('',#9540,#2109);
#1459=LINE('',#9544,#2110);
#1460=LINE('',#9547,#2111);
#1461=LINE('',#9548,#2112);
#1462=LINE('',#9551,#2113);
#1463=LINE('',#9555,#2114);
#1464=LINE('',#9559,#2115);
#1465=LINE('',#9563,#2116);
#1466=LINE('',#9567,#2117);
#1467=LINE('',#9571,#2118);
#1468=LINE('',#9575,#2119);
#1469=LINE('',#9579,#2120);
#1470=LINE('',#9583,#2121);
#1471=LINE('',#9587,#2122);
#1472=LINE('',#9591,#2123);
#1473=LINE('',#9595,#2124);
#1474=LINE('',#9599,#2125);
#1475=LINE('',#9603,#2126);
#1476=LINE('',#9607,#2127);
#1477=LINE('',#9611,#2128);
#1478=LINE('',#9615,#2129);
#1479=LINE('',#9619,#2130);
#1480=LINE('',#9623,#2131);
#1481=LINE('',#9627,#2132);
#1482=LINE('',#9631,#2133);
#1483=LINE('',#9635,#2134);
#1484=LINE('',#9639,#2135);
#1485=LINE('',#9643,#2136);
#1486=LINE('',#9647,#2137);
#1487=LINE('',#9651,#2138);
#1488=LINE('',#9655,#2139);
#1489=LINE('',#9659,#2140);
#1490=LINE('',#9663,#2141);
#1491=LINE('',#9667,#2142);
#1492=LINE('',#9671,#2143);
#1493=LINE('',#9675,#2144);
#1494=LINE('',#9680,#2145);
#1495=LINE('',#9683,#2146);
#1496=LINE('',#9684,#2147);
#1497=LINE('',#9688,#2148);
#1498=LINE('',#9692,#2149);
#1499=LINE('',#9695,#2150);
#1500=LINE('',#9696,#2151);
#1501=LINE('',#9700,#2152);
#1502=LINE('',#9704,#2153);
#1503=LINE('',#9705,#2154);
#1504=LINE('',#9706,#2155);
#1505=LINE('',#9710,#2156);
#1506=LINE('',#9713,#2157);
#1507=LINE('',#9714,#2158);
#1508=LINE('',#9718,#2159);
#1509=LINE('',#9722,#2160);
#1510=LINE('',#9723,#2161);
#1511=LINE('',#9724,#2162);
#1512=LINE('',#9728,#2163);
#1513=LINE('',#9731,#2164);
#1514=LINE('',#9732,#2165);
#1515=LINE('',#9736,#2166);
#1516=LINE('',#9740,#2167);
#1517=LINE('',#9743,#2168);
#1518=LINE('',#9744,#2169);
#1519=LINE('',#9748,#2170);
#1520=LINE('',#9752,#2171);
#1521=LINE('',#9755,#2172);
#1522=LINE('',#9756,#2173);
#1523=LINE('',#9760,#2174);
#1524=LINE('',#9764,#2175);
#1525=LINE('',#9765,#2176);
#1526=LINE('',#9766,#2177);
#1527=LINE('',#9770,#2178);
#1528=LINE('',#9773,#2179);
#1529=LINE('',#9774,#2180);
#1530=LINE('',#9778,#2181);
#1531=LINE('',#9782,#2182);
#1532=LINE('',#9783,#2183);
#1533=LINE('',#9784,#2184);
#1534=LINE('',#9788,#2185);
#1535=LINE('',#9791,#2186);
#1536=LINE('',#9792,#2187);
#1537=LINE('',#9796,#2188);
#1538=LINE('',#9800,#2189);
#1539=LINE('',#9801,#2190);
#1540=LINE('',#9802,#2191);
#1541=LINE('',#9806,#2192);
#1542=LINE('',#9809,#2193);
#1543=LINE('',#9810,#2194);
#1544=LINE('',#9814,#2195);
#1545=LINE('',#9818,#2196);
#1546=LINE('',#9819,#2197);
#1547=LINE('',#9820,#2198);
#1548=LINE('',#9824,#2199);
#1549=LINE('',#9827,#2200);
#1550=LINE('',#9828,#2201);
#1551=LINE('',#9832,#2202);
#1552=LINE('',#9836,#2203);
#1553=LINE('',#9837,#2204);
#1554=LINE('',#9838,#2205);
#1555=LINE('',#9842,#2206);
#1556=LINE('',#9845,#2207);
#1557=LINE('',#9846,#2208);
#1558=LINE('',#9850,#2209);
#1559=LINE('',#9854,#2210);
#1560=LINE('',#9855,#2211);
#1561=LINE('',#9856,#2212);
#1562=LINE('',#9860,#2213);
#1563=LINE('',#9863,#2214);
#1564=LINE('',#9864,#2215);
#1565=LINE('',#9868,#2216);
#1566=LINE('',#9871,#2217);
#1567=LINE('',#9872,#2218);
#1568=LINE('',#9876,#2219);
#1569=LINE('',#9879,#2220);
#1570=LINE('',#9880,#2221);
#1571=LINE('',#9884,#2222);
#1572=LINE('',#9886,#2223);
#1573=LINE('',#9890,#2224);
#1574=LINE('',#9893,#2225);
#1575=LINE('',#9894,#2226);
#1576=LINE('',#9898,#2227);
#1577=LINE('',#9900,#2228);
#1578=LINE('',#9904,#2229);
#1579=LINE('',#9907,#2230);
#1580=LINE('',#9908,#2231);
#1581=LINE('',#9912,#2232);
#1582=LINE('',#9914,#2233);
#1583=LINE('',#9918,#2234);
#1584=LINE('',#9921,#2235);
#1585=LINE('',#9922,#2236);
#1586=LINE('',#9926,#2237);
#1587=LINE('',#9928,#2238);
#1588=LINE('',#9932,#2239);
#1589=LINE('',#9935,#2240);
#1590=LINE('',#9936,#2241);
#1591=LINE('',#9940,#2242);
#1592=LINE('',#9942,#2243);
#1593=LINE('',#9946,#2244);
#1594=LINE('',#9949,#2245);
#1595=LINE('',#9950,#2246);
#1596=LINE('',#9954,#2247);
#1597=LINE('',#9956,#2248);
#1598=LINE('',#9960,#2249);
#1599=LINE('',#9963,#2250);
#1600=LINE('',#9964,#2251);
#1601=LINE('',#9968,#2252);
#1602=LINE('',#9970,#2253);
#1603=LINE('',#9974,#2254);
#1604=LINE('',#9977,#2255);
#1605=LINE('',#9978,#2256);
#1606=LINE('',#9982,#2257);
#1607=LINE('',#9984,#2258);
#1608=LINE('',#9988,#2259);
#1609=LINE('',#9991,#2260);
#1610=LINE('',#9992,#2261);
#1611=LINE('',#9996,#2262);
#1612=LINE('',#9998,#2263);
#1613=LINE('',#10002,#2264);
#1614=LINE('',#10005,#2265);
#1615=LINE('',#10006,#2266);
#1616=LINE('',#10010,#2267);
#1617=LINE('',#10012,#2268);
#1618=LINE('',#10016,#2269);
#1619=LINE('',#10019,#2270);
#1620=LINE('',#10020,#2271);
#1621=LINE('',#10024,#2272);
#1622=LINE('',#10026,#2273);
#1623=LINE('',#10030,#2274);
#1624=LINE('',#10033,#2275);
#1625=LINE('',#10034,#2276);
#1626=LINE('',#10038,#2277);
#1627=LINE('',#10040,#2278);
#1628=LINE('',#10043,#2279);
#1629=LINE('',#10045,#2280);
#1630=LINE('',#10047,#2281);
#1631=LINE('',#10048,#2282);
#1632=LINE('',#10052,#2283);
#1633=LINE('',#10054,#2284);
#1634=LINE('',#10056,#2285);
#1635=LINE('',#10057,#2286);
#1636=LINE('',#10060,#2287);
#1637=LINE('',#10062,#2288);
#1638=LINE('',#10063,#2289);
#1639=LINE('',#10069,#2290);
#1640=LINE('',#10073,#2291);
#1641=LINE('',#10077,#2292);
#1642=LINE('',#10080,#2293);
#1643=LINE('',#10086,#2294);
#1644=LINE('',#10088,#2295);
#1645=LINE('',#10089,#2296);
#1646=LINE('',#10093,#2297);
#1647=LINE('',#10095,#2298);
#1648=LINE('',#10097,#2299);
#1649=LINE('',#10098,#2300);
#1650=LINE('',#10102,#2301);
#1651=LINE('',#10103,#2302);
#1652=LINE('',#10104,#2303);
#1653=LINE('',#10108,#2304);
#1654=LINE('',#10110,#2305);
#1655=LINE('',#10112,#2306);
#1656=LINE('',#10113,#2307);
#1657=LINE('',#10116,#2308);
#1658=LINE('',#10118,#2309);
#1659=LINE('',#10119,#2310);
#1660=LINE('',#10122,#2311);
#1661=LINE('',#10124,#2312);
#1662=LINE('',#10125,#2313);
#1663=LINE('',#10127,#2314);
#1664=LINE('',#10128,#2315);
#1665=LINE('',#10131,#2316);
#1666=LINE('',#10132,#2317);
#1667=LINE('',#10133,#2318);
#1668=LINE('',#10134,#2319);
#1669=LINE('',#10139,#2320);
#1670=LINE('',#10141,#2321);
#1671=LINE('',#10142,#2322);
#1672=LINE('',#10144,#2323);
#1673=LINE('',#10146,#2324);
#1674=LINE('',#10147,#2325);
#1675=LINE('',#10149,#2326);
#1676=LINE('',#10151,#2327);
#1677=LINE('',#10152,#2328);
#1678=LINE('',#10155,#2329);
#1679=LINE('',#10157,#2330);
#1680=LINE('',#10160,#2331);
#1681=LINE('',#10163,#2332);
#1682=LINE('',#10166,#2333);
#1683=LINE('',#10170,#2334);
#1684=LINE('',#10172,#2335);
#1685=LINE('',#10174,#2336);
#1686=LINE('',#10175,#2337);
#1687=LINE('',#10180,#2338);
#1688=LINE('',#10187,#2339);
#1689=LINE('',#10190,#2340);
#1690=LINE('',#10196,#2341);
#1691=LINE('',#10199,#2342);
#1692=LINE('',#10201,#2343);
#1693=LINE('',#10202,#2344);
#1694=LINE('',#10208,#2345);
#1695=LINE('',#10210,#2346);
#1696=LINE('',#10211,#2347);
#1697=LINE('',#10238,#2348);
#1698=LINE('',#10262,#2349);
#1699=LINE('',#10266,#2350);
#1700=LINE('',#10269,#2351);
#1701=LINE('',#10271,#2352);
#1702=LINE('',#10283,#2353);
#1703=LINE('',#10290,#2354);
#1704=LINE('',#10297,#2355);
#1705=LINE('',#10304,#2356);
#1706=LINE('',#10311,#2357);
#1707=LINE('',#10318,#2358);
#1708=LINE('',#10325,#2359);
#1709=LINE('',#10332,#2360);
#1710=LINE('',#10337,#2361);
#1711=LINE('',#10339,#2362);
#1712=LINE('',#10341,#2363);
#1713=LINE('',#10342,#2364);
#1714=LINE('',#10345,#2365);
#1715=LINE('',#10347,#2366);
#1716=LINE('',#10348,#2367);
#1717=LINE('',#10351,#2368);
#1718=LINE('',#10352,#2369);
#1719=LINE('',#10355,#2370);
#1720=LINE('',#10357,#2371);
#1721=LINE('',#10359,#2372);
#1722=LINE('',#10360,#2373);
#1723=LINE('',#10363,#2374);
#1724=LINE('',#10365,#2375);
#1725=LINE('',#10366,#2376);
#1726=LINE('',#10369,#2377);
#1727=LINE('',#10371,#2378);
#1728=LINE('',#10372,#2379);
#1729=LINE('',#10374,#2380);
#1730=LINE('',#10375,#2381);
#1731=LINE('',#10381,#2382);
#1732=LINE('',#10383,#2383);
#1733=LINE('',#10385,#2384);
#1734=LINE('',#10386,#2385);
#1735=LINE('',#10389,#2386);
#1736=LINE('',#10391,#2387);
#1737=LINE('',#10392,#2388);
#1738=LINE('',#10395,#2389);
#1739=LINE('',#10397,#2390);
#1740=LINE('',#10398,#2391);
#1741=LINE('',#10400,#2392);
#1742=LINE('',#10401,#2393);
#1743=LINE('',#10407,#2394);
#1744=LINE('',#10409,#2395);
#1745=LINE('',#10411,#2396);
#1746=LINE('',#10412,#2397);
#1747=LINE('',#10415,#2398);
#1748=LINE('',#10417,#2399);
#1749=LINE('',#10418,#2400);
#1750=LINE('',#10421,#2401);
#1751=LINE('',#10423,#2402);
#1752=LINE('',#10424,#2403);
#1753=LINE('',#10426,#2404);
#1754=LINE('',#10427,#2405);
#1755=LINE('',#10433,#2406);
#1756=LINE('',#10435,#2407);
#1757=LINE('',#10437,#2408);
#1758=LINE('',#10438,#2409);
#1759=LINE('',#10441,#2410);
#1760=LINE('',#10443,#2411);
#1761=LINE('',#10444,#2412);
#1762=LINE('',#10447,#2413);
#1763=LINE('',#10449,#2414);
#1764=LINE('',#10450,#2415);
#1765=LINE('',#10452,#2416);
#1766=LINE('',#10453,#2417);
#1767=LINE('',#10459,#2418);
#1768=LINE('',#10461,#2419);
#1769=LINE('',#10463,#2420);
#1770=LINE('',#10464,#2421);
#1771=LINE('',#10467,#2422);
#1772=LINE('',#10469,#2423);
#1773=LINE('',#10470,#2424);
#1774=LINE('',#10473,#2425);
#1775=LINE('',#10475,#2426);
#1776=LINE('',#10476,#2427);
#1777=LINE('',#10478,#2428);
#1778=LINE('',#10479,#2429);
#1779=LINE('',#10485,#2430);
#1780=LINE('',#10487,#2431);
#1781=LINE('',#10489,#2432);
#1782=LINE('',#10490,#2433);
#1783=LINE('',#10493,#2434);
#1784=LINE('',#10495,#2435);
#1785=LINE('',#10496,#2436);
#1786=LINE('',#10499,#2437);
#1787=LINE('',#10500,#2438);
#1788=LINE('',#10503,#2439);
#1789=LINE('',#10505,#2440);
#1790=LINE('',#10507,#2441);
#1791=LINE('',#10508,#2442);
#1792=LINE('',#10512,#2443);
#1793=LINE('',#10514,#2444);
#1794=LINE('',#10516,#2445);
#1795=LINE('',#10517,#2446);
#1796=LINE('',#10519,#2447);
#1797=LINE('',#10520,#2448);
#1798=LINE('',#10522,#2449);
#1799=LINE('',#10523,#2450);
#1800=LINE('',#10529,#2451);
#1801=LINE('',#10531,#2452);
#1802=LINE('',#10533,#2453);
#1803=LINE('',#10534,#2454);
#1804=LINE('',#10537,#2455);
#1805=LINE('',#10539,#2456);
#1806=LINE('',#10540,#2457);
#1807=LINE('',#10543,#2458);
#1808=LINE('',#10545,#2459);
#1809=LINE('',#10546,#2460);
#1810=LINE('',#10549,#2461);
#1811=LINE('',#10551,#2462);
#1812=LINE('',#10552,#2463);
#1813=LINE('',#10555,#2464);
#1814=LINE('',#10557,#2465);
#1815=LINE('',#10558,#2466);
#1816=LINE('',#10560,#2467);
#1817=LINE('',#10561,#2468);
#1818=VECTOR('',#6904,10.);
#1819=VECTOR('',#6905,10.);
#1820=VECTOR('',#6906,10.);
#1821=VECTOR('',#6907,10.);
#1822=VECTOR('',#6910,10.);
#1823=VECTOR('',#6911,10.);
#1824=VECTOR('',#6912,10.);
#1825=VECTOR('',#6913,10.);
#1826=VECTOR('',#6916,10.);
#1827=VECTOR('',#6917,10.);
#1828=VECTOR('',#6918,10.);
#1829=VECTOR('',#6919,10.);
#1830=VECTOR('',#6922,10.);
#1831=VECTOR('',#6923,10.);
#1832=VECTOR('',#6924,10.);
#1833=VECTOR('',#6925,10.);
#1834=VECTOR('',#6928,10.);
#1835=VECTOR('',#6929,10.);
#1836=VECTOR('',#6930,10.);
#1837=VECTOR('',#6931,10.);
#1838=VECTOR('',#6934,10.);
#1839=VECTOR('',#6935,10.);
#1840=VECTOR('',#6936,10.);
#1841=VECTOR('',#6941,10.);
#1842=VECTOR('',#6944,10.);
#1843=VECTOR('',#6947,10.);
#1844=VECTOR('',#6950,10.);
#1845=VECTOR('',#6951,10.);
#1846=VECTOR('',#6954,10.);
#1847=VECTOR('',#6957,10.);
#1848=VECTOR('',#6960,10.);
#1849=VECTOR('',#6965,10.);
#1850=VECTOR('',#6968,10.);
#1851=VECTOR('',#6971,10.);
#1852=VECTOR('',#6976,10.);
#1853=VECTOR('',#6979,10.);
#1854=VECTOR('',#6982,10.);
#1855=VECTOR('',#6985,10.);
#1856=VECTOR('',#6988,10.);
#1857=VECTOR('',#6991,10.);
#1858=VECTOR('',#6994,10.);
#1859=VECTOR('',#6997,10.);
#1860=VECTOR('',#7000,10.);
#1861=VECTOR('',#7003,10.);
#1862=VECTOR('',#7006,10.);
#1863=VECTOR('',#7009,10.);
#1864=VECTOR('',#7012,10.);
#1865=VECTOR('',#7015,10.);
#1866=VECTOR('',#7018,10.);
#1867=VECTOR('',#7021,10.);
#1868=VECTOR('',#7024,10.);
#1869=VECTOR('',#7027,10.);
#1870=VECTOR('',#7030,10.);
#1871=VECTOR('',#7033,10.);
#1872=VECTOR('',#7036,10.);
#1873=VECTOR('',#7039,10.);
#1874=VECTOR('',#7042,10.);
#1875=VECTOR('',#7045,10.);
#1876=VECTOR('',#7048,10.);
#1877=VECTOR('',#7051,10.);
#1878=VECTOR('',#7054,10.);
#1879=VECTOR('',#7057,10.);
#1880=VECTOR('',#7060,10.);
#1881=VECTOR('',#7063,10.);
#1882=VECTOR('',#7066,10.);
#1883=VECTOR('',#7069,10.);
#1884=VECTOR('',#7072,10.);
#1885=VECTOR('',#7075,10.);
#1886=VECTOR('',#7078,10.);
#1887=VECTOR('',#7085,10.);
#1888=VECTOR('',#7088,10.);
#1889=VECTOR('',#7091,10.);
#1890=VECTOR('',#7096,10.);
#1891=VECTOR('',#7099,10.);
#1892=VECTOR('',#7102,10.);
#1893=VECTOR('',#7107,10.);
#1894=VECTOR('',#7110,10.);
#1895=VECTOR('',#7113,10.);
#1896=VECTOR('',#7116,10.);
#1897=VECTOR('',#7117,10.);
#1898=VECTOR('',#7120,10.);
#1899=VECTOR('',#7123,10.);
#1900=VECTOR('',#7126,10.);
#1901=VECTOR('',#7129,10.);
#1902=VECTOR('',#7132,10.);
#1903=VECTOR('',#7135,10.);
#1904=VECTOR('',#7138,10.);
#1905=VECTOR('',#7141,10.);
#1906=VECTOR('',#7144,10.);
#1907=VECTOR('',#7147,10.);
#1908=VECTOR('',#7150,10.);
#1909=VECTOR('',#7153,10.);
#1910=VECTOR('',#7156,10.);
#1911=VECTOR('',#7159,10.);
#1912=VECTOR('',#7162,10.);
#1913=VECTOR('',#7165,10.);
#1914=VECTOR('',#7168,10.);
#1915=VECTOR('',#7171,10.);
#1916=VECTOR('',#7174,10.);
#1917=VECTOR('',#7177,10.);
#1918=VECTOR('',#7180,10.);
#1919=VECTOR('',#7183,10.);
#1920=VECTOR('',#7186,10.);
#1921=VECTOR('',#7189,10.);
#1922=VECTOR('',#7192,10.);
#1923=VECTOR('',#7195,10.);
#1924=VECTOR('',#7198,10.);
#1925=VECTOR('',#7201,10.);
#1926=VECTOR('',#7204,10.);
#1927=VECTOR('',#7207,10.);
#1928=VECTOR('',#7210,10.);
#1929=VECTOR('',#7213,10.);
#1930=VECTOR('',#7216,10.);
#1931=VECTOR('',#7219,10.);
#1932=VECTOR('',#7222,10.);
#1933=VECTOR('',#7227,10.);
#1934=VECTOR('',#7230,10.);
#1935=VECTOR('',#7233,10.);
#1936=VECTOR('',#7236,10.);
#1937=VECTOR('',#7239,10.);
#1938=VECTOR('',#7242,10.);
#1939=VECTOR('',#7245,10.);
#1940=VECTOR('',#7246,10.);
#1941=VECTOR('',#7249,10.);
#1942=VECTOR('',#7252,10.);
#1943=VECTOR('',#7255,10.);
#1944=VECTOR('',#7258,10.);
#1945=VECTOR('',#7259,10.);
#1946=VECTOR('',#7262,10.);
#1947=VECTOR('',#7265,10.);
#1948=VECTOR('',#7268,10.);
#1949=VECTOR('',#7271,10.);
#1950=VECTOR('',#7274,10.);
#1951=VECTOR('',#7277,10.);
#1952=VECTOR('',#7280,10.);
#1953=VECTOR('',#7283,10.);
#1954=VECTOR('',#7286,10.);
#1955=VECTOR('',#7289,10.);
#1956=VECTOR('',#7290,10.);
#1957=VECTOR('',#7293,10.);
#1958=VECTOR('',#7296,10.);
#1959=VECTOR('',#7299,10.);
#1960=VECTOR('',#7302,10.);
#1961=VECTOR('',#7303,10.);
#1962=VECTOR('',#7306,10.);
#1963=VECTOR('',#7309,10.);
#1964=VECTOR('',#7312,10.);
#1965=VECTOR('',#7315,10.);
#1966=VECTOR('',#7316,10.);
#1967=VECTOR('',#7319,10.);
#1968=VECTOR('',#7322,10.);
#1969=VECTOR('',#7325,10.);
#1970=VECTOR('',#7328,10.);
#1971=VECTOR('',#7329,10.);
#1972=VECTOR('',#7332,10.);
#1973=VECTOR('',#7335,10.);
#1974=VECTOR('',#7338,10.);
#1975=VECTOR('',#7341,10.);
#1976=VECTOR('',#7342,10.);
#1977=VECTOR('',#7345,10.);
#1978=VECTOR('',#7348,10.);
#1979=VECTOR('',#7351,10.);
#1980=VECTOR('',#7354,10.);
#1981=VECTOR('',#7355,10.);
#1982=VECTOR('',#7358,10.);
#1983=VECTOR('',#7361,10.);
#1984=VECTOR('',#7364,10.);
#1985=VECTOR('',#7367,10.);
#1986=VECTOR('',#7370,10.);
#1987=VECTOR('',#7373,10.);
#1988=VECTOR('',#7376,10.);
#1989=VECTOR('',#7381,10.);
#1990=VECTOR('',#7384,10.);
#1991=VECTOR('',#7387,10.);
#1992=VECTOR('',#7392,10.);
#1993=VECTOR('',#7395,10.);
#1994=VECTOR('',#7398,10.);
#1995=VECTOR('',#7403,10.);
#1996=VECTOR('',#7406,10.);
#1997=VECTOR('',#7409,10.);
#1998=VECTOR('',#7414,10.);
#1999=VECTOR('',#7417,10.);
#2000=VECTOR('',#7420,10.);
#2001=VECTOR('',#7425,10.);
#2002=VECTOR('',#7428,10.);
#2003=VECTOR('',#7431,10.);
#2004=VECTOR('',#7436,10.);
#2005=VECTOR('',#7439,10.);
#2006=VECTOR('',#7442,10.);
#2007=VECTOR('',#7447,10.);
#2008=VECTOR('',#7450,10.);
#2009=VECTOR('',#7453,10.);
#2010=VECTOR('',#7458,10.);
#2011=VECTOR('',#7461,10.);
#2012=VECTOR('',#7464,10.);
#2013=VECTOR('',#7469,10.);
#2014=VECTOR('',#7472,10.);
#2015=VECTOR('',#7475,10.);
#2016=VECTOR('',#7480,10.);
#2017=VECTOR('',#7483,10.);
#2018=VECTOR('',#7486,10.);
#2019=VECTOR('',#7491,10.);
#2020=VECTOR('',#7494,10.);
#2021=VECTOR('',#7497,10.);
#2022=VECTOR('',#7506,10.);
#2023=VECTOR('',#7509,10.);
#2024=VECTOR('',#7512,10.);
#2025=VECTOR('',#7513,10.);
#2026=VECTOR('',#7514,10.);
#2027=VECTOR('',#7519,10.);
#2028=VECTOR('',#7522,10.);
#2029=VECTOR('',#7525,10.);
#2030=VECTOR('',#7526,10.);
#2031=VECTOR('',#7527,10.);
#2032=VECTOR('',#7530,10.);
#2033=VECTOR('',#7531,10.);
#2034=VECTOR('',#7532,10.);
#2035=VECTOR('',#7533,10.);
#2036=VECTOR('',#7534,10.);
#2037=VECTOR('',#7537,10.);
#2038=VECTOR('',#7542,10.);
#2039=VECTOR('',#7547,10.);
#2040=VECTOR('',#7550,10.);
#2041=VECTOR('',#7553,10.);
#2042=VECTOR('',#7554,10.);
#2043=VECTOR('',#7555,10.);
#2044=VECTOR('',#7562,10.);
#2045=VECTOR('',#7565,10.);
#2046=VECTOR('',#7566,10.);
#2047=VECTOR('',#7567,10.);
#2048=VECTOR('',#7574,10.);
#2049=VECTOR('',#7577,10.);
#2050=VECTOR('',#7578,10.);
#2051=VECTOR('',#7579,10.);
#2052=VECTOR('',#7586,10.);
#2053=VECTOR('',#7589,10.);
#2054=VECTOR('',#7590,10.);
#2055=VECTOR('',#7593,10.);
#2056=VECTOR('',#7594,10.);
#2057=VECTOR('',#7595,10.);
#2058=VECTOR('',#7596,10.);
#2059=VECTOR('',#7597,10.);
#2060=VECTOR('',#7598,10.);
#2061=VECTOR('',#7599,10.);
#2062=VECTOR('',#7600,10.);
#2063=VECTOR('',#7603,10.);
#2064=VECTOR('',#7604,10.);
#2065=VECTOR('',#7605,10.);
#2066=VECTOR('',#7608,10.);
#2067=VECTOR('',#7609,10.);
#2068=VECTOR('',#7610,10.);
#2069=VECTOR('',#7613,10.);
#2070=VECTOR('',#7614,10.);
#2071=VECTOR('',#7615,10.);
#2072=VECTOR('',#7616,10.);
#2073=VECTOR('',#7617,10.);
#2074=VECTOR('',#7618,10.);
#2075=VECTOR('',#7619,10.);
#2076=VECTOR('',#7622,10.);
#2077=VECTOR('',#7623,10.);
#2078=VECTOR('',#7624,10.);
#2079=VECTOR('',#7625,10.);
#2080=VECTOR('',#7628,10.);
#2081=VECTOR('',#7629,10.);
#2082=VECTOR('',#7630,10.);
#2083=VECTOR('',#7631,10.);
#2084=VECTOR('',#7634,10.);
#2085=VECTOR('',#7635,10.);
#2086=VECTOR('',#7636,10.);
#2087=VECTOR('',#7637,10.);
#2088=VECTOR('',#7640,10.);
#2089=VECTOR('',#7641,10.);
#2090=VECTOR('',#7642,10.);
#2091=VECTOR('',#7643,10.);
#2092=VECTOR('',#7646,10.);
#2093=VECTOR('',#7647,10.);
#2094=VECTOR('',#7648,10.);
#2095=VECTOR('',#7649,10.);
#2096=VECTOR('',#7652,10.);
#2097=VECTOR('',#7653,10.);
#2098=VECTOR('',#7656,10.);
#2099=VECTOR('',#7659,10.);
#2100=VECTOR('',#7662,10.);
#2101=VECTOR('',#7665,10.);
#2102=VECTOR('',#7670,10.);
#2103=VECTOR('',#7673,10.);
#2104=VECTOR('',#7676,10.);
#2105=VECTOR('',#7681,10.);
#2106=VECTOR('',#7684,10.);
#2107=VECTOR('',#7687,10.);
#2108=VECTOR('',#7692,10.);
#2109=VECTOR('',#7695,10.);
#2110=VECTOR('',#7698,10.);
#2111=VECTOR('',#7701,10.);
#2112=VECTOR('',#7702,10.);
#2113=VECTOR('',#7703,10.);
#2114=VECTOR('',#7706,10.);
#2115=VECTOR('',#7709,10.);
#2116=VECTOR('',#7712,10.);
#2117=VECTOR('',#7715,10.);
#2118=VECTOR('',#7718,10.);
#2119=VECTOR('',#7721,10.);
#2120=VECTOR('',#7724,10.);
#2121=VECTOR('',#7727,10.);
#2122=VECTOR('',#7730,10.);
#2123=VECTOR('',#7733,10.);
#2124=VECTOR('',#7736,10.);
#2125=VECTOR('',#7739,10.);
#2126=VECTOR('',#7742,10.);
#2127=VECTOR('',#7745,10.);
#2128=VECTOR('',#7748,10.);
#2129=VECTOR('',#7751,10.);
#2130=VECTOR('',#7754,10.);
#2131=VECTOR('',#7757,10.);
#2132=VECTOR('',#7760,10.);
#2133=VECTOR('',#7763,10.);
#2134=VECTOR('',#7766,10.);
#2135=VECTOR('',#7769,10.);
#2136=VECTOR('',#7772,10.);
#2137=VECTOR('',#7775,10.);
#2138=VECTOR('',#7778,10.);
#2139=VECTOR('',#7781,10.);
#2140=VECTOR('',#7784,10.);
#2141=VECTOR('',#7787,10.);
#2142=VECTOR('',#7790,10.);
#2143=VECTOR('',#7793,10.);
#2144=VECTOR('',#7796,10.);
#2145=VECTOR('',#7803,10.);
#2146=VECTOR('',#7806,10.);
#2147=VECTOR('',#7807,10.);
#2148=VECTOR('',#7812,10.);
#2149=VECTOR('',#7817,10.);
#2150=VECTOR('',#7820,10.);
#2151=VECTOR('',#7821,10.);
#2152=VECTOR('',#7826,10.);
#2153=VECTOR('',#7829,10.);
#2154=VECTOR('',#7830,10.);
#2155=VECTOR('',#7831,10.);
#2156=VECTOR('',#7836,10.);
#2157=VECTOR('',#7839,10.);
#2158=VECTOR('',#7840,10.);
#2159=VECTOR('',#7845,10.);
#2160=VECTOR('',#7848,10.);
#2161=VECTOR('',#7849,10.);
#2162=VECTOR('',#7850,10.);
#2163=VECTOR('',#7855,10.);
#2164=VECTOR('',#7858,10.);
#2165=VECTOR('',#7859,10.);
#2166=VECTOR('',#7864,10.);
#2167=VECTOR('',#7869,10.);
#2168=VECTOR('',#7872,10.);
#2169=VECTOR('',#7873,10.);
#2170=VECTOR('',#7878,10.);
#2171=VECTOR('',#7883,10.);
#2172=VECTOR('',#7886,10.);
#2173=VECTOR('',#7887,10.);
#2174=VECTOR('',#7892,10.);
#2175=VECTOR('',#7895,10.);
#2176=VECTOR('',#7896,10.);
#2177=VECTOR('',#7897,10.);
#2178=VECTOR('',#7902,10.);
#2179=VECTOR('',#7905,10.);
#2180=VECTOR('',#7906,10.);
#2181=VECTOR('',#7911,10.);
#2182=VECTOR('',#7914,10.);
#2183=VECTOR('',#7915,10.);
#2184=VECTOR('',#7916,10.);
#2185=VECTOR('',#7921,10.);
#2186=VECTOR('',#7924,10.);
#2187=VECTOR('',#7925,10.);
#2188=VECTOR('',#7930,10.);
#2189=VECTOR('',#7933,10.);
#2190=VECTOR('',#7934,10.);
#2191=VECTOR('',#7935,10.);
#2192=VECTOR('',#7940,10.);
#2193=VECTOR('',#7943,10.);
#2194=VECTOR('',#7944,10.);
#2195=VECTOR('',#7949,10.);
#2196=VECTOR('',#7952,10.);
#2197=VECTOR('',#7953,10.);
#2198=VECTOR('',#7954,10.);
#2199=VECTOR('',#7959,10.);
#2200=VECTOR('',#7962,10.);
#2201=VECTOR('',#7963,10.);
#2202=VECTOR('',#7968,10.);
#2203=VECTOR('',#7971,10.);
#2204=VECTOR('',#7972,10.);
#2205=VECTOR('',#7973,10.);
#2206=VECTOR('',#7978,10.);
#2207=VECTOR('',#7981,10.);
#2208=VECTOR('',#7982,10.);
#2209=VECTOR('',#7987,10.);
#2210=VECTOR('',#7990,10.);
#2211=VECTOR('',#7991,10.);
#2212=VECTOR('',#7992,10.);
#2213=VECTOR('',#7997,10.);
#2214=VECTOR('',#8000,10.);
#2215=VECTOR('',#8001,10.);
#2216=VECTOR('',#8006,10.);
#2217=VECTOR('',#8009,10.);
#2218=VECTOR('',#8010,10.);
#2219=VECTOR('',#8015,10.);
#2220=VECTOR('',#8018,10.);
#2221=VECTOR('',#8019,10.);
#2222=VECTOR('',#8024,10.);
#2223=VECTOR('',#8027,10.);
#2224=VECTOR('',#8032,10.);
#2225=VECTOR('',#8035,10.);
#2226=VECTOR('',#8036,10.);
#2227=VECTOR('',#8041,10.);
#2228=VECTOR('',#8044,10.);
#2229=VECTOR('',#8049,10.);
#2230=VECTOR('',#8052,10.);
#2231=VECTOR('',#8053,10.);
#2232=VECTOR('',#8058,10.);
#2233=VECTOR('',#8061,10.);
#2234=VECTOR('',#8066,10.);
#2235=VECTOR('',#8069,10.);
#2236=VECTOR('',#8070,10.);
#2237=VECTOR('',#8075,10.);
#2238=VECTOR('',#8078,10.);
#2239=VECTOR('',#8083,10.);
#2240=VECTOR('',#8086,10.);
#2241=VECTOR('',#8087,10.);
#2242=VECTOR('',#8092,10.);
#2243=VECTOR('',#8095,10.);
#2244=VECTOR('',#8100,10.);
#2245=VECTOR('',#8103,10.);
#2246=VECTOR('',#8104,10.);
#2247=VECTOR('',#8109,10.);
#2248=VECTOR('',#8112,10.);
#2249=VECTOR('',#8117,10.);
#2250=VECTOR('',#8120,10.);
#2251=VECTOR('',#8121,10.);
#2252=VECTOR('',#8126,10.);
#2253=VECTOR('',#8129,10.);
#2254=VECTOR('',#8134,10.);
#2255=VECTOR('',#8137,10.);
#2256=VECTOR('',#8138,10.);
#2257=VECTOR('',#8143,10.);
#2258=VECTOR('',#8146,10.);
#2259=VECTOR('',#8151,10.);
#2260=VECTOR('',#8154,10.);
#2261=VECTOR('',#8155,10.);
#2262=VECTOR('',#8160,10.);
#2263=VECTOR('',#8163,10.);
#2264=VECTOR('',#8168,10.);
#2265=VECTOR('',#8171,10.);
#2266=VECTOR('',#8172,10.);
#2267=VECTOR('',#8177,10.);
#2268=VECTOR('',#8180,10.);
#2269=VECTOR('',#8185,10.);
#2270=VECTOR('',#8188,10.);
#2271=VECTOR('',#8189,10.);
#2272=VECTOR('',#8194,10.);
#2273=VECTOR('',#8197,10.);
#2274=VECTOR('',#8202,10.);
#2275=VECTOR('',#8205,10.);
#2276=VECTOR('',#8206,10.);
#2277=VECTOR('',#8211,10.);
#2278=VECTOR('',#8214,10.);
#2279=VECTOR('',#8217,10.);
#2280=VECTOR('',#8218,10.);
#2281=VECTOR('',#8219,10.);
#2282=VECTOR('',#8220,10.);
#2283=VECTOR('',#8223,10.);
#2284=VECTOR('',#8224,10.);
#2285=VECTOR('',#8225,10.);
#2286=VECTOR('',#8226,10.);
#2287=VECTOR('',#8229,10.);
#2288=VECTOR('',#8230,10.);
#2289=VECTOR('',#8231,10.);
#2290=VECTOR('',#8236,10.);
#2291=VECTOR('',#8239,10.);
#2292=VECTOR('',#8242,10.);
#2293=VECTOR('',#8245,10.);
#2294=VECTOR('',#8250,10.);
#2295=VECTOR('',#8251,10.);
#2296=VECTOR('',#8252,10.);
#2297=VECTOR('',#8255,10.);
#2298=VECTOR('',#8256,10.);
#2299=VECTOR('',#8257,10.);
#2300=VECTOR('',#8258,10.);
#2301=VECTOR('',#8261,10.);
#2302=VECTOR('',#8262,10.);
#2303=VECTOR('',#8263,10.);
#2304=VECTOR('',#8266,10.);
#2305=VECTOR('',#8267,10.);
#2306=VECTOR('',#8268,10.);
#2307=VECTOR('',#8269,10.);
#2308=VECTOR('',#8272,10.);
#2309=VECTOR('',#8273,10.);
#2310=VECTOR('',#8274,10.);
#2311=VECTOR('',#8277,10.);
#2312=VECTOR('',#8278,10.);
#2313=VECTOR('',#8279,10.);
#2314=VECTOR('',#8282,10.);
#2315=VECTOR('',#8283,10.);
#2316=VECTOR('',#8288,10.);
#2317=VECTOR('',#8289,10.);
#2318=VECTOR('',#8290,10.);
#2319=VECTOR('',#8291,10.);
#2320=VECTOR('',#8296,10.);
#2321=VECTOR('',#8297,10.);
#2322=VECTOR('',#8298,10.);
#2323=VECTOR('',#8301,10.);
#2324=VECTOR('',#8302,10.);
#2325=VECTOR('',#8303,10.);
#2326=VECTOR('',#8306,10.);
#2327=VECTOR('',#8307,10.);
#2328=VECTOR('',#8308,10.);
#2329=VECTOR('',#8313,10.);
#2330=VECTOR('',#8316,10.);
#2331=VECTOR('',#8319,10.);
#2332=VECTOR('',#8322,6.);
#2333=VECTOR('',#8325,10.);
#2334=VECTOR('',#8328,10.);
#2335=VECTOR('',#8329,10.);
#2336=VECTOR('',#8330,10.);
#2337=VECTOR('',#8331,10.);
#2338=VECTOR('',#8336,10.);
#2339=VECTOR('',#8343,10.);
#2340=VECTOR('',#8346,10.);
#2341=VECTOR('',#8353,10.);
#2342=VECTOR('',#8356,10.);
#2343=VECTOR('',#8357,10.);
#2344=VECTOR('',#8358,10.);
#2345=VECTOR('',#8365,10.);
#2346=VECTOR('',#8368,10.);
#2347=VECTOR('',#8369,10.);
#2348=VECTOR('',#8386,10.);
#2349=VECTOR('',#8397,10.);
#2350=VECTOR('',#8400,10.);
#2351=VECTOR('',#8405,10.);
#2352=VECTOR('',#8408,10.);
#2353=VECTOR('',#8427,1.7);
#2354=VECTOR('',#8436,1.7);
#2355=VECTOR('',#8445,1.7);
#2356=VECTOR('',#8454,1.7);
#2357=VECTOR('',#8463,3.);
#2358=VECTOR('',#8472,3.00000000000001);
#2359=VECTOR('',#8481,3.);
#2360=VECTOR('',#8490,3.00000000000001);
#2361=VECTOR('',#8495,10.);
#2362=VECTOR('',#8496,10.);
#2363=VECTOR('',#8497,10.);
#2364=VECTOR('',#8498,10.);
#2365=VECTOR('',#8501,10.);
#2366=VECTOR('',#8502,10.);
#2367=VECTOR('',#8503,10.);
#2368=VECTOR('',#8506,10.);
#2369=VECTOR('',#8507,10.);
#2370=VECTOR('',#8510,10.);
#2371=VECTOR('',#8511,10.);
#2372=VECTOR('',#8512,10.);
#2373=VECTOR('',#8513,10.);
#2374=VECTOR('',#8516,10.);
#2375=VECTOR('',#8517,10.);
#2376=VECTOR('',#8518,10.);
#2377=VECTOR('',#8521,10.);
#2378=VECTOR('',#8522,10.);
#2379=VECTOR('',#8523,10.);
#2380=VECTOR('',#8526,10.);
#2381=VECTOR('',#8527,10.);
#2382=VECTOR('',#8534,10.);
#2383=VECTOR('',#8535,10.);
#2384=VECTOR('',#8536,10.);
#2385=VECTOR('',#8537,10.);
#2386=VECTOR('',#8540,10.);
#2387=VECTOR('',#8541,10.);
#2388=VECTOR('',#8542,10.);
#2389=VECTOR('',#8545,10.);
#2390=VECTOR('',#8546,10.);
#2391=VECTOR('',#8547,10.);
#2392=VECTOR('',#8550,10.);
#2393=VECTOR('',#8551,10.);
#2394=VECTOR('',#8558,10.);
#2395=VECTOR('',#8559,10.);
#2396=VECTOR('',#8560,10.);
#2397=VECTOR('',#8561,10.);
#2398=VECTOR('',#8564,10.);
#2399=VECTOR('',#8565,10.);
#2400=VECTOR('',#8566,10.);
#2401=VECTOR('',#8569,10.);
#2402=VECTOR('',#8570,10.);
#2403=VECTOR('',#8571,10.);
#2404=VECTOR('',#8574,10.);
#2405=VECTOR('',#8575,10.);
#2406=VECTOR('',#8582,10.);
#2407=VECTOR('',#8583,10.);
#2408=VECTOR('',#8584,10.);
#2409=VECTOR('',#8585,10.);
#2410=VECTOR('',#8588,10.);
#2411=VECTOR('',#8589,10.);
#2412=VECTOR('',#8590,10.);
#2413=VECTOR('',#8593,10.);
#2414=VECTOR('',#8594,10.);
#2415=VECTOR('',#8595,10.);
#2416=VECTOR('',#8598,10.);
#2417=VECTOR('',#8599,10.);
#2418=VECTOR('',#8606,10.);
#2419=VECTOR('',#8607,10.);
#2420=VECTOR('',#8608,10.);
#2421=VECTOR('',#8609,10.);
#2422=VECTOR('',#8612,10.);
#2423=VECTOR('',#8613,10.);
#2424=VECTOR('',#8614,10.);
#2425=VECTOR('',#8617,10.);
#2426=VECTOR('',#8618,10.);
#2427=VECTOR('',#8619,10.);
#2428=VECTOR('',#8622,10.);
#2429=VECTOR('',#8623,10.);
#2430=VECTOR('',#8630,10.);
#2431=VECTOR('',#8631,10.);
#2432=VECTOR('',#8632,10.);
#2433=VECTOR('',#8633,10.);
#2434=VECTOR('',#8636,10.);
#2435=VECTOR('',#8637,10.);
#2436=VECTOR('',#8638,10.);
#2437=VECTOR('',#8641,10.);
#2438=VECTOR('',#8642,10.);
#2439=VECTOR('',#8645,10.);
#2440=VECTOR('',#8646,10.);
#2441=VECTOR('',#8647,10.);
#2442=VECTOR('',#8648,10.);
#2443=VECTOR('',#8651,10.);
#2444=VECTOR('',#8652,10.);
#2445=VECTOR('',#8653,10.);
#2446=VECTOR('',#8654,10.);
#2447=VECTOR('',#8657,10.);
#2448=VECTOR('',#8658,10.);
#2449=VECTOR('',#8661,10.);
#2450=VECTOR('',#8662,10.);
#2451=VECTOR('',#8669,10.);
#2452=VECTOR('',#8670,10.);
#2453=VECTOR('',#8671,10.);
#2454=VECTOR('',#8672,10.);
#2455=VECTOR('',#8675,10.);
#2456=VECTOR('',#8676,10.);
#2457=VECTOR('',#8677,10.);
#2458=VECTOR('',#8680,10.);
#2459=VECTOR('',#8681,10.);
#2460=VECTOR('',#8682,10.);
#2461=VECTOR('',#8685,10.);
#2462=VECTOR('',#8686,10.);
#2463=VECTOR('',#8687,10.);
#2464=VECTOR('',#8690,10.);
#2465=VECTOR('',#8691,10.);
#2466=VECTOR('',#8692,10.);
#2467=VECTOR('',#8695,10.);
#2468=VECTOR('',#8696,10.);
#2469=VERTEX_POINT('',#8706);
#2470=VERTEX_POINT('',#8707);
#2471=VERTEX_POINT('',#8709);
#2472=VERTEX_POINT('',#8711);
#2473=VERTEX_POINT('',#8715);
#2474=VERTEX_POINT('',#8716);
#2475=VERTEX_POINT('',#8718);
#2476=VERTEX_POINT('',#8720);
#2477=VERTEX_POINT('',#8724);
#2478=VERTEX_POINT('',#8725);
#2479=VERTEX_POINT('',#8727);
#2480=VERTEX_POINT('',#8729);
#2481=VERTEX_POINT('',#8733);
#2482=VERTEX_POINT('',#8734);
#2483=VERTEX_POINT('',#8736);
#2484=VERTEX_POINT('',#8738);
#2485=VERTEX_POINT('',#8742);
#2486=VERTEX_POINT('',#8743);
#2487=VERTEX_POINT('',#8745);
#2488=VERTEX_POINT('',#8747);
#2489=VERTEX_POINT('',#8751);
#2490=VERTEX_POINT('',#8753);
#2491=VERTEX_POINT('',#8757);
#2492=VERTEX_POINT('',#8759);
#2493=VERTEX_POINT('',#8761);
#2494=VERTEX_POINT('',#8763);
#2495=VERTEX_POINT('',#8765);
#2496=VERTEX_POINT('',#8767);
#2497=VERTEX_POINT('',#8770);
#2498=VERTEX_POINT('',#8773);
#2499=VERTEX_POINT('',#8775);
#2500=VERTEX_POINT('',#8777);
#2501=VERTEX_POINT('',#8779);
#2502=VERTEX_POINT('',#8781);
#2503=VERTEX_POINT('',#8783);
#2504=VERTEX_POINT('',#8786);
#2505=VERTEX_POINT('',#8788);
#2506=VERTEX_POINT('',#8790);
#2507=VERTEX_POINT('',#8792);
#2508=VERTEX_POINT('',#8794);
#2509=VERTEX_POINT('',#8796);
#2510=VERTEX_POINT('',#8799);
#2511=VERTEX_POINT('',#8801);
#2512=VERTEX_POINT('',#8803);
#2513=VERTEX_POINT('',#8805);
#2514=VERTEX_POINT('',#8807);
#2515=VERTEX_POINT('',#8809);
#2516=VERTEX_POINT('',#8812);
#2517=VERTEX_POINT('',#8813);
#2518=VERTEX_POINT('',#8815);
#2519=VERTEX_POINT('',#8817);
#2520=VERTEX_POINT('',#8819);
#2521=VERTEX_POINT('',#8821);
#2522=VERTEX_POINT('',#8823);
#2523=VERTEX_POINT('',#8825);
#2524=VERTEX_POINT('',#8828);
#2525=VERTEX_POINT('',#8829);
#2526=VERTEX_POINT('',#8831);
#2527=VERTEX_POINT('',#8833);
#2528=VERTEX_POINT('',#8835);
#2529=VERTEX_POINT('',#8837);
#2530=VERTEX_POINT('',#8839);
#2531=VERTEX_POINT('',#8841);
#2532=VERTEX_POINT('',#8844);
#2533=VERTEX_POINT('',#8845);
#2534=VERTEX_POINT('',#8847);
#2535=VERTEX_POINT('',#8849);
#2536=VERTEX_POINT('',#8851);
#2537=VERTEX_POINT('',#8853);
#2538=VERTEX_POINT('',#8855);
#2539=VERTEX_POINT('',#8857);
#2540=VERTEX_POINT('',#8860);
#2541=VERTEX_POINT('',#8861);
#2542=VERTEX_POINT('',#8863);
#2543=VERTEX_POINT('',#8865);
#2544=VERTEX_POINT('',#8867);
#2545=VERTEX_POINT('',#8869);
#2546=VERTEX_POINT('',#8871);
#2547=VERTEX_POINT('',#8873);
#2548=VERTEX_POINT('',#8876);
#2549=VERTEX_POINT('',#8877);
#2550=VERTEX_POINT('',#8879);
#2551=VERTEX_POINT('',#8881);
#2552=VERTEX_POINT('',#8883);
#2553=VERTEX_POINT('',#8885);
#2554=VERTEX_POINT('',#8887);
#2555=VERTEX_POINT('',#8889);
#2556=VERTEX_POINT('',#8892);
#2557=VERTEX_POINT('',#8893);
#2558=VERTEX_POINT('',#8895);
#2559=VERTEX_POINT('',#8897);
#2560=VERTEX_POINT('',#8899);
#2561=VERTEX_POINT('',#8901);
#2562=VERTEX_POINT('',#8903);
#2563=VERTEX_POINT('',#8905);
#2564=VERTEX_POINT('',#8908);
#2565=VERTEX_POINT('',#8909);
#2566=VERTEX_POINT('',#8911);
#2567=VERTEX_POINT('',#8913);
#2568=VERTEX_POINT('',#8915);
#2569=VERTEX_POINT('',#8917);
#2570=VERTEX_POINT('',#8919);
#2571=VERTEX_POINT('',#8921);
#2572=VERTEX_POINT('',#8924);
#2573=VERTEX_POINT('',#8925);
#2574=VERTEX_POINT('',#8927);
#2575=VERTEX_POINT('',#8929);
#2576=VERTEX_POINT('',#8931);
#2577=VERTEX_POINT('',#8933);
#2578=VERTEX_POINT('',#8935);
#2579=VERTEX_POINT('',#8937);
#2580=VERTEX_POINT('',#8941);
#2581=VERTEX_POINT('',#8943);
#2582=VERTEX_POINT('',#8945);
#2583=VERTEX_POINT('',#8947);
#2584=VERTEX_POINT('',#8949);
#2585=VERTEX_POINT('',#8951);
#2586=VERTEX_POINT('',#8954);
#2587=VERTEX_POINT('',#8956);
#2588=VERTEX_POINT('',#8958);
#2589=VERTEX_POINT('',#8960);
#2590=VERTEX_POINT('',#8962);
#2591=VERTEX_POINT('',#8964);
#2592=VERTEX_POINT('',#8967);
#2593=VERTEX_POINT('',#8969);
#2594=VERTEX_POINT('',#8971);
#2595=VERTEX_POINT('',#8973);
#2596=VERTEX_POINT('',#8975);
#2597=VERTEX_POINT('',#8977);
#2598=VERTEX_POINT('',#8980);
#2599=VERTEX_POINT('',#8983);
#2600=VERTEX_POINT('',#8985);
#2601=VERTEX_POINT('',#8987);
#2602=VERTEX_POINT('',#8989);
#2603=VERTEX_POINT('',#8991);
#2604=VERTEX_POINT('',#8993);
#2605=VERTEX_POINT('',#8996);
#2606=VERTEX_POINT('',#8997);
#2607=VERTEX_POINT('',#8999);
#2608=VERTEX_POINT('',#9001);
#2609=VERTEX_POINT('',#9003);
#2610=VERTEX_POINT('',#9005);
#2611=VERTEX_POINT('',#9007);
#2612=VERTEX_POINT('',#9009);
#2613=VERTEX_POINT('',#9012);
#2614=VERTEX_POINT('',#9013);
#2615=VERTEX_POINT('',#9015);
#2616=VERTEX_POINT('',#9017);
#2617=VERTEX_POINT('',#9019);
#2618=VERTEX_POINT('',#9021);
#2619=VERTEX_POINT('',#9023);
#2620=VERTEX_POINT('',#9025);
#2621=VERTEX_POINT('',#9028);
#2622=VERTEX_POINT('',#9029);
#2623=VERTEX_POINT('',#9031);
#2624=VERTEX_POINT('',#9033);
#2625=VERTEX_POINT('',#9035);
#2626=VERTEX_POINT('',#9037);
#2627=VERTEX_POINT('',#9039);
#2628=VERTEX_POINT('',#9041);
#2629=VERTEX_POINT('',#9044);
#2630=VERTEX_POINT('',#9045);
#2631=VERTEX_POINT('',#9047);
#2632=VERTEX_POINT('',#9049);
#2633=VERTEX_POINT('',#9051);
#2634=VERTEX_POINT('',#9053);
#2635=VERTEX_POINT('',#9055);
#2636=VERTEX_POINT('',#9057);
#2637=VERTEX_POINT('',#9060);
#2638=VERTEX_POINT('',#9061);
#2639=VERTEX_POINT('',#9063);
#2640=VERTEX_POINT('',#9065);
#2641=VERTEX_POINT('',#9067);
#2642=VERTEX_POINT('',#9069);
#2643=VERTEX_POINT('',#9071);
#2644=VERTEX_POINT('',#9073);
#2645=VERTEX_POINT('',#9076);
#2646=VERTEX_POINT('',#9077);
#2647=VERTEX_POINT('',#9079);
#2648=VERTEX_POINT('',#9081);
#2649=VERTEX_POINT('',#9083);
#2650=VERTEX_POINT('',#9085);
#2651=VERTEX_POINT('',#9087);
#2652=VERTEX_POINT('',#9089);
#2653=VERTEX_POINT('',#9092);
#2654=VERTEX_POINT('',#9093);
#2655=VERTEX_POINT('',#9095);
#2656=VERTEX_POINT('',#9097);
#2657=VERTEX_POINT('',#9099);
#2658=VERTEX_POINT('',#9101);
#2659=VERTEX_POINT('',#9103);
#2660=VERTEX_POINT('',#9105);
#2661=VERTEX_POINT('',#9108);
#2662=VERTEX_POINT('',#9109);
#2663=VERTEX_POINT('',#9111);
#2664=VERTEX_POINT('',#9113);
#2665=VERTEX_POINT('',#9115);
#2666=VERTEX_POINT('',#9117);
#2667=VERTEX_POINT('',#9119);
#2668=VERTEX_POINT('',#9121);
#2669=VERTEX_POINT('',#9308);
#2670=VERTEX_POINT('',#9309);
#2671=VERTEX_POINT('',#9311);
#2672=VERTEX_POINT('',#9313);
#2673=VERTEX_POINT('',#9317);
#2674=VERTEX_POINT('',#9319);
#2675=VERTEX_POINT('',#9323);
#2676=VERTEX_POINT('',#9324);
#2677=VERTEX_POINT('',#9326);
#2678=VERTEX_POINT('',#9328);
#2679=VERTEX_POINT('',#9332);
#2680=VERTEX_POINT('',#9334);
#2681=VERTEX_POINT('',#9338);
#2682=VERTEX_POINT('',#9339);
#2683=VERTEX_POINT('',#9341);
#2684=VERTEX_POINT('',#9343);
#2685=VERTEX_POINT('',#9347);
#2686=VERTEX_POINT('',#9349);
#2687=VERTEX_POINT('',#9355);
#2688=VERTEX_POINT('',#9356);
#2689=VERTEX_POINT('',#9358);
#2690=VERTEX_POINT('',#9360);
#2691=VERTEX_POINT('',#9364);
#2692=VERTEX_POINT('',#9366);
#2693=VERTEX_POINT('',#9370);
#2694=VERTEX_POINT('',#9372);
#2695=VERTEX_POINT('',#9376);
#2696=VERTEX_POINT('',#9378);
#2697=VERTEX_POINT('',#9382);
#2698=VERTEX_POINT('',#9384);
#2699=VERTEX_POINT('',#9388);
#2700=VERTEX_POINT('',#9390);
#2701=VERTEX_POINT('',#9394);
#2702=VERTEX_POINT('',#9396);
#2703=VERTEX_POINT('',#9403);
#2704=VERTEX_POINT('',#9404);
#2705=VERTEX_POINT('',#9406);
#2706=VERTEX_POINT('',#9408);
#2707=VERTEX_POINT('',#9410);
#2708=VERTEX_POINT('',#9412);
#2709=VERTEX_POINT('',#9414);
#2710=VERTEX_POINT('',#9416);
#2711=VERTEX_POINT('',#9420);
#2712=VERTEX_POINT('',#9422);
#2713=VERTEX_POINT('',#9426);
#2714=VERTEX_POINT('',#9427);
#2715=VERTEX_POINT('',#9434);
#2716=VERTEX_POINT('',#9436);
#2717=VERTEX_POINT('',#9438);
#2718=VERTEX_POINT('',#9440);
#2719=VERTEX_POINT('',#9444);
#2720=VERTEX_POINT('',#9445);
#2721=VERTEX_POINT('',#9447);
#2722=VERTEX_POINT('',#9449);
#2723=VERTEX_POINT('',#9453);
#2724=VERTEX_POINT('',#9454);
#2725=VERTEX_POINT('',#9456);
#2726=VERTEX_POINT('',#9458);
#2727=VERTEX_POINT('',#9462);
#2728=VERTEX_POINT('',#9463);
#2729=VERTEX_POINT('',#9465);
#2730=VERTEX_POINT('',#9467);
#2731=VERTEX_POINT('',#9471);
#2732=VERTEX_POINT('',#9472);
#2733=VERTEX_POINT('',#9474);
#2734=VERTEX_POINT('',#9476);
#2735=VERTEX_POINT('',#9480);
#2736=VERTEX_POINT('',#9481);
#2737=VERTEX_POINT('',#9483);
#2738=VERTEX_POINT('',#9485);
#2739=VERTEX_POINT('',#9492);
#2740=VERTEX_POINT('',#9494);
#2741=VERTEX_POINT('',#9496);
#2742=VERTEX_POINT('',#9498);
#2743=VERTEX_POINT('',#9500);
#2744=VERTEX_POINT('',#9502);
#2745=VERTEX_POINT('',#9504);
#2746=VERTEX_POINT('',#9507);
#2747=VERTEX_POINT('',#9509);
#2748=VERTEX_POINT('',#9511);
#2749=VERTEX_POINT('',#9513);
#2750=VERTEX_POINT('',#9515);
#2751=VERTEX_POINT('',#9517);
#2752=VERTEX_POINT('',#9520);
#2753=VERTEX_POINT('',#9522);
#2754=VERTEX_POINT('',#9524);
#2755=VERTEX_POINT('',#9526);
#2756=VERTEX_POINT('',#9528);
#2757=VERTEX_POINT('',#9530);
#2758=VERTEX_POINT('',#9533);
#2759=VERTEX_POINT('',#9535);
#2760=VERTEX_POINT('',#9537);
#2761=VERTEX_POINT('',#9539);
#2762=VERTEX_POINT('',#9541);
#2763=VERTEX_POINT('',#9543);
#2764=VERTEX_POINT('',#9546);
#2765=VERTEX_POINT('',#9549);
#2766=VERTEX_POINT('',#9550);
#2767=VERTEX_POINT('',#9552);
#2768=VERTEX_POINT('',#9554);
#2769=VERTEX_POINT('',#9556);
#2770=VERTEX_POINT('',#9558);
#2771=VERTEX_POINT('',#9560);
#2772=VERTEX_POINT('',#9562);
#2773=VERTEX_POINT('',#9565);
#2774=VERTEX_POINT('',#9566);
#2775=VERTEX_POINT('',#9568);
#2776=VERTEX_POINT('',#9570);
#2777=VERTEX_POINT('',#9572);
#2778=VERTEX_POINT('',#9574);
#2779=VERTEX_POINT('',#9576);
#2780=VERTEX_POINT('',#9578);
#2781=VERTEX_POINT('',#9581);
#2782=VERTEX_POINT('',#9582);
#2783=VERTEX_POINT('',#9584);
#2784=VERTEX_POINT('',#9586);
#2785=VERTEX_POINT('',#9588);
#2786=VERTEX_POINT('',#9590);
#2787=VERTEX_POINT('',#9592);
#2788=VERTEX_POINT('',#9594);
#2789=VERTEX_POINT('',#9597);
#2790=VERTEX_POINT('',#9598);
#2791=VERTEX_POINT('',#9600);
#2792=VERTEX_POINT('',#9602);
#2793=VERTEX_POINT('',#9604);
#2794=VERTEX_POINT('',#9606);
#2795=VERTEX_POINT('',#9608);
#2796=VERTEX_POINT('',#9610);
#2797=VERTEX_POINT('',#9613);
#2798=VERTEX_POINT('',#9614);
#2799=VERTEX_POINT('',#9616);
#2800=VERTEX_POINT('',#9618);
#2801=VERTEX_POINT('',#9620);
#2802=VERTEX_POINT('',#9622);
#2803=VERTEX_POINT('',#9624);
#2804=VERTEX_POINT('',#9626);
#2805=VERTEX_POINT('',#9629);
#2806=VERTEX_POINT('',#9630);
#2807=VERTEX_POINT('',#9632);
#2808=VERTEX_POINT('',#9634);
#2809=VERTEX_POINT('',#9636);
#2810=VERTEX_POINT('',#9638);
#2811=VERTEX_POINT('',#9640);
#2812=VERTEX_POINT('',#9642);
#2813=VERTEX_POINT('',#9645);
#2814=VERTEX_POINT('',#9646);
#2815=VERTEX_POINT('',#9648);
#2816=VERTEX_POINT('',#9650);
#2817=VERTEX_POINT('',#9652);
#2818=VERTEX_POINT('',#9654);
#2819=VERTEX_POINT('',#9656);
#2820=VERTEX_POINT('',#9658);
#2821=VERTEX_POINT('',#9661);
#2822=VERTEX_POINT('',#9662);
#2823=VERTEX_POINT('',#9664);
#2824=VERTEX_POINT('',#9666);
#2825=VERTEX_POINT('',#9668);
#2826=VERTEX_POINT('',#9670);
#2827=VERTEX_POINT('',#9672);
#2828=VERTEX_POINT('',#9674);
#2829=VERTEX_POINT('',#9678);
#2830=VERTEX_POINT('',#9682);
#2831=VERTEX_POINT('',#9686);
#2832=VERTEX_POINT('',#9690);
#2833=VERTEX_POINT('',#9694);
#2834=VERTEX_POINT('',#9698);
#2835=VERTEX_POINT('',#9702);
#2836=VERTEX_POINT('',#9703);
#2837=VERTEX_POINT('',#9708);
#2838=VERTEX_POINT('',#9712);
#2839=VERTEX_POINT('',#9716);
#2840=VERTEX_POINT('',#9720);
#2841=VERTEX_POINT('',#9721);
#2842=VERTEX_POINT('',#9726);
#2843=VERTEX_POINT('',#9730);
#2844=VERTEX_POINT('',#9734);
#2845=VERTEX_POINT('',#9738);
#2846=VERTEX_POINT('',#9742);
#2847=VERTEX_POINT('',#9746);
#2848=VERTEX_POINT('',#9750);
#2849=VERTEX_POINT('',#9754);
#2850=VERTEX_POINT('',#9758);
#2851=VERTEX_POINT('',#9762);
#2852=VERTEX_POINT('',#9763);
#2853=VERTEX_POINT('',#9768);
#2854=VERTEX_POINT('',#9772);
#2855=VERTEX_POINT('',#9776);
#2856=VERTEX_POINT('',#9780);
#2857=VERTEX_POINT('',#9781);
#2858=VERTEX_POINT('',#9786);
#2859=VERTEX_POINT('',#9790);
#2860=VERTEX_POINT('',#9794);
#2861=VERTEX_POINT('',#9798);
#2862=VERTEX_POINT('',#9799);
#2863=VERTEX_POINT('',#9804);
#2864=VERTEX_POINT('',#9808);
#2865=VERTEX_POINT('',#9812);
#2866=VERTEX_POINT('',#9816);
#2867=VERTEX_POINT('',#9817);
#2868=VERTEX_POINT('',#9822);
#2869=VERTEX_POINT('',#9826);
#2870=VERTEX_POINT('',#9830);
#2871=VERTEX_POINT('',#9834);
#2872=VERTEX_POINT('',#9835);
#2873=VERTEX_POINT('',#9840);
#2874=VERTEX_POINT('',#9844);
#2875=VERTEX_POINT('',#9848);
#2876=VERTEX_POINT('',#9852);
#2877=VERTEX_POINT('',#9853);
#2878=VERTEX_POINT('',#9858);
#2879=VERTEX_POINT('',#9862);
#2880=VERTEX_POINT('',#9866);
#2881=VERTEX_POINT('',#9870);
#2882=VERTEX_POINT('',#9874);
#2883=VERTEX_POINT('',#9878);
#2884=VERTEX_POINT('',#9882);
#2885=VERTEX_POINT('',#9888);
#2886=VERTEX_POINT('',#9892);
#2887=VERTEX_POINT('',#9896);
#2888=VERTEX_POINT('',#9902);
#2889=VERTEX_POINT('',#9906);
#2890=VERTEX_POINT('',#9910);
#2891=VERTEX_POINT('',#9916);
#2892=VERTEX_POINT('',#9920);
#2893=VERTEX_POINT('',#9924);
#2894=VERTEX_POINT('',#9930);
#2895=VERTEX_POINT('',#9934);
#2896=VERTEX_POINT('',#9938);
#2897=VERTEX_POINT('',#9944);
#2898=VERTEX_POINT('',#9948);
#2899=VERTEX_POINT('',#9952);
#2900=VERTEX_POINT('',#9958);
#2901=VERTEX_POINT('',#9962);
#2902=VERTEX_POINT('',#9966);
#2903=VERTEX_POINT('',#9972);
#2904=VERTEX_POINT('',#9976);
#2905=VERTEX_POINT('',#9980);
#2906=VERTEX_POINT('',#9986);
#2907=VERTEX_POINT('',#9990);
#2908=VERTEX_POINT('',#9994);
#2909=VERTEX_POINT('',#10000);
#2910=VERTEX_POINT('',#10004);
#2911=VERTEX_POINT('',#10008);
#2912=VERTEX_POINT('',#10014);
#2913=VERTEX_POINT('',#10018);
#2914=VERTEX_POINT('',#10022);
#2915=VERTEX_POINT('',#10028);
#2916=VERTEX_POINT('',#10032);
#2917=VERTEX_POINT('',#10036);
#2918=VERTEX_POINT('',#10042);
#2919=VERTEX_POINT('',#10044);
#2920=VERTEX_POINT('',#10046);
#2921=VERTEX_POINT('',#10050);
#2922=VERTEX_POINT('',#10051);
#2923=VERTEX_POINT('',#10053);
#2924=VERTEX_POINT('',#10055);
#2925=VERTEX_POINT('',#10059);
#2926=VERTEX_POINT('',#10061);
#2927=VERTEX_POINT('',#10065);
#2928=VERTEX_POINT('',#10066);
#2929=VERTEX_POINT('',#10068);
#2930=VERTEX_POINT('',#10070);
#2931=VERTEX_POINT('',#10072);
#2932=VERTEX_POINT('',#10074);
#2933=VERTEX_POINT('',#10076);
#2934=VERTEX_POINT('',#10078);
#2935=VERTEX_POINT('',#10081);
#2936=VERTEX_POINT('',#10082);
#2937=VERTEX_POINT('',#10085);
#2938=VERTEX_POINT('',#10087);
#2939=VERTEX_POINT('',#10091);
#2940=VERTEX_POINT('',#10092);
#2941=VERTEX_POINT('',#10094);
#2942=VERTEX_POINT('',#10096);
#2943=VERTEX_POINT('',#10100);
#2944=VERTEX_POINT('',#10101);
#2945=VERTEX_POINT('',#10106);
#2946=VERTEX_POINT('',#10107);
#2947=VERTEX_POINT('',#10109);
#2948=VERTEX_POINT('',#10111);
#2949=VERTEX_POINT('',#10115);
#2950=VERTEX_POINT('',#10117);
#2951=VERTEX_POINT('',#10121);
#2952=VERTEX_POINT('',#10123);
#2953=VERTEX_POINT('',#10135);
#2954=VERTEX_POINT('',#10138);
#2955=VERTEX_POINT('',#10140);
#2956=VERTEX_POINT('',#10145);
#2957=VERTEX_POINT('',#10150);
#2958=VERTEX_POINT('',#10159);
#2959=VERTEX_POINT('',#10161);
#2960=VERTEX_POINT('',#10164);
#2961=VERTEX_POINT('',#10168);
#2962=VERTEX_POINT('',#10169);
#2963=VERTEX_POINT('',#10171);
#2964=VERTEX_POINT('',#10173);
#2965=VERTEX_POINT('',#10177);
#2966=VERTEX_POINT('',#10179);
#2967=VERTEX_POINT('',#10183);
#2968=VERTEX_POINT('',#10184);
#2969=VERTEX_POINT('',#10186);
#2970=VERTEX_POINT('',#10188);
#2971=VERTEX_POINT('',#10192);
#2972=VERTEX_POINT('',#10194);
#2973=VERTEX_POINT('',#10198);
#2974=VERTEX_POINT('',#10200);
#2975=VERTEX_POINT('',#10204);
#2976=VERTEX_POINT('',#10206);
#2977=VERTEX_POINT('',#10263);
#2978=VERTEX_POINT('',#10265);
#2979=VERTEX_POINT('',#10278);
#2980=VERTEX_POINT('',#10281);
#2981=VERTEX_POINT('',#10285);
#2982=VERTEX_POINT('',#10288);
#2983=VERTEX_POINT('',#10292);
#2984=VERTEX_POINT('',#10295);
#2985=VERTEX_POINT('',#10299);
#2986=VERTEX_POINT('',#10302);
#2987=VERTEX_POINT('',#10306);
#2988=VERTEX_POINT('',#10309);
#2989=VERTEX_POINT('',#10313);
#2990=VERTEX_POINT('',#10316);
#2991=VERTEX_POINT('',#10320);
#2992=VERTEX_POINT('',#10323);
#2993=VERTEX_POINT('',#10327);
#2994=VERTEX_POINT('',#10330);
#2995=VERTEX_POINT('',#10335);
#2996=VERTEX_POINT('',#10336);
#2997=VERTEX_POINT('',#10338);
#2998=VERTEX_POINT('',#10340);
#2999=VERTEX_POINT('',#10344);
#3000=VERTEX_POINT('',#10346);
#3001=VERTEX_POINT('',#10350);
#3002=VERTEX_POINT('',#10354);
#3003=VERTEX_POINT('',#10356);
#3004=VERTEX_POINT('',#10358);
#3005=VERTEX_POINT('',#10362);
#3006=VERTEX_POINT('',#10364);
#3007=VERTEX_POINT('',#10368);
#3008=VERTEX_POINT('',#10370);
#3009=VERTEX_POINT('',#10379);
#3010=VERTEX_POINT('',#10380);
#3011=VERTEX_POINT('',#10382);
#3012=VERTEX_POINT('',#10384);
#3013=VERTEX_POINT('',#10388);
#3014=VERTEX_POINT('',#10390);
#3015=VERTEX_POINT('',#10394);
#3016=VERTEX_POINT('',#10396);
#3017=VERTEX_POINT('',#10405);
#3018=VERTEX_POINT('',#10406);
#3019=VERTEX_POINT('',#10408);
#3020=VERTEX_POINT('',#10410);
#3021=VERTEX_POINT('',#10414);
#3022=VERTEX_POINT('',#10416);
#3023=VERTEX_POINT('',#10420);
#3024=VERTEX_POINT('',#10422);
#3025=VERTEX_POINT('',#10431);
#3026=VERTEX_POINT('',#10432);
#3027=VERTEX_POINT('',#10434);
#3028=VERTEX_POINT('',#10436);
#3029=VERTEX_POINT('',#10440);
#3030=VERTEX_POINT('',#10442);
#3031=VERTEX_POINT('',#10446);
#3032=VERTEX_POINT('',#10448);
#3033=VERTEX_POINT('',#10457);
#3034=VERTEX_POINT('',#10458);
#3035=VERTEX_POINT('',#10460);
#3036=VERTEX_POINT('',#10462);
#3037=VERTEX_POINT('',#10466);
#3038=VERTEX_POINT('',#10468);
#3039=VERTEX_POINT('',#10472);
#3040=VERTEX_POINT('',#10474);
#3041=VERTEX_POINT('',#10483);
#3042=VERTEX_POINT('',#10484);
#3043=VERTEX_POINT('',#10486);
#3044=VERTEX_POINT('',#10488);
#3045=VERTEX_POINT('',#10492);
#3046=VERTEX_POINT('',#10494);
#3047=VERTEX_POINT('',#10498);
#3048=VERTEX_POINT('',#10502);
#3049=VERTEX_POINT('',#10504);
#3050=VERTEX_POINT('',#10506);
#3051=VERTEX_POINT('',#10510);
#3052=VERTEX_POINT('',#10511);
#3053=VERTEX_POINT('',#10513);
#3054=VERTEX_POINT('',#10515);
#3055=VERTEX_POINT('',#10527);
#3056=VERTEX_POINT('',#10528);
#3057=VERTEX_POINT('',#10530);
#3058=VERTEX_POINT('',#10532);
#3059=VERTEX_POINT('',#10536);
#3060=VERTEX_POINT('',#10538);
#3061=VERTEX_POINT('',#10542);
#3062=VERTEX_POINT('',#10544);
#3063=VERTEX_POINT('',#10548);
#3064=VERTEX_POINT('',#10550);
#3065=VERTEX_POINT('',#10554);
#3066=VERTEX_POINT('',#10556);
#3067=EDGE_CURVE('',#2469,#2470,#1167,.T.);
#3068=EDGE_CURVE('',#2471,#2469,#1168,.T.);
#3069=EDGE_CURVE('',#2472,#2471,#1169,.T.);
#3070=EDGE_CURVE('',#2470,#2472,#1170,.T.);
#3071=EDGE_CURVE('',#2473,#2474,#1171,.T.);
#3072=EDGE_CURVE('',#2475,#2473,#1172,.T.);
#3073=EDGE_CURVE('',#2475,#2476,#1173,.T.);
#3074=EDGE_CURVE('',#2474,#2476,#1174,.T.);
#3075=EDGE_CURVE('',#2477,#2478,#1175,.T.);
#3076=EDGE_CURVE('',#2479,#2478,#1176,.T.);
#3077=EDGE_CURVE('',#2480,#2479,#1177,.T.);
#3078=EDGE_CURVE('',#2477,#2480,#1178,.T.);
#3079=EDGE_CURVE('',#2481,#2482,#1179,.T.);
#3080=EDGE_CURVE('',#2483,#2481,#1180,.T.);
#3081=EDGE_CURVE('',#2483,#2484,#1181,.T.);
#3082=EDGE_CURVE('',#2482,#2484,#1182,.T.);
#3083=EDGE_CURVE('',#2485,#2486,#1183,.T.);
#3084=EDGE_CURVE('',#2487,#2486,#1184,.T.);
#3085=EDGE_CURVE('',#2488,#2487,#1185,.T.);
#3086=EDGE_CURVE('',#2485,#2488,#1186,.T.);
#3087=EDGE_CURVE('',#2479,#2489,#1187,.T.);
#3088=EDGE_CURVE('',#2490,#2489,#1188,.T.);
#3089=EDGE_CURVE('',#2480,#2490,#1189,.T.);
#3090=EDGE_CURVE('',#2488,#2491,#212,.T.);
#3091=EDGE_CURVE('',#2491,#2492,#1190,.T.);
#3092=EDGE_CURVE('',#2492,#2493,#213,.T.);
#3093=EDGE_CURVE('',#2493,#2494,#1191,.T.);
#3094=EDGE_CURVE('',#2494,#2495,#214,.T.);
#3095=EDGE_CURVE('',#2495,#2496,#1192,.T.);
#3096=EDGE_CURVE('',#2496,#2477,#215,.T.);
#3097=EDGE_CURVE('',#2490,#2497,#1193,.T.);
#3098=EDGE_CURVE('',#2497,#2469,#1194,.T.);
#3099=EDGE_CURVE('',#2470,#2498,#216,.T.);
#3100=EDGE_CURVE('',#2498,#2499,#1195,.T.);
#3101=EDGE_CURVE('',#2499,#2500,#217,.T.);
#3102=EDGE_CURVE('',#2500,#2501,#1196,.T.);
#3103=EDGE_CURVE('',#2501,#2502,#218,.T.);
#3104=EDGE_CURVE('',#2502,#2503,#1197,.T.);
#3105=EDGE_CURVE('',#2503,#2475,#219,.T.);
#3106=EDGE_CURVE('',#2473,#2504,#220,.T.);
#3107=EDGE_CURVE('',#2504,#2505,#1198,.T.);
#3108=EDGE_CURVE('',#2505,#2506,#221,.T.);
#3109=EDGE_CURVE('',#2506,#2507,#1199,.T.);
#3110=EDGE_CURVE('',#2507,#2508,#222,.T.);
#3111=EDGE_CURVE('',#2508,#2509,#1200,.T.);
#3112=EDGE_CURVE('',#2509,#2483,#223,.T.);
#3113=EDGE_CURVE('',#2481,#2510,#224,.T.);
#3114=EDGE_CURVE('',#2510,#2511,#1201,.T.);
#3115=EDGE_CURVE('',#2511,#2512,#225,.T.);
#3116=EDGE_CURVE('',#2512,#2513,#1202,.T.);
#3117=EDGE_CURVE('',#2513,#2514,#226,.T.);
#3118=EDGE_CURVE('',#2514,#2515,#1203,.T.);
#3119=EDGE_CURVE('',#2515,#2485,#227,.T.);
#3120=EDGE_CURVE('',#2516,#2517,#1204,.T.);
#3121=EDGE_CURVE('',#2517,#2518,#228,.T.);
#3122=EDGE_CURVE('',#2518,#2519,#1205,.T.);
#3123=EDGE_CURVE('',#2519,#2520,#229,.T.);
#3124=EDGE_CURVE('',#2520,#2521,#1206,.T.);
#3125=EDGE_CURVE('',#2521,#2522,#230,.T.);
#3126=EDGE_CURVE('',#2522,#2523,#1207,.T.);
#3127=EDGE_CURVE('',#2523,#2516,#231,.T.);
#3128=EDGE_CURVE('',#2524,#2525,#1208,.T.);
#3129=EDGE_CURVE('',#2525,#2526,#232,.T.);
#3130=EDGE_CURVE('',#2526,#2527,#1209,.T.);
#3131=EDGE_CURVE('',#2527,#2528,#233,.T.);
#3132=EDGE_CURVE('',#2528,#2529,#1210,.T.);
#3133=EDGE_CURVE('',#2529,#2530,#234,.T.);
#3134=EDGE_CURVE('',#2530,#2531,#1211,.T.);
#3135=EDGE_CURVE('',#2531,#2524,#235,.T.);
#3136=EDGE_CURVE('',#2532,#2533,#1212,.T.);
#3137=EDGE_CURVE('',#2533,#2534,#236,.T.);
#3138=EDGE_CURVE('',#2534,#2535,#1213,.T.);
#3139=EDGE_CURVE('',#2535,#2536,#237,.T.);
#3140=EDGE_CURVE('',#2536,#2537,#1214,.T.);
#3141=EDGE_CURVE('',#2537,#2538,#238,.T.);
#3142=EDGE_CURVE('',#2538,#2539,#1215,.T.);
#3143=EDGE_CURVE('',#2539,#2532,#239,.T.);
#3144=EDGE_CURVE('',#2540,#2541,#1216,.T.);
#3145=EDGE_CURVE('',#2541,#2542,#240,.T.);
#3146=EDGE_CURVE('',#2542,#2543,#1217,.T.);
#3147=EDGE_CURVE('',#2543,#2544,#241,.T.);
#3148=EDGE_CURVE('',#2544,#2545,#1218,.T.);
#3149=EDGE_CURVE('',#2545,#2546,#242,.T.);
#3150=EDGE_CURVE('',#2546,#2547,#1219,.T.);
#3151=EDGE_CURVE('',#2547,#2540,#243,.T.);
#3152=EDGE_CURVE('',#2548,#2549,#1220,.T.);
#3153=EDGE_CURVE('',#2549,#2550,#244,.T.);
#3154=EDGE_CURVE('',#2550,#2551,#1221,.T.);
#3155=EDGE_CURVE('',#2551,#2552,#245,.T.);
#3156=EDGE_CURVE('',#2552,#2553,#1222,.T.);
#3157=EDGE_CURVE('',#2553,#2554,#246,.T.);
#3158=EDGE_CURVE('',#2554,#2555,#1223,.T.);
#3159=EDGE_CURVE('',#2555,#2548,#247,.T.);
#3160=EDGE_CURVE('',#2556,#2557,#1224,.T.);
#3161=EDGE_CURVE('',#2557,#2558,#248,.T.);
#3162=EDGE_CURVE('',#2558,#2559,#1225,.T.);
#3163=EDGE_CURVE('',#2559,#2560,#249,.T.);
#3164=EDGE_CURVE('',#2560,#2561,#1226,.T.);
#3165=EDGE_CURVE('',#2561,#2562,#250,.T.);
#3166=EDGE_CURVE('',#2562,#2563,#1227,.T.);
#3167=EDGE_CURVE('',#2563,#2556,#251,.T.);
#3168=EDGE_CURVE('',#2564,#2565,#1228,.T.);
#3169=EDGE_CURVE('',#2565,#2566,#252,.T.);
#3170=EDGE_CURVE('',#2566,#2567,#1229,.T.);
#3171=EDGE_CURVE('',#2567,#2568,#253,.T.);
#3172=EDGE_CURVE('',#2568,#2569,#1230,.T.);
#3173=EDGE_CURVE('',#2569,#2570,#254,.T.);
#3174=EDGE_CURVE('',#2570,#2571,#1231,.T.);
#3175=EDGE_CURVE('',#2571,#2564,#255,.T.);
#3176=EDGE_CURVE('',#2572,#2573,#1232,.T.);
#3177=EDGE_CURVE('',#2573,#2574,#256,.T.);
#3178=EDGE_CURVE('',#2574,#2575,#1233,.T.);
#3179=EDGE_CURVE('',#2575,#2576,#257,.T.);
#3180=EDGE_CURVE('',#2576,#2577,#1234,.T.);
#3181=EDGE_CURVE('',#2577,#2578,#258,.T.);
#3182=EDGE_CURVE('',#2578,#2579,#1235,.T.);
#3183=EDGE_CURVE('',#2579,#2572,#259,.T.);
#3184=EDGE_CURVE('',#2580,#2486,#260,.T.);
#3185=EDGE_CURVE('',#2581,#2580,#1236,.T.);
#3186=EDGE_CURVE('',#2582,#2581,#261,.T.);
#3187=EDGE_CURVE('',#2583,#2582,#1237,.T.);
#3188=EDGE_CURVE('',#2584,#2583,#262,.T.);
#3189=EDGE_CURVE('',#2585,#2584,#1238,.T.);
#3190=EDGE_CURVE('',#2482,#2585,#263,.T.);
#3191=EDGE_CURVE('',#2586,#2484,#264,.T.);
#3192=EDGE_CURVE('',#2587,#2586,#1239,.T.);
#3193=EDGE_CURVE('',#2588,#2587,#265,.T.);
#3194=EDGE_CURVE('',#2589,#2588,#1240,.T.);
#3195=EDGE_CURVE('',#2590,#2589,#266,.T.);
#3196=EDGE_CURVE('',#2591,#2590,#1241,.T.);
#3197=EDGE_CURVE('',#2474,#2591,#267,.T.);
#3198=EDGE_CURVE('',#2592,#2476,#268,.T.);
#3199=EDGE_CURVE('',#2593,#2592,#1242,.T.);
#3200=EDGE_CURVE('',#2594,#2593,#269,.T.);
#3201=EDGE_CURVE('',#2595,#2594,#1243,.T.);
#3202=EDGE_CURVE('',#2596,#2595,#270,.T.);
#3203=EDGE_CURVE('',#2597,#2596,#1244,.T.);
#3204=EDGE_CURVE('',#2472,#2597,#271,.T.);
#3205=EDGE_CURVE('',#2598,#2471,#1245,.T.);
#3206=EDGE_CURVE('',#2489,#2598,#1246,.T.);
#3207=EDGE_CURVE('',#2599,#2478,#272,.T.);
#3208=EDGE_CURVE('',#2600,#2599,#1247,.T.);
#3209=EDGE_CURVE('',#2601,#2600,#273,.T.);
#3210=EDGE_CURVE('',#2602,#2601,#1248,.T.);
#3211=EDGE_CURVE('',#2603,#2602,#274,.T.);
#3212=EDGE_CURVE('',#2604,#2603,#1249,.T.);
#3213=EDGE_CURVE('',#2487,#2604,#275,.T.);
#3214=EDGE_CURVE('',#2605,#2606,#1250,.T.);
#3215=EDGE_CURVE('',#2607,#2605,#276,.T.);
#3216=EDGE_CURVE('',#2608,#2607,#1251,.T.);
#3217=EDGE_CURVE('',#2609,#2608,#277,.T.);
#3218=EDGE_CURVE('',#2610,#2609,#1252,.T.);
#3219=EDGE_CURVE('',#2611,#2610,#278,.T.);
#3220=EDGE_CURVE('',#2612,#2611,#1253,.T.);
#3221=EDGE_CURVE('',#2606,#2612,#279,.T.);
#3222=EDGE_CURVE('',#2613,#2614,#1254,.T.);
#3223=EDGE_CURVE('',#2615,#2613,#280,.T.);
#3224=EDGE_CURVE('',#2616,#2615,#1255,.T.);
#3225=EDGE_CURVE('',#2617,#2616,#281,.T.);
#3226=EDGE_CURVE('',#2618,#2617,#1256,.T.);
#3227=EDGE_CURVE('',#2619,#2618,#282,.T.);
#3228=EDGE_CURVE('',#2620,#2619,#1257,.T.);
#3229=EDGE_CURVE('',#2614,#2620,#283,.T.);
#3230=EDGE_CURVE('',#2621,#2622,#1258,.T.);
#3231=EDGE_CURVE('',#2623,#2621,#284,.T.);
#3232=EDGE_CURVE('',#2624,#2623,#1259,.T.);
#3233=EDGE_CURVE('',#2625,#2624,#285,.T.);
#3234=EDGE_CURVE('',#2626,#2625,#1260,.T.);
#3235=EDGE_CURVE('',#2627,#2626,#286,.T.);
#3236=EDGE_CURVE('',#2628,#2627,#1261,.T.);
#3237=EDGE_CURVE('',#2622,#2628,#287,.T.);
#3238=EDGE_CURVE('',#2629,#2630,#1262,.T.);
#3239=EDGE_CURVE('',#2631,#2629,#288,.T.);
#3240=EDGE_CURVE('',#2632,#2631,#1263,.T.);
#3241=EDGE_CURVE('',#2633,#2632,#289,.T.);
#3242=EDGE_CURVE('',#2634,#2633,#1264,.T.);
#3243=EDGE_CURVE('',#2635,#2634,#290,.T.);
#3244=EDGE_CURVE('',#2636,#2635,#1265,.T.);
#3245=EDGE_CURVE('',#2630,#2636,#291,.T.);
#3246=EDGE_CURVE('',#2637,#2638,#1266,.T.);
#3247=EDGE_CURVE('',#2639,#2637,#292,.T.);
#3248=EDGE_CURVE('',#2640,#2639,#1267,.T.);
#3249=EDGE_CURVE('',#2641,#2640,#293,.T.);
#3250=EDGE_CURVE('',#2642,#2641,#1268,.T.);
#3251=EDGE_CURVE('',#2643,#2642,#294,.T.);
#3252=EDGE_CURVE('',#2644,#2643,#1269,.T.);
#3253=EDGE_CURVE('',#2638,#2644,#295,.T.);
#3254=EDGE_CURVE('',#2645,#2646,#1270,.T.);
#3255=EDGE_CURVE('',#2647,#2645,#296,.T.);
#3256=EDGE_CURVE('',#2648,#2647,#1271,.T.);
#3257=EDGE_CURVE('',#2649,#2648,#297,.T.);
#3258=EDGE_CURVE('',#2650,#2649,#1272,.T.);
#3259=EDGE_CURVE('',#2651,#2650,#298,.T.);
#3260=EDGE_CURVE('',#2652,#2651,#1273,.T.);
#3261=EDGE_CURVE('',#2646,#2652,#299,.T.);
#3262=EDGE_CURVE('',#2653,#2654,#1274,.T.);
#3263=EDGE_CURVE('',#2655,#2653,#300,.T.);
#3264=EDGE_CURVE('',#2656,#2655,#1275,.T.);
#3265=EDGE_CURVE('',#2657,#2656,#301,.T.);
#3266=EDGE_CURVE('',#2658,#2657,#1276,.T.);
#3267=EDGE_CURVE('',#2659,#2658,#302,.T.);
#3268=EDGE_CURVE('',#2660,#2659,#1277,.T.);
#3269=EDGE_CURVE('',#2654,#2660,#303,.T.);
#3270=EDGE_CURVE('',#2661,#2662,#1278,.T.);
#3271=EDGE_CURVE('',#2663,#2661,#304,.T.);
#3272=EDGE_CURVE('',#2664,#2663,#1279,.T.);
#3273=EDGE_CURVE('',#2665,#2664,#305,.T.);
#3274=EDGE_CURVE('',#2666,#2665,#1280,.T.);
#3275=EDGE_CURVE('',#2667,#2666,#306,.T.);
#3276=EDGE_CURVE('',#2668,#2667,#1281,.T.);
#3277=EDGE_CURVE('',#2662,#2668,#307,.T.);
#3278=EDGE_CURVE('',#2510,#2585,#1282,.T.);
#3279=EDGE_CURVE('',#2511,#2584,#1283,.T.);
#3280=EDGE_CURVE('',#2512,#2583,#1284,.T.);
#3281=EDGE_CURVE('',#2504,#2591,#1285,.T.);
#3282=EDGE_CURVE('',#2505,#2590,#1286,.T.);
#3283=EDGE_CURVE('',#2506,#2589,#1287,.T.);
#3284=EDGE_CURVE('',#2521,#2665,#1288,.T.);
#3285=EDGE_CURVE('',#2520,#2666,#1289,.T.);
#3286=EDGE_CURVE('',#2522,#2664,#1290,.T.);
#3287=EDGE_CURVE('',#2523,#2663,#1291,.T.);
#3288=EDGE_CURVE('',#2516,#2661,#1292,.T.);
#3289=EDGE_CURVE('',#2529,#2657,#1293,.T.);
#3290=EDGE_CURVE('',#2528,#2658,#1294,.T.);
#3291=EDGE_CURVE('',#2530,#2656,#1295,.T.);
#3292=EDGE_CURVE('',#2531,#2655,#1296,.T.);
#3293=EDGE_CURVE('',#2524,#2653,#1297,.T.);
#3294=EDGE_CURVE('',#2491,#2604,#1298,.T.);
#3295=EDGE_CURVE('',#2492,#2603,#1299,.T.);
#3296=EDGE_CURVE('',#2493,#2602,#1300,.T.);
#3297=EDGE_CURVE('',#2498,#2597,#1301,.T.);
#3298=EDGE_CURVE('',#2499,#2596,#1302,.T.);
#3299=EDGE_CURVE('',#2500,#2595,#1303,.T.);
#3300=EDGE_CURVE('',#2537,#2649,#1304,.T.);
#3301=EDGE_CURVE('',#2536,#2650,#1305,.T.);
#3302=EDGE_CURVE('',#2538,#2648,#1306,.T.);
#3303=EDGE_CURVE('',#2539,#2647,#1307,.T.);
#3304=EDGE_CURVE('',#2532,#2645,#1308,.T.);
#3305=EDGE_CURVE('',#2545,#2641,#1309,.T.);
#3306=EDGE_CURVE('',#2544,#2642,#1310,.T.);
#3307=EDGE_CURVE('',#2546,#2640,#1311,.T.);
#3308=EDGE_CURVE('',#2547,#2639,#1312,.T.);
#3309=EDGE_CURVE('',#2540,#2637,#1313,.T.);
#3310=EDGE_CURVE('',#2553,#2633,#1314,.T.);
#3311=EDGE_CURVE('',#2552,#2634,#1315,.T.);
#3312=EDGE_CURVE('',#2554,#2632,#1316,.T.);
#3313=EDGE_CURVE('',#2555,#2631,#1317,.T.);
#3314=EDGE_CURVE('',#2548,#2629,#1318,.T.);
#3315=EDGE_CURVE('',#2561,#2625,#1319,.T.);
#3316=EDGE_CURVE('',#2560,#2626,#1320,.T.);
#3317=EDGE_CURVE('',#2562,#2624,#1321,.T.);
#3318=EDGE_CURVE('',#2563,#2623,#1322,.T.);
#3319=EDGE_CURVE('',#2556,#2621,#1323,.T.);
#3320=EDGE_CURVE('',#2569,#2617,#1324,.T.);
#3321=EDGE_CURVE('',#2568,#2618,#1325,.T.);
#3322=EDGE_CURVE('',#2570,#2616,#1326,.T.);
#3323=EDGE_CURVE('',#2571,#2615,#1327,.T.);
#3324=EDGE_CURVE('',#2564,#2613,#1328,.T.);
#3325=EDGE_CURVE('',#2577,#2609,#1329,.T.);
#3326=EDGE_CURVE('',#2576,#2610,#1330,.T.);
#3327=EDGE_CURVE('',#2578,#2608,#1331,.T.);
#3328=EDGE_CURVE('',#2579,#2607,#1332,.T.);
#3329=EDGE_CURVE('',#2572,#2605,#1333,.T.);
#3330=EDGE_CURVE('',#2497,#2598,#1334,.T.);
#3331=EDGE_CURVE('',#2515,#2580,#1335,.T.);
#3332=EDGE_CURVE('',#2514,#2581,#1336,.T.);
#3333=EDGE_CURVE('',#2513,#2582,#1337,.T.);
#3334=EDGE_CURVE('',#2509,#2586,#1338,.T.);
#3335=EDGE_CURVE('',#2508,#2587,#1339,.T.);
#3336=EDGE_CURVE('',#2507,#2588,#1340,.T.);
#3337=EDGE_CURVE('',#2519,#2667,#1341,.T.);
#3338=EDGE_CURVE('',#2518,#2668,#1342,.T.);
#3339=EDGE_CURVE('',#2517,#2662,#1343,.T.);
#3340=EDGE_CURVE('',#2527,#2659,#1344,.T.);
#3341=EDGE_CURVE('',#2526,#2660,#1345,.T.);
#3342=EDGE_CURVE('',#2525,#2654,#1346,.T.);
#3343=EDGE_CURVE('',#2496,#2599,#1347,.T.);
#3344=EDGE_CURVE('',#2495,#2600,#1348,.T.);
#3345=EDGE_CURVE('',#2494,#2601,#1349,.T.);
#3346=EDGE_CURVE('',#2503,#2592,#1350,.T.);
#3347=EDGE_CURVE('',#2502,#2593,#1351,.T.);
#3348=EDGE_CURVE('',#2501,#2594,#1352,.T.);
#3349=EDGE_CURVE('',#2535,#2651,#1353,.T.);
#3350=EDGE_CURVE('',#2534,#2652,#1354,.T.);
#3351=EDGE_CURVE('',#2533,#2646,#1355,.T.);
#3352=EDGE_CURVE('',#2543,#2643,#1356,.T.);
#3353=EDGE_CURVE('',#2542,#2644,#1357,.T.);
#3354=EDGE_CURVE('',#2541,#2638,#1358,.T.);
#3355=EDGE_CURVE('',#2551,#2635,#1359,.T.);
#3356=EDGE_CURVE('',#2550,#2636,#1360,.T.);
#3357=EDGE_CURVE('',#2549,#2630,#1361,.T.);
#3358=EDGE_CURVE('',#2559,#2627,#1362,.T.);
#3359=EDGE_CURVE('',#2558,#2628,#1363,.T.);
#3360=EDGE_CURVE('',#2557,#2622,#1364,.T.);
#3361=EDGE_CURVE('',#2567,#2619,#1365,.T.);
#3362=EDGE_CURVE('',#2566,#2620,#1366,.T.);
#3363=EDGE_CURVE('',#2565,#2614,#1367,.T.);
#3364=EDGE_CURVE('',#2575,#2611,#1368,.T.);
#3365=EDGE_CURVE('',#2574,#2612,#1369,.T.);
#3366=EDGE_CURVE('',#2573,#2606,#1370,.T.);
#3367=EDGE_CURVE('',#2669,#2670,#308,.T.);
#3368=EDGE_CURVE('',#2670,#2671,#1371,.T.);
#3369=EDGE_CURVE('',#2671,#2672,#309,.T.);
#3370=EDGE_CURVE('',#2672,#2669,#1372,.T.);
#3371=EDGE_CURVE('',#2673,#2670,#1373,.T.);
#3372=EDGE_CURVE('',#2674,#2673,#1374,.T.);
#3373=EDGE_CURVE('',#2674,#2671,#1375,.T.);
#3374=EDGE_CURVE('',#2675,#2676,#310,.T.);
#3375=EDGE_CURVE('',#2676,#2677,#1376,.T.);
#3376=EDGE_CURVE('',#2677,#2678,#311,.T.);
#3377=EDGE_CURVE('',#2678,#2675,#1377,.T.);
#3378=EDGE_CURVE('',#2679,#2676,#1378,.T.);
#3379=EDGE_CURVE('',#2680,#2679,#1379,.T.);
#3380=EDGE_CURVE('',#2677,#2680,#1380,.T.);
#3381=EDGE_CURVE('',#2681,#2682,#1381,.T.);
#3382=EDGE_CURVE('',#2683,#2682,#1382,.T.);
#3383=EDGE_CURVE('',#2684,#2683,#1383,.T.);
#3384=EDGE_CURVE('',#2684,#2681,#1384,.T.);
#3385=EDGE_CURVE('',#2675,#2672,#1385,.T.);
#3386=EDGE_CURVE('',#2685,#2674,#312,.T.);
#3387=EDGE_CURVE('',#2685,#2686,#1386,.T.);
#3388=EDGE_CURVE('',#2679,#2686,#313,.T.);
#3389=EDGE_CURVE('',#2669,#2678,#1387,.T.);
#3390=EDGE_CURVE('',#2687,#2688,#314,.T.);
#3391=EDGE_CURVE('',#2689,#2687,#1388,.T.);
#3392=EDGE_CURVE('',#2690,#2689,#315,.T.);
#3393=EDGE_CURVE('',#2690,#2688,#1389,.T.);
#3394=EDGE_CURVE('',#2688,#2691,#1390,.T.);
#3395=EDGE_CURVE('',#2692,#2690,#1391,.T.);
#3396=EDGE_CURVE('',#2692,#2691,#1392,.T.);
#3397=EDGE_CURVE('',#2691,#2693,#316,.T.);
#3398=EDGE_CURVE('',#2694,#2692,#317,.T.);
#3399=EDGE_CURVE('',#2694,#2693,#1393,.T.);
#3400=EDGE_CURVE('',#2693,#2695,#1394,.T.);
#3401=EDGE_CURVE('',#2696,#2694,#1395,.T.);
#3402=EDGE_CURVE('',#2695,#2696,#1396,.T.);
#3403=EDGE_CURVE('',#2695,#2697,#318,.T.);
#3404=EDGE_CURVE('',#2698,#2696,#319,.T.);
#3405=EDGE_CURVE('',#2698,#2697,#1397,.T.);
#3406=EDGE_CURVE('',#2697,#2699,#1398,.T.);
#3407=EDGE_CURVE('',#2700,#2698,#1399,.T.);
#3408=EDGE_CURVE('',#2700,#2699,#1400,.T.);
#3409=EDGE_CURVE('',#2699,#2701,#320,.T.);
#3410=EDGE_CURVE('',#2702,#2700,#321,.T.);
#3411=EDGE_CURVE('',#2702,#2701,#1401,.T.);
#3412=EDGE_CURVE('',#2701,#2687,#1402,.T.);
#3413=EDGE_CURVE('',#2689,#2702,#1403,.T.);
#3414=EDGE_CURVE('',#2703,#2704,#1404,.T.);
#3415=EDGE_CURVE('',#2705,#2703,#1405,.T.);
#3416=EDGE_CURVE('',#2706,#2705,#1406,.T.);
#3417=EDGE_CURVE('',#2707,#2706,#1407,.T.);
#3418=EDGE_CURVE('',#2708,#2707,#1408,.T.);
#3419=EDGE_CURVE('',#2709,#2708,#1409,.T.);
#3420=EDGE_CURVE('',#2709,#2710,#1410,.T.);
#3421=EDGE_CURVE('',#2704,#2710,#1411,.T.);
#3422=EDGE_CURVE('',#2706,#2711,#1412,.T.);
#3423=EDGE_CURVE('',#2712,#2705,#1413,.T.);
#3424=EDGE_CURVE('',#2711,#2712,#1414,.T.);
#3425=EDGE_CURVE('',#2713,#2714,#1415,.T.);
#3426=EDGE_CURVE('',#2711,#2713,#1416,.T.);
#3427=EDGE_CURVE('',#2714,#2712,#1417,.T.);
#3428=EDGE_CURVE('',#2704,#2713,#1418,.T.);
#3429=EDGE_CURVE('',#2714,#2681,#1419,.T.);
#3430=EDGE_CURVE('',#2715,#2684,#1420,.T.);
#3431=EDGE_CURVE('',#2715,#2716,#1421,.T.);
#3432=EDGE_CURVE('',#2716,#2717,#1422,.T.);
#3433=EDGE_CURVE('',#2717,#2718,#1423,.T.);
#3434=EDGE_CURVE('',#2718,#2703,#1424,.T.);
#3435=EDGE_CURVE('',#2719,#2720,#1425,.T.);
#3436=EDGE_CURVE('',#2721,#2719,#1426,.T.);
#3437=EDGE_CURVE('',#2722,#2721,#1427,.T.);
#3438=EDGE_CURVE('',#2720,#2722,#1428,.T.);
#3439=EDGE_CURVE('',#2723,#2724,#1429,.T.);
#3440=EDGE_CURVE('',#2725,#2723,#1430,.T.);
#3441=EDGE_CURVE('',#2725,#2726,#1431,.T.);
#3442=EDGE_CURVE('',#2724,#2726,#1432,.T.);
#3443=EDGE_CURVE('',#2727,#2728,#1433,.T.);
#3444=EDGE_CURVE('',#2729,#2728,#1434,.T.);
#3445=EDGE_CURVE('',#2730,#2729,#1435,.T.);
#3446=EDGE_CURVE('',#2727,#2730,#1436,.T.);
#3447=EDGE_CURVE('',#2731,#2732,#1437,.T.);
#3448=EDGE_CURVE('',#2733,#2731,#1438,.T.);
#3449=EDGE_CURVE('',#2733,#2734,#1439,.T.);
#3450=EDGE_CURVE('',#2732,#2734,#1440,.T.);
#3451=EDGE_CURVE('',#2735,#2736,#1441,.T.);
#3452=EDGE_CURVE('',#2737,#2736,#1442,.T.);
#3453=EDGE_CURVE('',#2738,#2737,#1443,.T.);
#3454=EDGE_CURVE('',#2735,#2738,#1444,.T.);
#3455=EDGE_CURVE('',#2729,#2710,#1445,.T.);
#3456=EDGE_CURVE('',#2730,#2709,#1446,.T.);
#3457=EDGE_CURVE('',#2720,#2739,#1447,.T.);
#3458=EDGE_CURVE('',#2722,#2740,#322,.T.);
#3459=EDGE_CURVE('',#2740,#2741,#1448,.T.);
#3460=EDGE_CURVE('',#2741,#2742,#323,.T.);
#3461=EDGE_CURVE('',#2742,#2743,#1449,.T.);
#3462=EDGE_CURVE('',#2743,#2744,#324,.T.);
#3463=EDGE_CURVE('',#2744,#2745,#1450,.T.);
#3464=EDGE_CURVE('',#2745,#2725,#325,.T.);
#3465=EDGE_CURVE('',#2723,#2746,#326,.T.);
#3466=EDGE_CURVE('',#2746,#2747,#1451,.T.);
#3467=EDGE_CURVE('',#2747,#2748,#327,.T.);
#3468=EDGE_CURVE('',#2748,#2749,#1452,.T.);
#3469=EDGE_CURVE('',#2749,#2750,#328,.T.);
#3470=EDGE_CURVE('',#2750,#2751,#1453,.T.);
#3471=EDGE_CURVE('',#2751,#2733,#329,.T.);
#3472=EDGE_CURVE('',#2731,#2752,#330,.T.);
#3473=EDGE_CURVE('',#2752,#2753,#1454,.T.);
#3474=EDGE_CURVE('',#2753,#2754,#331,.T.);
#3475=EDGE_CURVE('',#2754,#2755,#1455,.T.);
#3476=EDGE_CURVE('',#2755,#2756,#332,.T.);
#3477=EDGE_CURVE('',#2756,#2757,#1456,.T.);
#3478=EDGE_CURVE('',#2757,#2735,#333,.T.);
#3479=EDGE_CURVE('',#2738,#2758,#334,.T.);
#3480=EDGE_CURVE('',#2758,#2759,#1457,.T.);
#3481=EDGE_CURVE('',#2759,#2760,#335,.T.);
#3482=EDGE_CURVE('',#2760,#2761,#1458,.T.);
#3483=EDGE_CURVE('',#2761,#2762,#336,.T.);
#3484=EDGE_CURVE('',#2762,#2763,#1459,.T.);
#3485=EDGE_CURVE('',#2763,#2727,#337,.T.);
#3486=EDGE_CURVE('',#2708,#2764,#1460,.T.);
#3487=EDGE_CURVE('',#2739,#2764,#1461,.T.);
#3488=EDGE_CURVE('',#2765,#2766,#1462,.T.);
#3489=EDGE_CURVE('',#2766,#2767,#338,.T.);
#3490=EDGE_CURVE('',#2767,#2768,#1463,.T.);
#3491=EDGE_CURVE('',#2768,#2769,#339,.T.);
#3492=EDGE_CURVE('',#2769,#2770,#1464,.T.);
#3493=EDGE_CURVE('',#2770,#2771,#340,.T.);
#3494=EDGE_CURVE('',#2771,#2772,#1465,.T.);
#3495=EDGE_CURVE('',#2772,#2765,#341,.T.);
#3496=EDGE_CURVE('',#2773,#2774,#1466,.T.);
#3497=EDGE_CURVE('',#2774,#2775,#342,.T.);
#3498=EDGE_CURVE('',#2775,#2776,#1467,.T.);
#3499=EDGE_CURVE('',#2776,#2777,#343,.T.);
#3500=EDGE_CURVE('',#2777,#2778,#1468,.T.);
#3501=EDGE_CURVE('',#2778,#2779,#344,.T.);
#3502=EDGE_CURVE('',#2779,#2780,#1469,.T.);
#3503=EDGE_CURVE('',#2780,#2773,#345,.T.);
#3504=EDGE_CURVE('',#2781,#2782,#1470,.T.);
#3505=EDGE_CURVE('',#2782,#2783,#346,.T.);
#3506=EDGE_CURVE('',#2783,#2784,#1471,.T.);
#3507=EDGE_CURVE('',#2784,#2785,#347,.T.);
#3508=EDGE_CURVE('',#2785,#2786,#1472,.T.);
#3509=EDGE_CURVE('',#2786,#2787,#348,.T.);
#3510=EDGE_CURVE('',#2787,#2788,#1473,.T.);
#3511=EDGE_CURVE('',#2788,#2781,#349,.T.);
#3512=EDGE_CURVE('',#2789,#2790,#1474,.T.);
#3513=EDGE_CURVE('',#2790,#2791,#350,.T.);
#3514=EDGE_CURVE('',#2791,#2792,#1475,.T.);
#3515=EDGE_CURVE('',#2792,#2793,#351,.T.);
#3516=EDGE_CURVE('',#2793,#2794,#1476,.T.);
#3517=EDGE_CURVE('',#2794,#2795,#352,.T.);
#3518=EDGE_CURVE('',#2795,#2796,#1477,.T.);
#3519=EDGE_CURVE('',#2796,#2789,#353,.T.);
#3520=EDGE_CURVE('',#2797,#2798,#1478,.T.);
#3521=EDGE_CURVE('',#2798,#2799,#354,.T.);
#3522=EDGE_CURVE('',#2799,#2800,#1479,.T.);
#3523=EDGE_CURVE('',#2800,#2801,#355,.T.);
#3524=EDGE_CURVE('',#2801,#2802,#1480,.T.);
#3525=EDGE_CURVE('',#2802,#2803,#356,.T.);
#3526=EDGE_CURVE('',#2803,#2804,#1481,.T.);
#3527=EDGE_CURVE('',#2804,#2797,#357,.T.);
#3528=EDGE_CURVE('',#2805,#2806,#1482,.T.);
#3529=EDGE_CURVE('',#2806,#2807,#358,.T.);
#3530=EDGE_CURVE('',#2807,#2808,#1483,.T.);
#3531=EDGE_CURVE('',#2808,#2809,#359,.T.);
#3532=EDGE_CURVE('',#2809,#2810,#1484,.T.);
#3533=EDGE_CURVE('',#2810,#2811,#360,.T.);
#3534=EDGE_CURVE('',#2811,#2812,#1485,.T.);
#3535=EDGE_CURVE('',#2812,#2805,#361,.T.);
#3536=EDGE_CURVE('',#2813,#2814,#1486,.T.);
#3537=EDGE_CURVE('',#2814,#2815,#362,.T.);
#3538=EDGE_CURVE('',#2815,#2816,#1487,.T.);
#3539=EDGE_CURVE('',#2816,#2817,#363,.T.);
#3540=EDGE_CURVE('',#2817,#2818,#1488,.T.);
#3541=EDGE_CURVE('',#2818,#2819,#364,.T.);
#3542=EDGE_CURVE('',#2819,#2820,#1489,.T.);
#3543=EDGE_CURVE('',#2820,#2813,#365,.T.);
#3544=EDGE_CURVE('',#2821,#2822,#1490,.T.);
#3545=EDGE_CURVE('',#2822,#2823,#366,.T.);
#3546=EDGE_CURVE('',#2823,#2824,#1491,.T.);
#3547=EDGE_CURVE('',#2824,#2825,#367,.T.);
#3548=EDGE_CURVE('',#2825,#2826,#1492,.T.);
#3549=EDGE_CURVE('',#2826,#2827,#368,.T.);
#3550=EDGE_CURVE('',#2827,#2828,#1493,.T.);
#3551=EDGE_CURVE('',#2828,#2821,#369,.T.);
#3552=EDGE_CURVE('',#2732,#2829,#370,.T.);
#3553=EDGE_CURVE('',#2752,#2829,#1494,.T.);
#3554=EDGE_CURVE('',#2829,#2830,#1495,.T.);
#3555=EDGE_CURVE('',#2753,#2830,#1496,.T.);
#3556=EDGE_CURVE('',#2830,#2831,#371,.T.);
#3557=EDGE_CURVE('',#2754,#2831,#1497,.T.);
#3558=EDGE_CURVE('',#2724,#2832,#372,.T.);
#3559=EDGE_CURVE('',#2746,#2832,#1498,.T.);
#3560=EDGE_CURVE('',#2832,#2833,#1499,.T.);
#3561=EDGE_CURVE('',#2747,#2833,#1500,.T.);
#3562=EDGE_CURVE('',#2833,#2834,#373,.T.);
#3563=EDGE_CURVE('',#2748,#2834,#1501,.T.);
#3564=EDGE_CURVE('',#2835,#2836,#1502,.T.);
#3565=EDGE_CURVE('',#2770,#2836,#1503,.T.);
#3566=EDGE_CURVE('',#2769,#2835,#1504,.T.);
#3567=EDGE_CURVE('',#2836,#2837,#374,.T.);
#3568=EDGE_CURVE('',#2771,#2837,#1505,.T.);
#3569=EDGE_CURVE('',#2837,#2838,#1506,.T.);
#3570=EDGE_CURVE('',#2772,#2838,#1507,.T.);
#3571=EDGE_CURVE('',#2838,#2839,#375,.T.);
#3572=EDGE_CURVE('',#2765,#2839,#1508,.T.);
#3573=EDGE_CURVE('',#2840,#2841,#1509,.T.);
#3574=EDGE_CURVE('',#2778,#2841,#1510,.T.);
#3575=EDGE_CURVE('',#2777,#2840,#1511,.T.);
#3576=EDGE_CURVE('',#2841,#2842,#376,.T.);
#3577=EDGE_CURVE('',#2779,#2842,#1512,.T.);
#3578=EDGE_CURVE('',#2842,#2843,#1513,.T.);
#3579=EDGE_CURVE('',#2780,#2843,#1514,.T.);
#3580=EDGE_CURVE('',#2843,#2844,#377,.T.);
#3581=EDGE_CURVE('',#2773,#2844,#1515,.T.);
#3582=EDGE_CURVE('',#2737,#2845,#378,.T.);
#3583=EDGE_CURVE('',#2758,#2845,#1516,.T.);
#3584=EDGE_CURVE('',#2845,#2846,#1517,.T.);
#3585=EDGE_CURVE('',#2759,#2846,#1518,.T.);
#3586=EDGE_CURVE('',#2846,#2847,#379,.T.);
#3587=EDGE_CURVE('',#2760,#2847,#1519,.T.);
#3588=EDGE_CURVE('',#2721,#2848,#380,.T.);
#3589=EDGE_CURVE('',#2740,#2848,#1520,.T.);
#3590=EDGE_CURVE('',#2848,#2849,#1521,.T.);
#3591=EDGE_CURVE('',#2741,#2849,#1522,.T.);
#3592=EDGE_CURVE('',#2849,#2850,#381,.T.);
#3593=EDGE_CURVE('',#2742,#2850,#1523,.T.);
#3594=EDGE_CURVE('',#2851,#2852,#1524,.T.);
#3595=EDGE_CURVE('',#2786,#2852,#1525,.T.);
#3596=EDGE_CURVE('',#2785,#2851,#1526,.T.);
#3597=EDGE_CURVE('',#2852,#2853,#382,.T.);
#3598=EDGE_CURVE('',#2787,#2853,#1527,.T.);
#3599=EDGE_CURVE('',#2853,#2854,#1528,.T.);
#3600=EDGE_CURVE('',#2788,#2854,#1529,.T.);
#3601=EDGE_CURVE('',#2854,#2855,#383,.T.);
#3602=EDGE_CURVE('',#2781,#2855,#1530,.T.);
#3603=EDGE_CURVE('',#2856,#2857,#1531,.T.);
#3604=EDGE_CURVE('',#2794,#2857,#1532,.T.);
#3605=EDGE_CURVE('',#2793,#2856,#1533,.T.);
#3606=EDGE_CURVE('',#2857,#2858,#384,.T.);
#3607=EDGE_CURVE('',#2795,#2858,#1534,.T.);
#3608=EDGE_CURVE('',#2858,#2859,#1535,.T.);
#3609=EDGE_CURVE('',#2796,#2859,#1536,.T.);
#3610=EDGE_CURVE('',#2859,#2860,#385,.T.);
#3611=EDGE_CURVE('',#2789,#2860,#1537,.T.);
#3612=EDGE_CURVE('',#2861,#2862,#1538,.T.);
#3613=EDGE_CURVE('',#2802,#2862,#1539,.T.);
#3614=EDGE_CURVE('',#2801,#2861,#1540,.T.);
#3615=EDGE_CURVE('',#2862,#2863,#386,.T.);
#3616=EDGE_CURVE('',#2803,#2863,#1541,.T.);
#3617=EDGE_CURVE('',#2863,#2864,#1542,.T.);
#3618=EDGE_CURVE('',#2804,#2864,#1543,.T.);
#3619=EDGE_CURVE('',#2864,#2865,#387,.T.);
#3620=EDGE_CURVE('',#2797,#2865,#1544,.T.);
#3621=EDGE_CURVE('',#2866,#2867,#1545,.T.);
#3622=EDGE_CURVE('',#2810,#2867,#1546,.T.);
#3623=EDGE_CURVE('',#2809,#2866,#1547,.T.);
#3624=EDGE_CURVE('',#2867,#2868,#388,.T.);
#3625=EDGE_CURVE('',#2811,#2868,#1548,.T.);
#3626=EDGE_CURVE('',#2868,#2869,#1549,.T.);
#3627=EDGE_CURVE('',#2812,#2869,#1550,.T.);
#3628=EDGE_CURVE('',#2869,#2870,#389,.T.);
#3629=EDGE_CURVE('',#2805,#2870,#1551,.T.);
#3630=EDGE_CURVE('',#2871,#2872,#1552,.T.);
#3631=EDGE_CURVE('',#2818,#2872,#1553,.T.);
#3632=EDGE_CURVE('',#2817,#2871,#1554,.T.);
#3633=EDGE_CURVE('',#2872,#2873,#390,.T.);
#3634=EDGE_CURVE('',#2819,#2873,#1555,.T.);
#3635=EDGE_CURVE('',#2873,#2874,#1556,.T.);
#3636=EDGE_CURVE('',#2820,#2874,#1557,.T.);
#3637=EDGE_CURVE('',#2874,#2875,#391,.T.);
#3638=EDGE_CURVE('',#2813,#2875,#1558,.T.);
#3639=EDGE_CURVE('',#2876,#2877,#1559,.T.);
#3640=EDGE_CURVE('',#2826,#2877,#1560,.T.);
#3641=EDGE_CURVE('',#2825,#2876,#1561,.T.);
#3642=EDGE_CURVE('',#2877,#2878,#392,.T.);
#3643=EDGE_CURVE('',#2827,#2878,#1562,.T.);
#3644=EDGE_CURVE('',#2878,#2879,#1563,.T.);
#3645=EDGE_CURVE('',#2828,#2879,#1564,.T.);
#3646=EDGE_CURVE('',#2879,#2880,#393,.T.);
#3647=EDGE_CURVE('',#2821,#2880,#1565,.T.);
#3648=EDGE_CURVE('',#2764,#2881,#1566,.T.);
#3649=EDGE_CURVE('',#2707,#2881,#1567,.T.);
#3650=EDGE_CURVE('',#2882,#2736,#394,.T.);
#3651=EDGE_CURVE('',#2757,#2882,#1568,.T.);
#3652=EDGE_CURVE('',#2883,#2882,#1569,.T.);
#3653=EDGE_CURVE('',#2756,#2883,#1570,.T.);
#3654=EDGE_CURVE('',#2884,#2883,#395,.T.);
#3655=EDGE_CURVE('',#2755,#2884,#1571,.T.);
#3656=EDGE_CURVE('',#2831,#2884,#1572,.T.);
#3657=EDGE_CURVE('',#2885,#2734,#396,.T.);
#3658=EDGE_CURVE('',#2751,#2885,#1573,.T.);
#3659=EDGE_CURVE('',#2886,#2885,#1574,.T.);
#3660=EDGE_CURVE('',#2750,#2886,#1575,.T.);
#3661=EDGE_CURVE('',#2887,#2886,#397,.T.);
#3662=EDGE_CURVE('',#2749,#2887,#1576,.T.);
#3663=EDGE_CURVE('',#2834,#2887,#1577,.T.);
#3664=EDGE_CURVE('',#2888,#2835,#398,.T.);
#3665=EDGE_CURVE('',#2768,#2888,#1578,.T.);
#3666=EDGE_CURVE('',#2889,#2888,#1579,.T.);
#3667=EDGE_CURVE('',#2767,#2889,#1580,.T.);
#3668=EDGE_CURVE('',#2890,#2889,#399,.T.);
#3669=EDGE_CURVE('',#2766,#2890,#1581,.T.);
#3670=EDGE_CURVE('',#2839,#2890,#1582,.T.);
#3671=EDGE_CURVE('',#2891,#2840,#400,.T.);
#3672=EDGE_CURVE('',#2776,#2891,#1583,.T.);
#3673=EDGE_CURVE('',#2892,#2891,#1584,.T.);
#3674=EDGE_CURVE('',#2775,#2892,#1585,.T.);
#3675=EDGE_CURVE('',#2893,#2892,#401,.T.);
#3676=EDGE_CURVE('',#2774,#2893,#1586,.T.);
#3677=EDGE_CURVE('',#2844,#2893,#1587,.T.);
#3678=EDGE_CURVE('',#2894,#2728,#402,.T.);
#3679=EDGE_CURVE('',#2763,#2894,#1588,.T.);
#3680=EDGE_CURVE('',#2895,#2894,#1589,.T.);
#3681=EDGE_CURVE('',#2762,#2895,#1590,.T.);
#3682=EDGE_CURVE('',#2896,#2895,#403,.T.);
#3683=EDGE_CURVE('',#2761,#2896,#1591,.T.);
#3684=EDGE_CURVE('',#2847,#2896,#1592,.T.);
#3685=EDGE_CURVE('',#2897,#2726,#404,.T.);
#3686=EDGE_CURVE('',#2745,#2897,#1593,.T.);
#3687=EDGE_CURVE('',#2898,#2897,#1594,.T.);
#3688=EDGE_CURVE('',#2744,#2898,#1595,.T.);
#3689=EDGE_CURVE('',#2899,#2898,#405,.T.);
#3690=EDGE_CURVE('',#2743,#2899,#1596,.T.);
#3691=EDGE_CURVE('',#2850,#2899,#1597,.T.);
#3692=EDGE_CURVE('',#2900,#2851,#406,.T.);
#3693=EDGE_CURVE('',#2784,#2900,#1598,.T.);
#3694=EDGE_CURVE('',#2901,#2900,#1599,.T.);
#3695=EDGE_CURVE('',#2783,#2901,#1600,.T.);
#3696=EDGE_CURVE('',#2902,#2901,#407,.T.);
#3697=EDGE_CURVE('',#2782,#2902,#1601,.T.);
#3698=EDGE_CURVE('',#2855,#2902,#1602,.T.);
#3699=EDGE_CURVE('',#2903,#2856,#408,.T.);
#3700=EDGE_CURVE('',#2792,#2903,#1603,.T.);
#3701=EDGE_CURVE('',#2904,#2903,#1604,.T.);
#3702=EDGE_CURVE('',#2791,#2904,#1605,.T.);
#3703=EDGE_CURVE('',#2905,#2904,#409,.T.);
#3704=EDGE_CURVE('',#2790,#2905,#1606,.T.);
#3705=EDGE_CURVE('',#2860,#2905,#1607,.T.);
#3706=EDGE_CURVE('',#2906,#2861,#410,.T.);
#3707=EDGE_CURVE('',#2800,#2906,#1608,.T.);
#3708=EDGE_CURVE('',#2907,#2906,#1609,.T.);
#3709=EDGE_CURVE('',#2799,#2907,#1610,.T.);
#3710=EDGE_CURVE('',#2908,#2907,#411,.T.);
#3711=EDGE_CURVE('',#2798,#2908,#1611,.T.);
#3712=EDGE_CURVE('',#2865,#2908,#1612,.T.);
#3713=EDGE_CURVE('',#2909,#2866,#412,.T.);
#3714=EDGE_CURVE('',#2808,#2909,#1613,.T.);
#3715=EDGE_CURVE('',#2910,#2909,#1614,.T.);
#3716=EDGE_CURVE('',#2807,#2910,#1615,.T.);
#3717=EDGE_CURVE('',#2911,#2910,#413,.T.);
#3718=EDGE_CURVE('',#2806,#2911,#1616,.T.);
#3719=EDGE_CURVE('',#2870,#2911,#1617,.T.);
#3720=EDGE_CURVE('',#2912,#2871,#414,.T.);
#3721=EDGE_CURVE('',#2816,#2912,#1618,.T.);
#3722=EDGE_CURVE('',#2913,#2912,#1619,.T.);
#3723=EDGE_CURVE('',#2815,#2913,#1620,.T.);
#3724=EDGE_CURVE('',#2914,#2913,#415,.T.);
#3725=EDGE_CURVE('',#2814,#2914,#1621,.T.);
#3726=EDGE_CURVE('',#2875,#2914,#1622,.T.);
#3727=EDGE_CURVE('',#2915,#2876,#416,.T.);
#3728=EDGE_CURVE('',#2824,#2915,#1623,.T.);
#3729=EDGE_CURVE('',#2916,#2915,#1624,.T.);
#3730=EDGE_CURVE('',#2823,#2916,#1625,.T.);
#3731=EDGE_CURVE('',#2917,#2916,#417,.T.);
#3732=EDGE_CURVE('',#2822,#2917,#1626,.T.);
#3733=EDGE_CURVE('',#2880,#2917,#1627,.T.);
#3734=EDGE_CURVE('',#2881,#2918,#1628,.T.);
#3735=EDGE_CURVE('',#2919,#2918,#1629,.T.);
#3736=EDGE_CURVE('',#2920,#2919,#1630,.T.);
#3737=EDGE_CURVE('',#2920,#2739,#1631,.T.);
#3738=EDGE_CURVE('',#2921,#2922,#1632,.T.);
#3739=EDGE_CURVE('',#2923,#2921,#1633,.T.);
#3740=EDGE_CURVE('',#2924,#2923,#1634,.T.);
#3741=EDGE_CURVE('',#2922,#2924,#1635,.T.);
#3742=EDGE_CURVE('',#2719,#2925,#1636,.T.);
#3743=EDGE_CURVE('',#2926,#2925,#1637,.T.);
#3744=EDGE_CURVE('',#2918,#2926,#1638,.T.);
#3745=EDGE_CURVE('',#2927,#2928,#418,.T.);
#3746=EDGE_CURVE('',#2929,#2927,#1639,.T.);
#3747=EDGE_CURVE('',#2930,#2929,#419,.T.);
#3748=EDGE_CURVE('',#2931,#2930,#1640,.T.);
#3749=EDGE_CURVE('',#2932,#2931,#420,.T.);
#3750=EDGE_CURVE('',#2933,#2932,#1641,.T.);
#3751=EDGE_CURVE('',#2934,#2933,#421,.T.);
#3752=EDGE_CURVE('',#2928,#2934,#1642,.T.);
#3753=EDGE_CURVE('',#2935,#2936,#422,.T.);
#3754=EDGE_CURVE('',#2936,#2935,#423,.T.);
#3755=EDGE_CURVE('',#2937,#2924,#1643,.T.);
#3756=EDGE_CURVE('',#2923,#2938,#1644,.T.);
#3757=EDGE_CURVE('',#2938,#2937,#1645,.T.);
#3758=EDGE_CURVE('',#2939,#2940,#1646,.T.);
#3759=EDGE_CURVE('',#2941,#2940,#1647,.T.);
#3760=EDGE_CURVE('',#2941,#2942,#1648,.T.);
#3761=EDGE_CURVE('',#2939,#2942,#1649,.T.);
#3762=EDGE_CURVE('',#2943,#2944,#1650,.T.);
#3763=EDGE_CURVE('',#2944,#2939,#1651,.T.);
#3764=EDGE_CURVE('',#2942,#2943,#1652,.T.);
#3765=EDGE_CURVE('',#2945,#2946,#1653,.T.);
#3766=EDGE_CURVE('',#2946,#2947,#1654,.T.);
#3767=EDGE_CURVE('',#2947,#2948,#1655,.T.);
#3768=EDGE_CURVE('',#2945,#2948,#1656,.T.);
#3769=EDGE_CURVE('',#2949,#2946,#1657,.T.);
#3770=EDGE_CURVE('',#2949,#2950,#1658,.T.);
#3771=EDGE_CURVE('',#2950,#2947,#1659,.T.);
#3772=EDGE_CURVE('',#2949,#2951,#1660,.T.);
#3773=EDGE_CURVE('',#2951,#2952,#1661,.T.);
#3774=EDGE_CURVE('',#2952,#2950,#1662,.T.);
#3775=EDGE_CURVE('',#2951,#2945,#1663,.T.);
#3776=EDGE_CURVE('',#2948,#2952,#1664,.T.);
#3777=EDGE_CURVE('',#2718,#2943,#1665,.T.);
#3778=EDGE_CURVE('',#2921,#2941,#1666,.T.);
#3779=EDGE_CURVE('',#2922,#2920,#1667,.T.);
#3780=EDGE_CURVE('',#2682,#2919,#1668,.T.);
#3781=EDGE_CURVE('',#2953,#2953,#424,.T.);
#3782=EDGE_CURVE('',#2937,#2954,#1669,.T.);
#3783=EDGE_CURVE('',#2954,#2955,#1670,.T.);
#3784=EDGE_CURVE('',#2925,#2955,#1671,.T.);
#3785=EDGE_CURVE('',#2955,#2716,#1672,.T.);
#3786=EDGE_CURVE('',#2956,#2715,#1673,.T.);
#3787=EDGE_CURVE('',#2926,#2956,#1674,.T.);
#3788=EDGE_CURVE('',#2944,#2717,#1675,.T.);
#3789=EDGE_CURVE('',#2954,#2957,#1676,.T.);
#3790=EDGE_CURVE('',#2957,#2940,#1677,.T.);
#3791=EDGE_CURVE('',#2957,#2938,#1678,.T.);
#3792=EDGE_CURVE('',#2683,#2956,#1679,.T.);
#3793=EDGE_CURVE('',#2958,#2936,#1680,.T.);
#3794=EDGE_CURVE('',#2959,#2958,#425,.T.);
#3795=EDGE_CURVE('',#2959,#2953,#1681,.T.);
#3796=EDGE_CURVE('',#2960,#2959,#426,.T.);
#3797=EDGE_CURVE('',#2960,#2935,#1682,.T.);
#3798=EDGE_CURVE('',#2961,#2962,#1683,.T.);
#3799=EDGE_CURVE('',#2963,#2961,#1684,.T.);
#3800=EDGE_CURVE('',#2964,#2963,#1685,.T.);
#3801=EDGE_CURVE('',#2962,#2964,#1686,.T.);
#3802=EDGE_CURVE('',#2965,#2961,#427,.T.);
#3803=EDGE_CURVE('',#2965,#2966,#1687,.T.);
#3804=EDGE_CURVE('',#2963,#2966,#428,.T.);
#3805=EDGE_CURVE('',#2967,#2968,#429,.T.);
#3806=EDGE_CURVE('',#2967,#2969,#1688,.T.);
#3807=EDGE_CURVE('',#2970,#2969,#430,.T.);
#3808=EDGE_CURVE('',#2970,#2968,#1689,.T.);
#3809=EDGE_CURVE('',#2962,#2971,#431,.T.);
#3810=EDGE_CURVE('',#2972,#2964,#432,.T.);
#3811=EDGE_CURVE('',#2972,#2971,#1690,.T.);
#3812=EDGE_CURVE('',#2971,#2973,#1691,.T.);
#3813=EDGE_CURVE('',#2974,#2972,#1692,.T.);
#3814=EDGE_CURVE('',#2973,#2974,#1693,.T.);
#3815=EDGE_CURVE('',#2973,#2975,#433,.T.);
#3816=EDGE_CURVE('',#2976,#2974,#434,.T.);
#3817=EDGE_CURVE('',#2976,#2975,#1694,.T.);
#3818=EDGE_CURVE('',#2975,#2967,#1695,.T.);
#3819=EDGE_CURVE('',#2969,#2976,#1696,.T.);
#3820=EDGE_CURVE('',#2929,#2973,#435,.T.);
#3821=EDGE_CURVE('',#2971,#2927,#436,.T.);
#3822=EDGE_CURVE('',#2930,#2975,#437,.T.);
#3823=EDGE_CURVE('',#2931,#2967,#438,.T.);
#3824=EDGE_CURVE('',#2932,#2968,#439,.T.);
#3825=EDGE_CURVE('',#2968,#2965,#1697,.T.);
#3826=EDGE_CURVE('',#2933,#2965,#440,.T.);
#3827=EDGE_CURVE('',#2934,#2961,#441,.T.);
#3828=EDGE_CURVE('',#2928,#2962,#442,.T.);
#3829=EDGE_CURVE('',#2966,#2970,#1698,.T.);
#3830=EDGE_CURVE('',#2977,#2680,#443,.T.);
#3831=EDGE_CURVE('',#2977,#2978,#1699,.T.);
#3832=EDGE_CURVE('',#2673,#2978,#444,.T.);
#3833=EDGE_CURVE('',#2978,#2685,#1700,.T.);
#3834=EDGE_CURVE('',#2686,#2977,#1701,.T.);
#3835=EDGE_CURVE('',#2958,#2960,#445,.T.);
#3836=EDGE_CURVE('',#2979,#2979,#446,.T.);
#3837=EDGE_CURVE('',#2980,#2980,#447,.T.);
#3838=EDGE_CURVE('',#2980,#2979,#1702,.T.);
#3839=EDGE_CURVE('',#2981,#2981,#448,.T.);
#3840=EDGE_CURVE('',#2982,#2982,#449,.T.);
#3841=EDGE_CURVE('',#2982,#2981,#1703,.T.);
#3842=EDGE_CURVE('',#2983,#2983,#450,.T.);
#3843=EDGE_CURVE('',#2984,#2984,#451,.T.);
#3844=EDGE_CURVE('',#2984,#2983,#1704,.T.);
#3845=EDGE_CURVE('',#2985,#2985,#452,.T.);
#3846=EDGE_CURVE('',#2986,#2986,#453,.T.);
#3847=EDGE_CURVE('',#2986,#2985,#1705,.T.);
#3848=EDGE_CURVE('',#2987,#2987,#454,.T.);
#3849=EDGE_CURVE('',#2988,#2988,#455,.T.);
#3850=EDGE_CURVE('',#2988,#2987,#1706,.T.);
#3851=EDGE_CURVE('',#2989,#2989,#456,.T.);
#3852=EDGE_CURVE('',#2990,#2990,#457,.T.);
#3853=EDGE_CURVE('',#2990,#2989,#1707,.T.);
#3854=EDGE_CURVE('',#2991,#2991,#458,.T.);
#3855=EDGE_CURVE('',#2992,#2992,#459,.T.);
#3856=EDGE_CURVE('',#2992,#2991,#1708,.T.);
#3857=EDGE_CURVE('',#2993,#2993,#460,.T.);
#3858=EDGE_CURVE('',#2994,#2994,#461,.T.);
#3859=EDGE_CURVE('',#2994,#2993,#1709,.T.);
#3860=EDGE_CURVE('',#2995,#2996,#1710,.T.);
#3861=EDGE_CURVE('',#2997,#2995,#1711,.T.);
#3862=EDGE_CURVE('',#2998,#2997,#1712,.T.);
#3863=EDGE_CURVE('',#2996,#2998,#1713,.T.);
#3864=EDGE_CURVE('',#2996,#2999,#1714,.T.);
#3865=EDGE_CURVE('',#2998,#3000,#1715,.T.);
#3866=EDGE_CURVE('',#2999,#3000,#1716,.T.);
#3867=EDGE_CURVE('',#3000,#3001,#1717,.T.);
#3868=EDGE_CURVE('',#3001,#2997,#1718,.T.);
#3869=EDGE_CURVE('',#2999,#3002,#1719,.T.);
#3870=EDGE_CURVE('',#3003,#3002,#1720,.T.);
#3871=EDGE_CURVE('',#3004,#3003,#1721,.T.);
#3872=EDGE_CURVE('',#2995,#3004,#1722,.T.);
#3873=EDGE_CURVE('',#3005,#3003,#1723,.T.);
#3874=EDGE_CURVE('',#3006,#3005,#1724,.T.);
#3875=EDGE_CURVE('',#3006,#3004,#1725,.T.);
#3876=EDGE_CURVE('',#3007,#3005,#1726,.T.);
#3877=EDGE_CURVE('',#3008,#3007,#1727,.T.);
#3878=EDGE_CURVE('',#3008,#3006,#1728,.T.);
#3879=EDGE_CURVE('',#3008,#3001,#1729,.T.);
#3880=EDGE_CURVE('',#3002,#3007,#1730,.T.);
#3881=EDGE_CURVE('',#3009,#3010,#1731,.T.);
#3882=EDGE_CURVE('',#3011,#3009,#1732,.T.);
#3883=EDGE_CURVE('',#3012,#3011,#1733,.T.);
#3884=EDGE_CURVE('',#3012,#3010,#1734,.T.);
#3885=EDGE_CURVE('',#3013,#3009,#1735,.T.);
#3886=EDGE_CURVE('',#3014,#3013,#1736,.T.);
#3887=EDGE_CURVE('',#3014,#3011,#1737,.T.);
#3888=EDGE_CURVE('',#3015,#3013,#1738,.T.);
#3889=EDGE_CURVE('',#3016,#3015,#1739,.T.);
#3890=EDGE_CURVE('',#3016,#3014,#1740,.T.);
#3891=EDGE_CURVE('',#3010,#3015,#1741,.T.);
#3892=EDGE_CURVE('',#3016,#3012,#1742,.T.);
#3893=EDGE_CURVE('',#3017,#3018,#1743,.T.);
#3894=EDGE_CURVE('',#3019,#3017,#1744,.T.);
#3895=EDGE_CURVE('',#3019,#3020,#1745,.T.);
#3896=EDGE_CURVE('',#3020,#3018,#1746,.T.);
#3897=EDGE_CURVE('',#3021,#3017,#1747,.T.);
#3898=EDGE_CURVE('',#3022,#3021,#1748,.T.);
#3899=EDGE_CURVE('',#3022,#3019,#1749,.T.);
#3900=EDGE_CURVE('',#3023,#3021,#1750,.T.);
#3901=EDGE_CURVE('',#3024,#3023,#1751,.T.);
#3902=EDGE_CURVE('',#3022,#3024,#1752,.T.);
#3903=EDGE_CURVE('',#3018,#3023,#1753,.T.);
#3904=EDGE_CURVE('',#3024,#3020,#1754,.T.);
#3905=EDGE_CURVE('',#3025,#3026,#1755,.T.);
#3906=EDGE_CURVE('',#3027,#3025,#1756,.T.);
#3907=EDGE_CURVE('',#3027,#3028,#1757,.T.);
#3908=EDGE_CURVE('',#3028,#3026,#1758,.T.);
#3909=EDGE_CURVE('',#3029,#3025,#1759,.T.);
#3910=EDGE_CURVE('',#3030,#3029,#1760,.T.);
#3911=EDGE_CURVE('',#3030,#3027,#1761,.T.);
#3912=EDGE_CURVE('',#3031,#3029,#1762,.T.);
#3913=EDGE_CURVE('',#3032,#3031,#1763,.T.);
#3914=EDGE_CURVE('',#3030,#3032,#1764,.T.);
#3915=EDGE_CURVE('',#3026,#3031,#1765,.T.);
#3916=EDGE_CURVE('',#3032,#3028,#1766,.T.);
#3917=EDGE_CURVE('',#3033,#3034,#1767,.T.);
#3918=EDGE_CURVE('',#3035,#3033,#1768,.T.);
#3919=EDGE_CURVE('',#3036,#3035,#1769,.T.);
#3920=EDGE_CURVE('',#3036,#3034,#1770,.T.);
#3921=EDGE_CURVE('',#3037,#3033,#1771,.T.);
#3922=EDGE_CURVE('',#3038,#3037,#1772,.T.);
#3923=EDGE_CURVE('',#3038,#3035,#1773,.T.);
#3924=EDGE_CURVE('',#3039,#3037,#1774,.T.);
#3925=EDGE_CURVE('',#3040,#3039,#1775,.T.);
#3926=EDGE_CURVE('',#3038,#3040,#1776,.T.);
#3927=EDGE_CURVE('',#3034,#3039,#1777,.T.);
#3928=EDGE_CURVE('',#3040,#3036,#1778,.T.);
#3929=EDGE_CURVE('',#3041,#3042,#1779,.T.);
#3930=EDGE_CURVE('',#3041,#3043,#1780,.T.);
#3931=EDGE_CURVE('',#3043,#3044,#1781,.T.);
#3932=EDGE_CURVE('',#3042,#3044,#1782,.T.);
#3933=EDGE_CURVE('',#3044,#3045,#1783,.T.);
#3934=EDGE_CURVE('',#3046,#3043,#1784,.T.);
#3935=EDGE_CURVE('',#3045,#3046,#1785,.T.);
#3936=EDGE_CURVE('',#3047,#3041,#1786,.T.);
#3937=EDGE_CURVE('',#3046,#3047,#1787,.T.);
#3938=EDGE_CURVE('',#3045,#3048,#1788,.T.);
#3939=EDGE_CURVE('',#3049,#3048,#1789,.T.);
#3940=EDGE_CURVE('',#3050,#3049,#1790,.T.);
#3941=EDGE_CURVE('',#3042,#3050,#1791,.T.);
#3942=EDGE_CURVE('',#3051,#3052,#1792,.T.);
#3943=EDGE_CURVE('',#3052,#3053,#1793,.T.);
#3944=EDGE_CURVE('',#3054,#3053,#1794,.T.);
#3945=EDGE_CURVE('',#3051,#3054,#1795,.T.);
#3946=EDGE_CURVE('',#3051,#3047,#1796,.T.);
#3947=EDGE_CURVE('',#3048,#3054,#1797,.T.);
#3948=EDGE_CURVE('',#3050,#3052,#1798,.T.);
#3949=EDGE_CURVE('',#3053,#3049,#1799,.T.);
#3950=EDGE_CURVE('',#3055,#3056,#1800,.T.);
#3951=EDGE_CURVE('',#3056,#3057,#1801,.T.);
#3952=EDGE_CURVE('',#3058,#3057,#1802,.T.);
#3953=EDGE_CURVE('',#3055,#3058,#1803,.T.);
#3954=EDGE_CURVE('',#3055,#3059,#1804,.T.);
#3955=EDGE_CURVE('',#3060,#3058,#1805,.T.);
#3956=EDGE_CURVE('',#3059,#3060,#1806,.T.);
#3957=EDGE_CURVE('',#3061,#3056,#1807,.T.);
#3958=EDGE_CURVE('',#3061,#3062,#1808,.T.);
#3959=EDGE_CURVE('',#3057,#3062,#1809,.T.);
#3960=EDGE_CURVE('',#3062,#3063,#1810,.T.);
#3961=EDGE_CURVE('',#3063,#3064,#1811,.T.);
#3962=EDGE_CURVE('',#3064,#3060,#1812,.T.);
#3963=EDGE_CURVE('',#3059,#3065,#1813,.T.);
#3964=EDGE_CURVE('',#3065,#3066,#1814,.T.);
#3965=EDGE_CURVE('',#3066,#3061,#1815,.T.);
#3966=EDGE_CURVE('',#3065,#3064,#1816,.T.);
#3967=EDGE_CURVE('',#3066,#3063,#1817,.T.);
#3968=ORIENTED_EDGE('',*,*,#3067,.F.);
#3969=ORIENTED_EDGE('',*,*,#3068,.F.);
#3970=ORIENTED_EDGE('',*,*,#3069,.F.);
#3971=ORIENTED_EDGE('',*,*,#3070,.F.);
#3972=ORIENTED_EDGE('',*,*,#3071,.F.);
#3973=ORIENTED_EDGE('',*,*,#3072,.F.);
#3974=ORIENTED_EDGE('',*,*,#3073,.T.);
#3975=ORIENTED_EDGE('',*,*,#3074,.F.);
#3976=ORIENTED_EDGE('',*,*,#3075,.T.);
#3977=ORIENTED_EDGE('',*,*,#3076,.F.);
#3978=ORIENTED_EDGE('',*,*,#3077,.F.);
#3979=ORIENTED_EDGE('',*,*,#3078,.F.);
#3980=ORIENTED_EDGE('',*,*,#3079,.F.);
#3981=ORIENTED_EDGE('',*,*,#3080,.F.);
#3982=ORIENTED_EDGE('',*,*,#3081,.T.);
#3983=ORIENTED_EDGE('',*,*,#3082,.F.);
#3984=ORIENTED_EDGE('',*,*,#3083,.T.);
#3985=ORIENTED_EDGE('',*,*,#3084,.F.);
#3986=ORIENTED_EDGE('',*,*,#3085,.F.);
#3987=ORIENTED_EDGE('',*,*,#3086,.F.);
#3988=ORIENTED_EDGE('',*,*,#3077,.T.);
#3989=ORIENTED_EDGE('',*,*,#3087,.T.);
#3990=ORIENTED_EDGE('',*,*,#3088,.F.);
#3991=ORIENTED_EDGE('',*,*,#3089,.F.);
#3992=ORIENTED_EDGE('',*,*,#3086,.T.);
#3993=ORIENTED_EDGE('',*,*,#3090,.T.);
#3994=ORIENTED_EDGE('',*,*,#3091,.T.);
#3995=ORIENTED_EDGE('',*,*,#3092,.T.);
#3996=ORIENTED_EDGE('',*,*,#3093,.T.);
#3997=ORIENTED_EDGE('',*,*,#3094,.T.);
#3998=ORIENTED_EDGE('',*,*,#3095,.T.);
#3999=ORIENTED_EDGE('',*,*,#3096,.T.);
#4000=ORIENTED_EDGE('',*,*,#3078,.T.);
#4001=ORIENTED_EDGE('',*,*,#3089,.T.);
#4002=ORIENTED_EDGE('',*,*,#3097,.T.);
#4003=ORIENTED_EDGE('',*,*,#3098,.T.);
#4004=ORIENTED_EDGE('',*,*,#3067,.T.);
#4005=ORIENTED_EDGE('',*,*,#3099,.T.);
#4006=ORIENTED_EDGE('',*,*,#3100,.T.);
#4007=ORIENTED_EDGE('',*,*,#3101,.T.);
#4008=ORIENTED_EDGE('',*,*,#3102,.T.);
#4009=ORIENTED_EDGE('',*,*,#3103,.T.);
#4010=ORIENTED_EDGE('',*,*,#3104,.T.);
#4011=ORIENTED_EDGE('',*,*,#3105,.T.);
#4012=ORIENTED_EDGE('',*,*,#3072,.T.);
#4013=ORIENTED_EDGE('',*,*,#3106,.T.);
#4014=ORIENTED_EDGE('',*,*,#3107,.T.);
#4015=ORIENTED_EDGE('',*,*,#3108,.T.);
#4016=ORIENTED_EDGE('',*,*,#3109,.T.);
#4017=ORIENTED_EDGE('',*,*,#3110,.T.);
#4018=ORIENTED_EDGE('',*,*,#3111,.T.);
#4019=ORIENTED_EDGE('',*,*,#3112,.T.);
#4020=ORIENTED_EDGE('',*,*,#3080,.T.);
#4021=ORIENTED_EDGE('',*,*,#3113,.T.);
#4022=ORIENTED_EDGE('',*,*,#3114,.T.);
#4023=ORIENTED_EDGE('',*,*,#3115,.T.);
#4024=ORIENTED_EDGE('',*,*,#3116,.T.);
#4025=ORIENTED_EDGE('',*,*,#3117,.T.);
#4026=ORIENTED_EDGE('',*,*,#3118,.T.);
#4027=ORIENTED_EDGE('',*,*,#3119,.T.);
#4028=ORIENTED_EDGE('',*,*,#3120,.T.);
#4029=ORIENTED_EDGE('',*,*,#3121,.T.);
#4030=ORIENTED_EDGE('',*,*,#3122,.T.);
#4031=ORIENTED_EDGE('',*,*,#3123,.T.);
#4032=ORIENTED_EDGE('',*,*,#3124,.T.);
#4033=ORIENTED_EDGE('',*,*,#3125,.T.);
#4034=ORIENTED_EDGE('',*,*,#3126,.T.);
#4035=ORIENTED_EDGE('',*,*,#3127,.T.);
#4036=ORIENTED_EDGE('',*,*,#3128,.T.);
#4037=ORIENTED_EDGE('',*,*,#3129,.T.);
#4038=ORIENTED_EDGE('',*,*,#3130,.T.);
#4039=ORIENTED_EDGE('',*,*,#3131,.T.);
#4040=ORIENTED_EDGE('',*,*,#3132,.T.);
#4041=ORIENTED_EDGE('',*,*,#3133,.T.);
#4042=ORIENTED_EDGE('',*,*,#3134,.T.);
#4043=ORIENTED_EDGE('',*,*,#3135,.T.);
#4044=ORIENTED_EDGE('',*,*,#3136,.T.);
#4045=ORIENTED_EDGE('',*,*,#3137,.T.);
#4046=ORIENTED_EDGE('',*,*,#3138,.T.);
#4047=ORIENTED_EDGE('',*,*,#3139,.T.);
#4048=ORIENTED_EDGE('',*,*,#3140,.T.);
#4049=ORIENTED_EDGE('',*,*,#3141,.T.);
#4050=ORIENTED_EDGE('',*,*,#3142,.T.);
#4051=ORIENTED_EDGE('',*,*,#3143,.T.);
#4052=ORIENTED_EDGE('',*,*,#3144,.T.);
#4053=ORIENTED_EDGE('',*,*,#3145,.T.);
#4054=ORIENTED_EDGE('',*,*,#3146,.T.);
#4055=ORIENTED_EDGE('',*,*,#3147,.T.);
#4056=ORIENTED_EDGE('',*,*,#3148,.T.);
#4057=ORIENTED_EDGE('',*,*,#3149,.T.);
#4058=ORIENTED_EDGE('',*,*,#3150,.T.);
#4059=ORIENTED_EDGE('',*,*,#3151,.T.);
#4060=ORIENTED_EDGE('',*,*,#3152,.T.);
#4061=ORIENTED_EDGE('',*,*,#3153,.T.);
#4062=ORIENTED_EDGE('',*,*,#3154,.T.);
#4063=ORIENTED_EDGE('',*,*,#3155,.T.);
#4064=ORIENTED_EDGE('',*,*,#3156,.T.);
#4065=ORIENTED_EDGE('',*,*,#3157,.T.);
#4066=ORIENTED_EDGE('',*,*,#3158,.T.);
#4067=ORIENTED_EDGE('',*,*,#3159,.T.);
#4068=ORIENTED_EDGE('',*,*,#3160,.T.);
#4069=ORIENTED_EDGE('',*,*,#3161,.T.);
#4070=ORIENTED_EDGE('',*,*,#3162,.T.);
#4071=ORIENTED_EDGE('',*,*,#3163,.T.);
#4072=ORIENTED_EDGE('',*,*,#3164,.T.);
#4073=ORIENTED_EDGE('',*,*,#3165,.T.);
#4074=ORIENTED_EDGE('',*,*,#3166,.T.);
#4075=ORIENTED_EDGE('',*,*,#3167,.T.);
#4076=ORIENTED_EDGE('',*,*,#3168,.T.);
#4077=ORIENTED_EDGE('',*,*,#3169,.T.);
#4078=ORIENTED_EDGE('',*,*,#3170,.T.);
#4079=ORIENTED_EDGE('',*,*,#3171,.T.);
#4080=ORIENTED_EDGE('',*,*,#3172,.T.);
#4081=ORIENTED_EDGE('',*,*,#3173,.T.);
#4082=ORIENTED_EDGE('',*,*,#3174,.T.);
#4083=ORIENTED_EDGE('',*,*,#3175,.T.);
#4084=ORIENTED_EDGE('',*,*,#3176,.T.);
#4085=ORIENTED_EDGE('',*,*,#3177,.T.);
#4086=ORIENTED_EDGE('',*,*,#3178,.T.);
#4087=ORIENTED_EDGE('',*,*,#3179,.T.);
#4088=ORIENTED_EDGE('',*,*,#3180,.T.);
#4089=ORIENTED_EDGE('',*,*,#3181,.T.);
#4090=ORIENTED_EDGE('',*,*,#3182,.T.);
#4091=ORIENTED_EDGE('',*,*,#3183,.T.);
#4092=ORIENTED_EDGE('',*,*,#3084,.T.);
#4093=ORIENTED_EDGE('',*,*,#3184,.F.);
#4094=ORIENTED_EDGE('',*,*,#3185,.F.);
#4095=ORIENTED_EDGE('',*,*,#3186,.F.);
#4096=ORIENTED_EDGE('',*,*,#3187,.F.);
#4097=ORIENTED_EDGE('',*,*,#3188,.F.);
#4098=ORIENTED_EDGE('',*,*,#3189,.F.);
#4099=ORIENTED_EDGE('',*,*,#3190,.F.);
#4100=ORIENTED_EDGE('',*,*,#3082,.T.);
#4101=ORIENTED_EDGE('',*,*,#3191,.F.);
#4102=ORIENTED_EDGE('',*,*,#3192,.F.);
#4103=ORIENTED_EDGE('',*,*,#3193,.F.);
#4104=ORIENTED_EDGE('',*,*,#3194,.F.);
#4105=ORIENTED_EDGE('',*,*,#3195,.F.);
#4106=ORIENTED_EDGE('',*,*,#3196,.F.);
#4107=ORIENTED_EDGE('',*,*,#3197,.F.);
#4108=ORIENTED_EDGE('',*,*,#3074,.T.);
#4109=ORIENTED_EDGE('',*,*,#3198,.F.);
#4110=ORIENTED_EDGE('',*,*,#3199,.F.);
#4111=ORIENTED_EDGE('',*,*,#3200,.F.);
#4112=ORIENTED_EDGE('',*,*,#3201,.F.);
#4113=ORIENTED_EDGE('',*,*,#3202,.F.);
#4114=ORIENTED_EDGE('',*,*,#3203,.F.);
#4115=ORIENTED_EDGE('',*,*,#3204,.F.);
#4116=ORIENTED_EDGE('',*,*,#3069,.T.);
#4117=ORIENTED_EDGE('',*,*,#3205,.F.);
#4118=ORIENTED_EDGE('',*,*,#3206,.F.);
#4119=ORIENTED_EDGE('',*,*,#3087,.F.);
#4120=ORIENTED_EDGE('',*,*,#3076,.T.);
#4121=ORIENTED_EDGE('',*,*,#3207,.F.);
#4122=ORIENTED_EDGE('',*,*,#3208,.F.);
#4123=ORIENTED_EDGE('',*,*,#3209,.F.);
#4124=ORIENTED_EDGE('',*,*,#3210,.F.);
#4125=ORIENTED_EDGE('',*,*,#3211,.F.);
#4126=ORIENTED_EDGE('',*,*,#3212,.F.);
#4127=ORIENTED_EDGE('',*,*,#3213,.F.);
#4128=ORIENTED_EDGE('',*,*,#3214,.F.);
#4129=ORIENTED_EDGE('',*,*,#3215,.F.);
#4130=ORIENTED_EDGE('',*,*,#3216,.F.);
#4131=ORIENTED_EDGE('',*,*,#3217,.F.);
#4132=ORIENTED_EDGE('',*,*,#3218,.F.);
#4133=ORIENTED_EDGE('',*,*,#3219,.F.);
#4134=ORIENTED_EDGE('',*,*,#3220,.F.);
#4135=ORIENTED_EDGE('',*,*,#3221,.F.);
#4136=ORIENTED_EDGE('',*,*,#3222,.F.);
#4137=ORIENTED_EDGE('',*,*,#3223,.F.);
#4138=ORIENTED_EDGE('',*,*,#3224,.F.);
#4139=ORIENTED_EDGE('',*,*,#3225,.F.);
#4140=ORIENTED_EDGE('',*,*,#3226,.F.);
#4141=ORIENTED_EDGE('',*,*,#3227,.F.);
#4142=ORIENTED_EDGE('',*,*,#3228,.F.);
#4143=ORIENTED_EDGE('',*,*,#3229,.F.);
#4144=ORIENTED_EDGE('',*,*,#3230,.F.);
#4145=ORIENTED_EDGE('',*,*,#3231,.F.);
#4146=ORIENTED_EDGE('',*,*,#3232,.F.);
#4147=ORIENTED_EDGE('',*,*,#3233,.F.);
#4148=ORIENTED_EDGE('',*,*,#3234,.F.);
#4149=ORIENTED_EDGE('',*,*,#3235,.F.);
#4150=ORIENTED_EDGE('',*,*,#3236,.F.);
#4151=ORIENTED_EDGE('',*,*,#3237,.F.);
#4152=ORIENTED_EDGE('',*,*,#3238,.F.);
#4153=ORIENTED_EDGE('',*,*,#3239,.F.);
#4154=ORIENTED_EDGE('',*,*,#3240,.F.);
#4155=ORIENTED_EDGE('',*,*,#3241,.F.);
#4156=ORIENTED_EDGE('',*,*,#3242,.F.);
#4157=ORIENTED_EDGE('',*,*,#3243,.F.);
#4158=ORIENTED_EDGE('',*,*,#3244,.F.);
#4159=ORIENTED_EDGE('',*,*,#3245,.F.);
#4160=ORIENTED_EDGE('',*,*,#3246,.F.);
#4161=ORIENTED_EDGE('',*,*,#3247,.F.);
#4162=ORIENTED_EDGE('',*,*,#3248,.F.);
#4163=ORIENTED_EDGE('',*,*,#3249,.F.);
#4164=ORIENTED_EDGE('',*,*,#3250,.F.);
#4165=ORIENTED_EDGE('',*,*,#3251,.F.);
#4166=ORIENTED_EDGE('',*,*,#3252,.F.);
#4167=ORIENTED_EDGE('',*,*,#3253,.F.);
#4168=ORIENTED_EDGE('',*,*,#3254,.F.);
#4169=ORIENTED_EDGE('',*,*,#3255,.F.);
#4170=ORIENTED_EDGE('',*,*,#3256,.F.);
#4171=ORIENTED_EDGE('',*,*,#3257,.F.);
#4172=ORIENTED_EDGE('',*,*,#3258,.F.);
#4173=ORIENTED_EDGE('',*,*,#3259,.F.);
#4174=ORIENTED_EDGE('',*,*,#3260,.F.);
#4175=ORIENTED_EDGE('',*,*,#3261,.F.);
#4176=ORIENTED_EDGE('',*,*,#3262,.F.);
#4177=ORIENTED_EDGE('',*,*,#3263,.F.);
#4178=ORIENTED_EDGE('',*,*,#3264,.F.);
#4179=ORIENTED_EDGE('',*,*,#3265,.F.);
#4180=ORIENTED_EDGE('',*,*,#3266,.F.);
#4181=ORIENTED_EDGE('',*,*,#3267,.F.);
#4182=ORIENTED_EDGE('',*,*,#3268,.F.);
#4183=ORIENTED_EDGE('',*,*,#3269,.F.);
#4184=ORIENTED_EDGE('',*,*,#3270,.F.);
#4185=ORIENTED_EDGE('',*,*,#3271,.F.);
#4186=ORIENTED_EDGE('',*,*,#3272,.F.);
#4187=ORIENTED_EDGE('',*,*,#3273,.F.);
#4188=ORIENTED_EDGE('',*,*,#3274,.F.);
#4189=ORIENTED_EDGE('',*,*,#3275,.F.);
#4190=ORIENTED_EDGE('',*,*,#3276,.F.);
#4191=ORIENTED_EDGE('',*,*,#3277,.F.);
#4192=ORIENTED_EDGE('',*,*,#3190,.T.);
#4193=ORIENTED_EDGE('',*,*,#3278,.F.);
#4194=ORIENTED_EDGE('',*,*,#3113,.F.);
#4195=ORIENTED_EDGE('',*,*,#3079,.T.);
#4196=ORIENTED_EDGE('',*,*,#3189,.T.);
#4197=ORIENTED_EDGE('',*,*,#3279,.F.);
#4198=ORIENTED_EDGE('',*,*,#3114,.F.);
#4199=ORIENTED_EDGE('',*,*,#3278,.T.);
#4200=ORIENTED_EDGE('',*,*,#3188,.T.);
#4201=ORIENTED_EDGE('',*,*,#3280,.F.);
#4202=ORIENTED_EDGE('',*,*,#3115,.F.);
#4203=ORIENTED_EDGE('',*,*,#3279,.T.);
#4204=ORIENTED_EDGE('',*,*,#3197,.T.);
#4205=ORIENTED_EDGE('',*,*,#3281,.F.);
#4206=ORIENTED_EDGE('',*,*,#3106,.F.);
#4207=ORIENTED_EDGE('',*,*,#3071,.T.);
#4208=ORIENTED_EDGE('',*,*,#3196,.T.);
#4209=ORIENTED_EDGE('',*,*,#3282,.F.);
#4210=ORIENTED_EDGE('',*,*,#3107,.F.);
#4211=ORIENTED_EDGE('',*,*,#3281,.T.);
#4212=ORIENTED_EDGE('',*,*,#3195,.T.);
#4213=ORIENTED_EDGE('',*,*,#3283,.F.);
#4214=ORIENTED_EDGE('',*,*,#3108,.F.);
#4215=ORIENTED_EDGE('',*,*,#3282,.T.);
#4216=ORIENTED_EDGE('',*,*,#3274,.T.);
#4217=ORIENTED_EDGE('',*,*,#3284,.F.);
#4218=ORIENTED_EDGE('',*,*,#3124,.F.);
#4219=ORIENTED_EDGE('',*,*,#3285,.T.);
#4220=ORIENTED_EDGE('',*,*,#3273,.T.);
#4221=ORIENTED_EDGE('',*,*,#3286,.F.);
#4222=ORIENTED_EDGE('',*,*,#3125,.F.);
#4223=ORIENTED_EDGE('',*,*,#3284,.T.);
#4224=ORIENTED_EDGE('',*,*,#3272,.T.);
#4225=ORIENTED_EDGE('',*,*,#3287,.F.);
#4226=ORIENTED_EDGE('',*,*,#3126,.F.);
#4227=ORIENTED_EDGE('',*,*,#3286,.T.);
#4228=ORIENTED_EDGE('',*,*,#3271,.T.);
#4229=ORIENTED_EDGE('',*,*,#3288,.F.);
#4230=ORIENTED_EDGE('',*,*,#3127,.F.);
#4231=ORIENTED_EDGE('',*,*,#3287,.T.);
#4232=ORIENTED_EDGE('',*,*,#3266,.T.);
#4233=ORIENTED_EDGE('',*,*,#3289,.F.);
#4234=ORIENTED_EDGE('',*,*,#3132,.F.);
#4235=ORIENTED_EDGE('',*,*,#3290,.T.);
#4236=ORIENTED_EDGE('',*,*,#3265,.T.);
#4237=ORIENTED_EDGE('',*,*,#3291,.F.);
#4238=ORIENTED_EDGE('',*,*,#3133,.F.);
#4239=ORIENTED_EDGE('',*,*,#3289,.T.);
#4240=ORIENTED_EDGE('',*,*,#3264,.T.);
#4241=ORIENTED_EDGE('',*,*,#3292,.F.);
#4242=ORIENTED_EDGE('',*,*,#3134,.F.);
#4243=ORIENTED_EDGE('',*,*,#3291,.T.);
#4244=ORIENTED_EDGE('',*,*,#3263,.T.);
#4245=ORIENTED_EDGE('',*,*,#3293,.F.);
#4246=ORIENTED_EDGE('',*,*,#3135,.F.);
#4247=ORIENTED_EDGE('',*,*,#3292,.T.);
#4248=ORIENTED_EDGE('',*,*,#3213,.T.);
#4249=ORIENTED_EDGE('',*,*,#3294,.F.);
#4250=ORIENTED_EDGE('',*,*,#3090,.F.);
#4251=ORIENTED_EDGE('',*,*,#3085,.T.);
#4252=ORIENTED_EDGE('',*,*,#3212,.T.);
#4253=ORIENTED_EDGE('',*,*,#3295,.F.);
#4254=ORIENTED_EDGE('',*,*,#3091,.F.);
#4255=ORIENTED_EDGE('',*,*,#3294,.T.);
#4256=ORIENTED_EDGE('',*,*,#3211,.T.);
#4257=ORIENTED_EDGE('',*,*,#3296,.F.);
#4258=ORIENTED_EDGE('',*,*,#3092,.F.);
#4259=ORIENTED_EDGE('',*,*,#3295,.T.);
#4260=ORIENTED_EDGE('',*,*,#3204,.T.);
#4261=ORIENTED_EDGE('',*,*,#3297,.F.);
#4262=ORIENTED_EDGE('',*,*,#3099,.F.);
#4263=ORIENTED_EDGE('',*,*,#3070,.T.);
#4264=ORIENTED_EDGE('',*,*,#3203,.T.);
#4265=ORIENTED_EDGE('',*,*,#3298,.F.);
#4266=ORIENTED_EDGE('',*,*,#3100,.F.);
#4267=ORIENTED_EDGE('',*,*,#3297,.T.);
#4268=ORIENTED_EDGE('',*,*,#3202,.T.);
#4269=ORIENTED_EDGE('',*,*,#3299,.F.);
#4270=ORIENTED_EDGE('',*,*,#3101,.F.);
#4271=ORIENTED_EDGE('',*,*,#3298,.T.);
#4272=ORIENTED_EDGE('',*,*,#3258,.T.);
#4273=ORIENTED_EDGE('',*,*,#3300,.F.);
#4274=ORIENTED_EDGE('',*,*,#3140,.F.);
#4275=ORIENTED_EDGE('',*,*,#3301,.T.);
#4276=ORIENTED_EDGE('',*,*,#3257,.T.);
#4277=ORIENTED_EDGE('',*,*,#3302,.F.);
#4278=ORIENTED_EDGE('',*,*,#3141,.F.);
#4279=ORIENTED_EDGE('',*,*,#3300,.T.);
#4280=ORIENTED_EDGE('',*,*,#3256,.T.);
#4281=ORIENTED_EDGE('',*,*,#3303,.F.);
#4282=ORIENTED_EDGE('',*,*,#3142,.F.);
#4283=ORIENTED_EDGE('',*,*,#3302,.T.);
#4284=ORIENTED_EDGE('',*,*,#3255,.T.);
#4285=ORIENTED_EDGE('',*,*,#3304,.F.);
#4286=ORIENTED_EDGE('',*,*,#3143,.F.);
#4287=ORIENTED_EDGE('',*,*,#3303,.T.);
#4288=ORIENTED_EDGE('',*,*,#3250,.T.);
#4289=ORIENTED_EDGE('',*,*,#3305,.F.);
#4290=ORIENTED_EDGE('',*,*,#3148,.F.);
#4291=ORIENTED_EDGE('',*,*,#3306,.T.);
#4292=ORIENTED_EDGE('',*,*,#3249,.T.);
#4293=ORIENTED_EDGE('',*,*,#3307,.F.);
#4294=ORIENTED_EDGE('',*,*,#3149,.F.);
#4295=ORIENTED_EDGE('',*,*,#3305,.T.);
#4296=ORIENTED_EDGE('',*,*,#3248,.T.);
#4297=ORIENTED_EDGE('',*,*,#3308,.F.);
#4298=ORIENTED_EDGE('',*,*,#3150,.F.);
#4299=ORIENTED_EDGE('',*,*,#3307,.T.);
#4300=ORIENTED_EDGE('',*,*,#3247,.T.);
#4301=ORIENTED_EDGE('',*,*,#3309,.F.);
#4302=ORIENTED_EDGE('',*,*,#3151,.F.);
#4303=ORIENTED_EDGE('',*,*,#3308,.T.);
#4304=ORIENTED_EDGE('',*,*,#3242,.T.);
#4305=ORIENTED_EDGE('',*,*,#3310,.F.);
#4306=ORIENTED_EDGE('',*,*,#3156,.F.);
#4307=ORIENTED_EDGE('',*,*,#3311,.T.);
#4308=ORIENTED_EDGE('',*,*,#3241,.T.);
#4309=ORIENTED_EDGE('',*,*,#3312,.F.);
#4310=ORIENTED_EDGE('',*,*,#3157,.F.);
#4311=ORIENTED_EDGE('',*,*,#3310,.T.);
#4312=ORIENTED_EDGE('',*,*,#3240,.T.);
#4313=ORIENTED_EDGE('',*,*,#3313,.F.);
#4314=ORIENTED_EDGE('',*,*,#3158,.F.);
#4315=ORIENTED_EDGE('',*,*,#3312,.T.);
#4316=ORIENTED_EDGE('',*,*,#3239,.T.);
#4317=ORIENTED_EDGE('',*,*,#3314,.F.);
#4318=ORIENTED_EDGE('',*,*,#3159,.F.);
#4319=ORIENTED_EDGE('',*,*,#3313,.T.);
#4320=ORIENTED_EDGE('',*,*,#3234,.T.);
#4321=ORIENTED_EDGE('',*,*,#3315,.F.);
#4322=ORIENTED_EDGE('',*,*,#3164,.F.);
#4323=ORIENTED_EDGE('',*,*,#3316,.T.);
#4324=ORIENTED_EDGE('',*,*,#3233,.T.);
#4325=ORIENTED_EDGE('',*,*,#3317,.F.);
#4326=ORIENTED_EDGE('',*,*,#3165,.F.);
#4327=ORIENTED_EDGE('',*,*,#3315,.T.);
#4328=ORIENTED_EDGE('',*,*,#3232,.T.);
#4329=ORIENTED_EDGE('',*,*,#3318,.F.);
#4330=ORIENTED_EDGE('',*,*,#3166,.F.);
#4331=ORIENTED_EDGE('',*,*,#3317,.T.);
#4332=ORIENTED_EDGE('',*,*,#3231,.T.);
#4333=ORIENTED_EDGE('',*,*,#3319,.F.);
#4334=ORIENTED_EDGE('',*,*,#3167,.F.);
#4335=ORIENTED_EDGE('',*,*,#3318,.T.);
#4336=ORIENTED_EDGE('',*,*,#3226,.T.);
#4337=ORIENTED_EDGE('',*,*,#3320,.F.);
#4338=ORIENTED_EDGE('',*,*,#3172,.F.);
#4339=ORIENTED_EDGE('',*,*,#3321,.T.);
#4340=ORIENTED_EDGE('',*,*,#3225,.T.);
#4341=ORIENTED_EDGE('',*,*,#3322,.F.);
#4342=ORIENTED_EDGE('',*,*,#3173,.F.);
#4343=ORIENTED_EDGE('',*,*,#3320,.T.);
#4344=ORIENTED_EDGE('',*,*,#3224,.T.);
#4345=ORIENTED_EDGE('',*,*,#3323,.F.);
#4346=ORIENTED_EDGE('',*,*,#3174,.F.);
#4347=ORIENTED_EDGE('',*,*,#3322,.T.);
#4348=ORIENTED_EDGE('',*,*,#3223,.T.);
#4349=ORIENTED_EDGE('',*,*,#3324,.F.);
#4350=ORIENTED_EDGE('',*,*,#3175,.F.);
#4351=ORIENTED_EDGE('',*,*,#3323,.T.);
#4352=ORIENTED_EDGE('',*,*,#3218,.T.);
#4353=ORIENTED_EDGE('',*,*,#3325,.F.);
#4354=ORIENTED_EDGE('',*,*,#3180,.F.);
#4355=ORIENTED_EDGE('',*,*,#3326,.T.);
#4356=ORIENTED_EDGE('',*,*,#3217,.T.);
#4357=ORIENTED_EDGE('',*,*,#3327,.F.);
#4358=ORIENTED_EDGE('',*,*,#3181,.F.);
#4359=ORIENTED_EDGE('',*,*,#3325,.T.);
#4360=ORIENTED_EDGE('',*,*,#3216,.T.);
#4361=ORIENTED_EDGE('',*,*,#3328,.F.);
#4362=ORIENTED_EDGE('',*,*,#3182,.F.);
#4363=ORIENTED_EDGE('',*,*,#3327,.T.);
#4364=ORIENTED_EDGE('',*,*,#3215,.T.);
#4365=ORIENTED_EDGE('',*,*,#3329,.F.);
#4366=ORIENTED_EDGE('',*,*,#3183,.F.);
#4367=ORIENTED_EDGE('',*,*,#3328,.T.);
#4368=ORIENTED_EDGE('',*,*,#3068,.T.);
#4369=ORIENTED_EDGE('',*,*,#3098,.F.);
#4370=ORIENTED_EDGE('',*,*,#3330,.T.);
#4371=ORIENTED_EDGE('',*,*,#3205,.T.);
#4372=ORIENTED_EDGE('',*,*,#3184,.T.);
#4373=ORIENTED_EDGE('',*,*,#3083,.F.);
#4374=ORIENTED_EDGE('',*,*,#3119,.F.);
#4375=ORIENTED_EDGE('',*,*,#3331,.T.);
#4376=ORIENTED_EDGE('',*,*,#3185,.T.);
#4377=ORIENTED_EDGE('',*,*,#3331,.F.);
#4378=ORIENTED_EDGE('',*,*,#3118,.F.);
#4379=ORIENTED_EDGE('',*,*,#3332,.T.);
#4380=ORIENTED_EDGE('',*,*,#3186,.T.);
#4381=ORIENTED_EDGE('',*,*,#3332,.F.);
#4382=ORIENTED_EDGE('',*,*,#3117,.F.);
#4383=ORIENTED_EDGE('',*,*,#3333,.T.);
#4384=ORIENTED_EDGE('',*,*,#3187,.T.);
#4385=ORIENTED_EDGE('',*,*,#3333,.F.);
#4386=ORIENTED_EDGE('',*,*,#3116,.F.);
#4387=ORIENTED_EDGE('',*,*,#3280,.T.);
#4388=ORIENTED_EDGE('',*,*,#3191,.T.);
#4389=ORIENTED_EDGE('',*,*,#3081,.F.);
#4390=ORIENTED_EDGE('',*,*,#3112,.F.);
#4391=ORIENTED_EDGE('',*,*,#3334,.T.);
#4392=ORIENTED_EDGE('',*,*,#3192,.T.);
#4393=ORIENTED_EDGE('',*,*,#3334,.F.);
#4394=ORIENTED_EDGE('',*,*,#3111,.F.);
#4395=ORIENTED_EDGE('',*,*,#3335,.T.);
#4396=ORIENTED_EDGE('',*,*,#3193,.T.);
#4397=ORIENTED_EDGE('',*,*,#3335,.F.);
#4398=ORIENTED_EDGE('',*,*,#3110,.F.);
#4399=ORIENTED_EDGE('',*,*,#3336,.T.);
#4400=ORIENTED_EDGE('',*,*,#3194,.T.);
#4401=ORIENTED_EDGE('',*,*,#3336,.F.);
#4402=ORIENTED_EDGE('',*,*,#3109,.F.);
#4403=ORIENTED_EDGE('',*,*,#3283,.T.);
#4404=ORIENTED_EDGE('',*,*,#3275,.T.);
#4405=ORIENTED_EDGE('',*,*,#3285,.F.);
#4406=ORIENTED_EDGE('',*,*,#3123,.F.);
#4407=ORIENTED_EDGE('',*,*,#3337,.T.);
#4408=ORIENTED_EDGE('',*,*,#3276,.T.);
#4409=ORIENTED_EDGE('',*,*,#3337,.F.);
#4410=ORIENTED_EDGE('',*,*,#3122,.F.);
#4411=ORIENTED_EDGE('',*,*,#3338,.T.);
#4412=ORIENTED_EDGE('',*,*,#3277,.T.);
#4413=ORIENTED_EDGE('',*,*,#3338,.F.);
#4414=ORIENTED_EDGE('',*,*,#3121,.F.);
#4415=ORIENTED_EDGE('',*,*,#3339,.T.);
#4416=ORIENTED_EDGE('',*,*,#3270,.T.);
#4417=ORIENTED_EDGE('',*,*,#3339,.F.);
#4418=ORIENTED_EDGE('',*,*,#3120,.F.);
#4419=ORIENTED_EDGE('',*,*,#3288,.T.);
#4420=ORIENTED_EDGE('',*,*,#3267,.T.);
#4421=ORIENTED_EDGE('',*,*,#3290,.F.);
#4422=ORIENTED_EDGE('',*,*,#3131,.F.);
#4423=ORIENTED_EDGE('',*,*,#3340,.T.);
#4424=ORIENTED_EDGE('',*,*,#3268,.T.);
#4425=ORIENTED_EDGE('',*,*,#3340,.F.);
#4426=ORIENTED_EDGE('',*,*,#3130,.F.);
#4427=ORIENTED_EDGE('',*,*,#3341,.T.);
#4428=ORIENTED_EDGE('',*,*,#3269,.T.);
#4429=ORIENTED_EDGE('',*,*,#3341,.F.);
#4430=ORIENTED_EDGE('',*,*,#3129,.F.);
#4431=ORIENTED_EDGE('',*,*,#3342,.T.);
#4432=ORIENTED_EDGE('',*,*,#3262,.T.);
#4433=ORIENTED_EDGE('',*,*,#3342,.F.);
#4434=ORIENTED_EDGE('',*,*,#3128,.F.);
#4435=ORIENTED_EDGE('',*,*,#3293,.T.);
#4436=ORIENTED_EDGE('',*,*,#3207,.T.);
#4437=ORIENTED_EDGE('',*,*,#3075,.F.);
#4438=ORIENTED_EDGE('',*,*,#3096,.F.);
#4439=ORIENTED_EDGE('',*,*,#3343,.T.);
#4440=ORIENTED_EDGE('',*,*,#3208,.T.);
#4441=ORIENTED_EDGE('',*,*,#3343,.F.);
#4442=ORIENTED_EDGE('',*,*,#3095,.F.);
#4443=ORIENTED_EDGE('',*,*,#3344,.T.);
#4444=ORIENTED_EDGE('',*,*,#3209,.T.);
#4445=ORIENTED_EDGE('',*,*,#3344,.F.);
#4446=ORIENTED_EDGE('',*,*,#3094,.F.);
#4447=ORIENTED_EDGE('',*,*,#3345,.T.);
#4448=ORIENTED_EDGE('',*,*,#3210,.T.);
#4449=ORIENTED_EDGE('',*,*,#3345,.F.);
#4450=ORIENTED_EDGE('',*,*,#3093,.F.);
#4451=ORIENTED_EDGE('',*,*,#3296,.T.);
#4452=ORIENTED_EDGE('',*,*,#3198,.T.);
#4453=ORIENTED_EDGE('',*,*,#3073,.F.);
#4454=ORIENTED_EDGE('',*,*,#3105,.F.);
#4455=ORIENTED_EDGE('',*,*,#3346,.T.);
#4456=ORIENTED_EDGE('',*,*,#3199,.T.);
#4457=ORIENTED_EDGE('',*,*,#3346,.F.);
#4458=ORIENTED_EDGE('',*,*,#3104,.F.);
#4459=ORIENTED_EDGE('',*,*,#3347,.T.);
#4460=ORIENTED_EDGE('',*,*,#3200,.T.);
#4461=ORIENTED_EDGE('',*,*,#3347,.F.);
#4462=ORIENTED_EDGE('',*,*,#3103,.F.);
#4463=ORIENTED_EDGE('',*,*,#3348,.T.);
#4464=ORIENTED_EDGE('',*,*,#3201,.T.);
#4465=ORIENTED_EDGE('',*,*,#3348,.F.);
#4466=ORIENTED_EDGE('',*,*,#3102,.F.);
#4467=ORIENTED_EDGE('',*,*,#3299,.T.);
#4468=ORIENTED_EDGE('',*,*,#3259,.T.);
#4469=ORIENTED_EDGE('',*,*,#3301,.F.);
#4470=ORIENTED_EDGE('',*,*,#3139,.F.);
#4471=ORIENTED_EDGE('',*,*,#3349,.T.);
#4472=ORIENTED_EDGE('',*,*,#3260,.T.);
#4473=ORIENTED_EDGE('',*,*,#3349,.F.);
#4474=ORIENTED_EDGE('',*,*,#3138,.F.);
#4475=ORIENTED_EDGE('',*,*,#3350,.T.);
#4476=ORIENTED_EDGE('',*,*,#3261,.T.);
#4477=ORIENTED_EDGE('',*,*,#3350,.F.);
#4478=ORIENTED_EDGE('',*,*,#3137,.F.);
#4479=ORIENTED_EDGE('',*,*,#3351,.T.);
#4480=ORIENTED_EDGE('',*,*,#3254,.T.);
#4481=ORIENTED_EDGE('',*,*,#3351,.F.);
#4482=ORIENTED_EDGE('',*,*,#3136,.F.);
#4483=ORIENTED_EDGE('',*,*,#3304,.T.);
#4484=ORIENTED_EDGE('',*,*,#3251,.T.);
#4485=ORIENTED_EDGE('',*,*,#3306,.F.);
#4486=ORIENTED_EDGE('',*,*,#3147,.F.);
#4487=ORIENTED_EDGE('',*,*,#3352,.T.);
#4488=ORIENTED_EDGE('',*,*,#3252,.T.);
#4489=ORIENTED_EDGE('',*,*,#3352,.F.);
#4490=ORIENTED_EDGE('',*,*,#3146,.F.);
#4491=ORIENTED_EDGE('',*,*,#3353,.T.);
#4492=ORIENTED_EDGE('',*,*,#3253,.T.);
#4493=ORIENTED_EDGE('',*,*,#3353,.F.);
#4494=ORIENTED_EDGE('',*,*,#3145,.F.);
#4495=ORIENTED_EDGE('',*,*,#3354,.T.);
#4496=ORIENTED_EDGE('',*,*,#3246,.T.);
#4497=ORIENTED_EDGE('',*,*,#3354,.F.);
#4498=ORIENTED_EDGE('',*,*,#3144,.F.);
#4499=ORIENTED_EDGE('',*,*,#3309,.T.);
#4500=ORIENTED_EDGE('',*,*,#3243,.T.);
#4501=ORIENTED_EDGE('',*,*,#3311,.F.);
#4502=ORIENTED_EDGE('',*,*,#3155,.F.);
#4503=ORIENTED_EDGE('',*,*,#3355,.T.);
#4504=ORIENTED_EDGE('',*,*,#3244,.T.);
#4505=ORIENTED_EDGE('',*,*,#3355,.F.);
#4506=ORIENTED_EDGE('',*,*,#3154,.F.);
#4507=ORIENTED_EDGE('',*,*,#3356,.T.);
#4508=ORIENTED_EDGE('',*,*,#3245,.T.);
#4509=ORIENTED_EDGE('',*,*,#3356,.F.);
#4510=ORIENTED_EDGE('',*,*,#3153,.F.);
#4511=ORIENTED_EDGE('',*,*,#3357,.T.);
#4512=ORIENTED_EDGE('',*,*,#3238,.T.);
#4513=ORIENTED_EDGE('',*,*,#3357,.F.);
#4514=ORIENTED_EDGE('',*,*,#3152,.F.);
#4515=ORIENTED_EDGE('',*,*,#3314,.T.);
#4516=ORIENTED_EDGE('',*,*,#3235,.T.);
#4517=ORIENTED_EDGE('',*,*,#3316,.F.);
#4518=ORIENTED_EDGE('',*,*,#3163,.F.);
#4519=ORIENTED_EDGE('',*,*,#3358,.T.);
#4520=ORIENTED_EDGE('',*,*,#3236,.T.);
#4521=ORIENTED_EDGE('',*,*,#3358,.F.);
#4522=ORIENTED_EDGE('',*,*,#3162,.F.);
#4523=ORIENTED_EDGE('',*,*,#3359,.T.);
#4524=ORIENTED_EDGE('',*,*,#3237,.T.);
#4525=ORIENTED_EDGE('',*,*,#3359,.F.);
#4526=ORIENTED_EDGE('',*,*,#3161,.F.);
#4527=ORIENTED_EDGE('',*,*,#3360,.T.);
#4528=ORIENTED_EDGE('',*,*,#3230,.T.);
#4529=ORIENTED_EDGE('',*,*,#3360,.F.);
#4530=ORIENTED_EDGE('',*,*,#3160,.F.);
#4531=ORIENTED_EDGE('',*,*,#3319,.T.);
#4532=ORIENTED_EDGE('',*,*,#3227,.T.);
#4533=ORIENTED_EDGE('',*,*,#3321,.F.);
#4534=ORIENTED_EDGE('',*,*,#3171,.F.);
#4535=ORIENTED_EDGE('',*,*,#3361,.T.);
#4536=ORIENTED_EDGE('',*,*,#3228,.T.);
#4537=ORIENTED_EDGE('',*,*,#3361,.F.);
#4538=ORIENTED_EDGE('',*,*,#3170,.F.);
#4539=ORIENTED_EDGE('',*,*,#3362,.T.);
#4540=ORIENTED_EDGE('',*,*,#3229,.T.);
#4541=ORIENTED_EDGE('',*,*,#3362,.F.);
#4542=ORIENTED_EDGE('',*,*,#3169,.F.);
#4543=ORIENTED_EDGE('',*,*,#3363,.T.);
#4544=ORIENTED_EDGE('',*,*,#3222,.T.);
#4545=ORIENTED_EDGE('',*,*,#3363,.F.);
#4546=ORIENTED_EDGE('',*,*,#3168,.F.);
#4547=ORIENTED_EDGE('',*,*,#3324,.T.);
#4548=ORIENTED_EDGE('',*,*,#3219,.T.);
#4549=ORIENTED_EDGE('',*,*,#3326,.F.);
#4550=ORIENTED_EDGE('',*,*,#3179,.F.);
#4551=ORIENTED_EDGE('',*,*,#3364,.T.);
#4552=ORIENTED_EDGE('',*,*,#3220,.T.);
#4553=ORIENTED_EDGE('',*,*,#3364,.F.);
#4554=ORIENTED_EDGE('',*,*,#3178,.F.);
#4555=ORIENTED_EDGE('',*,*,#3365,.T.);
#4556=ORIENTED_EDGE('',*,*,#3221,.T.);
#4557=ORIENTED_EDGE('',*,*,#3365,.F.);
#4558=ORIENTED_EDGE('',*,*,#3177,.F.);
#4559=ORIENTED_EDGE('',*,*,#3366,.T.);
#4560=ORIENTED_EDGE('',*,*,#3214,.T.);
#4561=ORIENTED_EDGE('',*,*,#3366,.F.);
#4562=ORIENTED_EDGE('',*,*,#3176,.F.);
#4563=ORIENTED_EDGE('',*,*,#3329,.T.);
#4564=ORIENTED_EDGE('',*,*,#3206,.T.);
#4565=ORIENTED_EDGE('',*,*,#3330,.F.);
#4566=ORIENTED_EDGE('',*,*,#3097,.F.);
#4567=ORIENTED_EDGE('',*,*,#3088,.T.);
#4568=ORIENTED_EDGE('',*,*,#3367,.T.);
#4569=ORIENTED_EDGE('',*,*,#3368,.T.);
#4570=ORIENTED_EDGE('',*,*,#3369,.T.);
#4571=ORIENTED_EDGE('',*,*,#3370,.T.);
#4572=ORIENTED_EDGE('',*,*,#3368,.F.);
#4573=ORIENTED_EDGE('',*,*,#3371,.F.);
#4574=ORIENTED_EDGE('',*,*,#3372,.F.);
#4575=ORIENTED_EDGE('',*,*,#3373,.T.);
#4576=ORIENTED_EDGE('',*,*,#3374,.T.);
#4577=ORIENTED_EDGE('',*,*,#3375,.T.);
#4578=ORIENTED_EDGE('',*,*,#3376,.T.);
#4579=ORIENTED_EDGE('',*,*,#3377,.T.);
#4580=ORIENTED_EDGE('',*,*,#3375,.F.);
#4581=ORIENTED_EDGE('',*,*,#3378,.F.);
#4582=ORIENTED_EDGE('',*,*,#3379,.F.);
#4583=ORIENTED_EDGE('',*,*,#3380,.F.);
#4584=ORIENTED_EDGE('',*,*,#3381,.T.);
#4585=ORIENTED_EDGE('',*,*,#3382,.F.);
#4586=ORIENTED_EDGE('',*,*,#3383,.F.);
#4587=ORIENTED_EDGE('',*,*,#3384,.T.);
#4588=ORIENTED_EDGE('',*,*,#3378,.T.);
#4589=ORIENTED_EDGE('',*,*,#3374,.F.);
#4590=ORIENTED_EDGE('',*,*,#3385,.T.);
#4591=ORIENTED_EDGE('',*,*,#3369,.F.);
#4592=ORIENTED_EDGE('',*,*,#3373,.F.);
#4593=ORIENTED_EDGE('',*,*,#3386,.F.);
#4594=ORIENTED_EDGE('',*,*,#3387,.T.);
#4595=ORIENTED_EDGE('',*,*,#3388,.F.);
#4596=ORIENTED_EDGE('',*,*,#3370,.F.);
#4597=ORIENTED_EDGE('',*,*,#3385,.F.);
#4598=ORIENTED_EDGE('',*,*,#3377,.F.);
#4599=ORIENTED_EDGE('',*,*,#3389,.F.);
#4600=ORIENTED_EDGE('',*,*,#3390,.F.);
#4601=ORIENTED_EDGE('',*,*,#3391,.F.);
#4602=ORIENTED_EDGE('',*,*,#3392,.F.);
#4603=ORIENTED_EDGE('',*,*,#3393,.T.);
#4604=ORIENTED_EDGE('',*,*,#3394,.F.);
#4605=ORIENTED_EDGE('',*,*,#3393,.F.);
#4606=ORIENTED_EDGE('',*,*,#3395,.F.);
#4607=ORIENTED_EDGE('',*,*,#3396,.T.);
#4608=ORIENTED_EDGE('',*,*,#3397,.F.);
#4609=ORIENTED_EDGE('',*,*,#3396,.F.);
#4610=ORIENTED_EDGE('',*,*,#3398,.F.);
#4611=ORIENTED_EDGE('',*,*,#3399,.T.);
#4612=ORIENTED_EDGE('',*,*,#3400,.F.);
#4613=ORIENTED_EDGE('',*,*,#3399,.F.);
#4614=ORIENTED_EDGE('',*,*,#3401,.F.);
#4615=ORIENTED_EDGE('',*,*,#3402,.F.);
#4616=ORIENTED_EDGE('',*,*,#3403,.F.);
#4617=ORIENTED_EDGE('',*,*,#3402,.T.);
#4618=ORIENTED_EDGE('',*,*,#3404,.F.);
#4619=ORIENTED_EDGE('',*,*,#3405,.T.);
#4620=ORIENTED_EDGE('',*,*,#3406,.F.);
#4621=ORIENTED_EDGE('',*,*,#3405,.F.);
#4622=ORIENTED_EDGE('',*,*,#3407,.F.);
#4623=ORIENTED_EDGE('',*,*,#3408,.T.);
#4624=ORIENTED_EDGE('',*,*,#3409,.F.);
#4625=ORIENTED_EDGE('',*,*,#3408,.F.);
#4626=ORIENTED_EDGE('',*,*,#3410,.F.);
#4627=ORIENTED_EDGE('',*,*,#3411,.T.);
#4628=ORIENTED_EDGE('',*,*,#3412,.F.);
#4629=ORIENTED_EDGE('',*,*,#3411,.F.);
#4630=ORIENTED_EDGE('',*,*,#3413,.F.);
#4631=ORIENTED_EDGE('',*,*,#3391,.T.);
#4632=ORIENTED_EDGE('',*,*,#3414,.F.);
#4633=ORIENTED_EDGE('',*,*,#3415,.F.);
#4634=ORIENTED_EDGE('',*,*,#3416,.F.);
#4635=ORIENTED_EDGE('',*,*,#3417,.F.);
#4636=ORIENTED_EDGE('',*,*,#3418,.F.);
#4637=ORIENTED_EDGE('',*,*,#3419,.F.);
#4638=ORIENTED_EDGE('',*,*,#3420,.T.);
#4639=ORIENTED_EDGE('',*,*,#3421,.F.);
#4640=ORIENTED_EDGE('',*,*,#3422,.F.);
#4641=ORIENTED_EDGE('',*,*,#3416,.T.);
#4642=ORIENTED_EDGE('',*,*,#3423,.F.);
#4643=ORIENTED_EDGE('',*,*,#3424,.F.);
#4644=ORIENTED_EDGE('',*,*,#3425,.F.);
#4645=ORIENTED_EDGE('',*,*,#3426,.F.);
#4646=ORIENTED_EDGE('',*,*,#3424,.T.);
#4647=ORIENTED_EDGE('',*,*,#3427,.F.);
#4648=ORIENTED_EDGE('',*,*,#3414,.T.);
#4649=ORIENTED_EDGE('',*,*,#3428,.T.);
#4650=ORIENTED_EDGE('',*,*,#3425,.T.);
#4651=ORIENTED_EDGE('',*,*,#3429,.T.);
#4652=ORIENTED_EDGE('',*,*,#3384,.F.);
#4653=ORIENTED_EDGE('',*,*,#3430,.F.);
#4654=ORIENTED_EDGE('',*,*,#3431,.T.);
#4655=ORIENTED_EDGE('',*,*,#3432,.T.);
#4656=ORIENTED_EDGE('',*,*,#3433,.T.);
#4657=ORIENTED_EDGE('',*,*,#3434,.T.);
#4658=ORIENTED_EDGE('',*,*,#3435,.F.);
#4659=ORIENTED_EDGE('',*,*,#3436,.F.);
#4660=ORIENTED_EDGE('',*,*,#3437,.F.);
#4661=ORIENTED_EDGE('',*,*,#3438,.F.);
#4662=ORIENTED_EDGE('',*,*,#3439,.F.);
#4663=ORIENTED_EDGE('',*,*,#3440,.F.);
#4664=ORIENTED_EDGE('',*,*,#3441,.T.);
#4665=ORIENTED_EDGE('',*,*,#3442,.F.);
#4666=ORIENTED_EDGE('',*,*,#3443,.T.);
#4667=ORIENTED_EDGE('',*,*,#3444,.F.);
#4668=ORIENTED_EDGE('',*,*,#3445,.F.);
#4669=ORIENTED_EDGE('',*,*,#3446,.F.);
#4670=ORIENTED_EDGE('',*,*,#3447,.F.);
#4671=ORIENTED_EDGE('',*,*,#3448,.F.);
#4672=ORIENTED_EDGE('',*,*,#3449,.T.);
#4673=ORIENTED_EDGE('',*,*,#3450,.F.);
#4674=ORIENTED_EDGE('',*,*,#3451,.T.);
#4675=ORIENTED_EDGE('',*,*,#3452,.F.);
#4676=ORIENTED_EDGE('',*,*,#3453,.F.);
#4677=ORIENTED_EDGE('',*,*,#3454,.F.);
#4678=ORIENTED_EDGE('',*,*,#3445,.T.);
#4679=ORIENTED_EDGE('',*,*,#3455,.T.);
#4680=ORIENTED_EDGE('',*,*,#3420,.F.);
#4681=ORIENTED_EDGE('',*,*,#3456,.F.);
#4682=ORIENTED_EDGE('',*,*,#3457,.F.);
#4683=ORIENTED_EDGE('',*,*,#3438,.T.);
#4684=ORIENTED_EDGE('',*,*,#3458,.T.);
#4685=ORIENTED_EDGE('',*,*,#3459,.T.);
#4686=ORIENTED_EDGE('',*,*,#3460,.T.);
#4687=ORIENTED_EDGE('',*,*,#3461,.T.);
#4688=ORIENTED_EDGE('',*,*,#3462,.T.);
#4689=ORIENTED_EDGE('',*,*,#3463,.T.);
#4690=ORIENTED_EDGE('',*,*,#3464,.T.);
#4691=ORIENTED_EDGE('',*,*,#3440,.T.);
#4692=ORIENTED_EDGE('',*,*,#3465,.T.);
#4693=ORIENTED_EDGE('',*,*,#3466,.T.);
#4694=ORIENTED_EDGE('',*,*,#3467,.T.);
#4695=ORIENTED_EDGE('',*,*,#3468,.T.);
#4696=ORIENTED_EDGE('',*,*,#3469,.T.);
#4697=ORIENTED_EDGE('',*,*,#3470,.T.);
#4698=ORIENTED_EDGE('',*,*,#3471,.T.);
#4699=ORIENTED_EDGE('',*,*,#3448,.T.);
#4700=ORIENTED_EDGE('',*,*,#3472,.T.);
#4701=ORIENTED_EDGE('',*,*,#3473,.T.);
#4702=ORIENTED_EDGE('',*,*,#3474,.T.);
#4703=ORIENTED_EDGE('',*,*,#3475,.T.);
#4704=ORIENTED_EDGE('',*,*,#3476,.T.);
#4705=ORIENTED_EDGE('',*,*,#3477,.T.);
#4706=ORIENTED_EDGE('',*,*,#3478,.T.);
#4707=ORIENTED_EDGE('',*,*,#3454,.T.);
#4708=ORIENTED_EDGE('',*,*,#3479,.T.);
#4709=ORIENTED_EDGE('',*,*,#3480,.T.);
#4710=ORIENTED_EDGE('',*,*,#3481,.T.);
#4711=ORIENTED_EDGE('',*,*,#3482,.T.);
#4712=ORIENTED_EDGE('',*,*,#3483,.T.);
#4713=ORIENTED_EDGE('',*,*,#3484,.T.);
#4714=ORIENTED_EDGE('',*,*,#3485,.T.);
#4715=ORIENTED_EDGE('',*,*,#3446,.T.);
#4716=ORIENTED_EDGE('',*,*,#3456,.T.);
#4717=ORIENTED_EDGE('',*,*,#3419,.T.);
#4718=ORIENTED_EDGE('',*,*,#3486,.T.);
#4719=ORIENTED_EDGE('',*,*,#3487,.F.);
#4720=ORIENTED_EDGE('',*,*,#3488,.T.);
#4721=ORIENTED_EDGE('',*,*,#3489,.T.);
#4722=ORIENTED_EDGE('',*,*,#3490,.T.);
#4723=ORIENTED_EDGE('',*,*,#3491,.T.);
#4724=ORIENTED_EDGE('',*,*,#3492,.T.);
#4725=ORIENTED_EDGE('',*,*,#3493,.T.);
#4726=ORIENTED_EDGE('',*,*,#3494,.T.);
#4727=ORIENTED_EDGE('',*,*,#3495,.T.);
#4728=ORIENTED_EDGE('',*,*,#3496,.T.);
#4729=ORIENTED_EDGE('',*,*,#3497,.T.);
#4730=ORIENTED_EDGE('',*,*,#3498,.T.);
#4731=ORIENTED_EDGE('',*,*,#3499,.T.);
#4732=ORIENTED_EDGE('',*,*,#3500,.T.);
#4733=ORIENTED_EDGE('',*,*,#3501,.T.);
#4734=ORIENTED_EDGE('',*,*,#3502,.T.);
#4735=ORIENTED_EDGE('',*,*,#3503,.T.);
#4736=ORIENTED_EDGE('',*,*,#3504,.T.);
#4737=ORIENTED_EDGE('',*,*,#3505,.T.);
#4738=ORIENTED_EDGE('',*,*,#3506,.T.);
#4739=ORIENTED_EDGE('',*,*,#3507,.T.);
#4740=ORIENTED_EDGE('',*,*,#3508,.T.);
#4741=ORIENTED_EDGE('',*,*,#3509,.T.);
#4742=ORIENTED_EDGE('',*,*,#3510,.T.);
#4743=ORIENTED_EDGE('',*,*,#3511,.T.);
#4744=ORIENTED_EDGE('',*,*,#3512,.T.);
#4745=ORIENTED_EDGE('',*,*,#3513,.T.);
#4746=ORIENTED_EDGE('',*,*,#3514,.T.);
#4747=ORIENTED_EDGE('',*,*,#3515,.T.);
#4748=ORIENTED_EDGE('',*,*,#3516,.T.);
#4749=ORIENTED_EDGE('',*,*,#3517,.T.);
#4750=ORIENTED_EDGE('',*,*,#3518,.T.);
#4751=ORIENTED_EDGE('',*,*,#3519,.T.);
#4752=ORIENTED_EDGE('',*,*,#3520,.T.);
#4753=ORIENTED_EDGE('',*,*,#3521,.T.);
#4754=ORIENTED_EDGE('',*,*,#3522,.T.);
#4755=ORIENTED_EDGE('',*,*,#3523,.T.);
#4756=ORIENTED_EDGE('',*,*,#3524,.T.);
#4757=ORIENTED_EDGE('',*,*,#3525,.T.);
#4758=ORIENTED_EDGE('',*,*,#3526,.T.);
#4759=ORIENTED_EDGE('',*,*,#3527,.T.);
#4760=ORIENTED_EDGE('',*,*,#3528,.T.);
#4761=ORIENTED_EDGE('',*,*,#3529,.T.);
#4762=ORIENTED_EDGE('',*,*,#3530,.T.);
#4763=ORIENTED_EDGE('',*,*,#3531,.T.);
#4764=ORIENTED_EDGE('',*,*,#3532,.T.);
#4765=ORIENTED_EDGE('',*,*,#3533,.T.);
#4766=ORIENTED_EDGE('',*,*,#3534,.T.);
#4767=ORIENTED_EDGE('',*,*,#3535,.T.);
#4768=ORIENTED_EDGE('',*,*,#3536,.T.);
#4769=ORIENTED_EDGE('',*,*,#3537,.T.);
#4770=ORIENTED_EDGE('',*,*,#3538,.T.);
#4771=ORIENTED_EDGE('',*,*,#3539,.T.);
#4772=ORIENTED_EDGE('',*,*,#3540,.T.);
#4773=ORIENTED_EDGE('',*,*,#3541,.T.);
#4774=ORIENTED_EDGE('',*,*,#3542,.T.);
#4775=ORIENTED_EDGE('',*,*,#3543,.T.);
#4776=ORIENTED_EDGE('',*,*,#3544,.T.);
#4777=ORIENTED_EDGE('',*,*,#3545,.T.);
#4778=ORIENTED_EDGE('',*,*,#3546,.T.);
#4779=ORIENTED_EDGE('',*,*,#3547,.T.);
#4780=ORIENTED_EDGE('',*,*,#3548,.T.);
#4781=ORIENTED_EDGE('',*,*,#3549,.T.);
#4782=ORIENTED_EDGE('',*,*,#3550,.T.);
#4783=ORIENTED_EDGE('',*,*,#3551,.T.);
#4784=ORIENTED_EDGE('',*,*,#3552,.T.);
#4785=ORIENTED_EDGE('',*,*,#3553,.F.);
#4786=ORIENTED_EDGE('',*,*,#3472,.F.);
#4787=ORIENTED_EDGE('',*,*,#3447,.T.);
#4788=ORIENTED_EDGE('',*,*,#3554,.T.);
#4789=ORIENTED_EDGE('',*,*,#3555,.F.);
#4790=ORIENTED_EDGE('',*,*,#3473,.F.);
#4791=ORIENTED_EDGE('',*,*,#3553,.T.);
#4792=ORIENTED_EDGE('',*,*,#3556,.T.);
#4793=ORIENTED_EDGE('',*,*,#3557,.F.);
#4794=ORIENTED_EDGE('',*,*,#3474,.F.);
#4795=ORIENTED_EDGE('',*,*,#3555,.T.);
#4796=ORIENTED_EDGE('',*,*,#3558,.T.);
#4797=ORIENTED_EDGE('',*,*,#3559,.F.);
#4798=ORIENTED_EDGE('',*,*,#3465,.F.);
#4799=ORIENTED_EDGE('',*,*,#3439,.T.);
#4800=ORIENTED_EDGE('',*,*,#3560,.T.);
#4801=ORIENTED_EDGE('',*,*,#3561,.F.);
#4802=ORIENTED_EDGE('',*,*,#3466,.F.);
#4803=ORIENTED_EDGE('',*,*,#3559,.T.);
#4804=ORIENTED_EDGE('',*,*,#3562,.T.);
#4805=ORIENTED_EDGE('',*,*,#3563,.F.);
#4806=ORIENTED_EDGE('',*,*,#3467,.F.);
#4807=ORIENTED_EDGE('',*,*,#3561,.T.);
#4808=ORIENTED_EDGE('',*,*,#3564,.T.);
#4809=ORIENTED_EDGE('',*,*,#3565,.F.);
#4810=ORIENTED_EDGE('',*,*,#3492,.F.);
#4811=ORIENTED_EDGE('',*,*,#3566,.T.);
#4812=ORIENTED_EDGE('',*,*,#3567,.T.);
#4813=ORIENTED_EDGE('',*,*,#3568,.F.);
#4814=ORIENTED_EDGE('',*,*,#3493,.F.);
#4815=ORIENTED_EDGE('',*,*,#3565,.T.);
#4816=ORIENTED_EDGE('',*,*,#3569,.T.);
#4817=ORIENTED_EDGE('',*,*,#3570,.F.);
#4818=ORIENTED_EDGE('',*,*,#3494,.F.);
#4819=ORIENTED_EDGE('',*,*,#3568,.T.);
#4820=ORIENTED_EDGE('',*,*,#3571,.T.);
#4821=ORIENTED_EDGE('',*,*,#3572,.F.);
#4822=ORIENTED_EDGE('',*,*,#3495,.F.);
#4823=ORIENTED_EDGE('',*,*,#3570,.T.);
#4824=ORIENTED_EDGE('',*,*,#3573,.T.);
#4825=ORIENTED_EDGE('',*,*,#3574,.F.);
#4826=ORIENTED_EDGE('',*,*,#3500,.F.);
#4827=ORIENTED_EDGE('',*,*,#3575,.T.);
#4828=ORIENTED_EDGE('',*,*,#3576,.T.);
#4829=ORIENTED_EDGE('',*,*,#3577,.F.);
#4830=ORIENTED_EDGE('',*,*,#3501,.F.);
#4831=ORIENTED_EDGE('',*,*,#3574,.T.);
#4832=ORIENTED_EDGE('',*,*,#3578,.T.);
#4833=ORIENTED_EDGE('',*,*,#3579,.F.);
#4834=ORIENTED_EDGE('',*,*,#3502,.F.);
#4835=ORIENTED_EDGE('',*,*,#3577,.T.);
#4836=ORIENTED_EDGE('',*,*,#3580,.T.);
#4837=ORIENTED_EDGE('',*,*,#3581,.F.);
#4838=ORIENTED_EDGE('',*,*,#3503,.F.);
#4839=ORIENTED_EDGE('',*,*,#3579,.T.);
#4840=ORIENTED_EDGE('',*,*,#3582,.T.);
#4841=ORIENTED_EDGE('',*,*,#3583,.F.);
#4842=ORIENTED_EDGE('',*,*,#3479,.F.);
#4843=ORIENTED_EDGE('',*,*,#3453,.T.);
#4844=ORIENTED_EDGE('',*,*,#3584,.T.);
#4845=ORIENTED_EDGE('',*,*,#3585,.F.);
#4846=ORIENTED_EDGE('',*,*,#3480,.F.);
#4847=ORIENTED_EDGE('',*,*,#3583,.T.);
#4848=ORIENTED_EDGE('',*,*,#3586,.T.);
#4849=ORIENTED_EDGE('',*,*,#3587,.F.);
#4850=ORIENTED_EDGE('',*,*,#3481,.F.);
#4851=ORIENTED_EDGE('',*,*,#3585,.T.);
#4852=ORIENTED_EDGE('',*,*,#3588,.T.);
#4853=ORIENTED_EDGE('',*,*,#3589,.F.);
#4854=ORIENTED_EDGE('',*,*,#3458,.F.);
#4855=ORIENTED_EDGE('',*,*,#3437,.T.);
#4856=ORIENTED_EDGE('',*,*,#3590,.T.);
#4857=ORIENTED_EDGE('',*,*,#3591,.F.);
#4858=ORIENTED_EDGE('',*,*,#3459,.F.);
#4859=ORIENTED_EDGE('',*,*,#3589,.T.);
#4860=ORIENTED_EDGE('',*,*,#3592,.T.);
#4861=ORIENTED_EDGE('',*,*,#3593,.F.);
#4862=ORIENTED_EDGE('',*,*,#3460,.F.);
#4863=ORIENTED_EDGE('',*,*,#3591,.T.);
#4864=ORIENTED_EDGE('',*,*,#3594,.T.);
#4865=ORIENTED_EDGE('',*,*,#3595,.F.);
#4866=ORIENTED_EDGE('',*,*,#3508,.F.);
#4867=ORIENTED_EDGE('',*,*,#3596,.T.);
#4868=ORIENTED_EDGE('',*,*,#3597,.T.);
#4869=ORIENTED_EDGE('',*,*,#3598,.F.);
#4870=ORIENTED_EDGE('',*,*,#3509,.F.);
#4871=ORIENTED_EDGE('',*,*,#3595,.T.);
#4872=ORIENTED_EDGE('',*,*,#3599,.T.);
#4873=ORIENTED_EDGE('',*,*,#3600,.F.);
#4874=ORIENTED_EDGE('',*,*,#3510,.F.);
#4875=ORIENTED_EDGE('',*,*,#3598,.T.);
#4876=ORIENTED_EDGE('',*,*,#3601,.T.);
#4877=ORIENTED_EDGE('',*,*,#3602,.F.);
#4878=ORIENTED_EDGE('',*,*,#3511,.F.);
#4879=ORIENTED_EDGE('',*,*,#3600,.T.);
#4880=ORIENTED_EDGE('',*,*,#3603,.T.);
#4881=ORIENTED_EDGE('',*,*,#3604,.F.);
#4882=ORIENTED_EDGE('',*,*,#3516,.F.);
#4883=ORIENTED_EDGE('',*,*,#3605,.T.);
#4884=ORIENTED_EDGE('',*,*,#3606,.T.);
#4885=ORIENTED_EDGE('',*,*,#3607,.F.);
#4886=ORIENTED_EDGE('',*,*,#3517,.F.);
#4887=ORIENTED_EDGE('',*,*,#3604,.T.);
#4888=ORIENTED_EDGE('',*,*,#3608,.T.);
#4889=ORIENTED_EDGE('',*,*,#3609,.F.);
#4890=ORIENTED_EDGE('',*,*,#3518,.F.);
#4891=ORIENTED_EDGE('',*,*,#3607,.T.);
#4892=ORIENTED_EDGE('',*,*,#3610,.T.);
#4893=ORIENTED_EDGE('',*,*,#3611,.F.);
#4894=ORIENTED_EDGE('',*,*,#3519,.F.);
#4895=ORIENTED_EDGE('',*,*,#3609,.T.);
#4896=ORIENTED_EDGE('',*,*,#3612,.T.);
#4897=ORIENTED_EDGE('',*,*,#3613,.F.);
#4898=ORIENTED_EDGE('',*,*,#3524,.F.);
#4899=ORIENTED_EDGE('',*,*,#3614,.T.);
#4900=ORIENTED_EDGE('',*,*,#3615,.T.);
#4901=ORIENTED_EDGE('',*,*,#3616,.F.);
#4902=ORIENTED_EDGE('',*,*,#3525,.F.);
#4903=ORIENTED_EDGE('',*,*,#3613,.T.);
#4904=ORIENTED_EDGE('',*,*,#3617,.T.);
#4905=ORIENTED_EDGE('',*,*,#3618,.F.);
#4906=ORIENTED_EDGE('',*,*,#3526,.F.);
#4907=ORIENTED_EDGE('',*,*,#3616,.T.);
#4908=ORIENTED_EDGE('',*,*,#3619,.T.);
#4909=ORIENTED_EDGE('',*,*,#3620,.F.);
#4910=ORIENTED_EDGE('',*,*,#3527,.F.);
#4911=ORIENTED_EDGE('',*,*,#3618,.T.);
#4912=ORIENTED_EDGE('',*,*,#3621,.T.);
#4913=ORIENTED_EDGE('',*,*,#3622,.F.);
#4914=ORIENTED_EDGE('',*,*,#3532,.F.);
#4915=ORIENTED_EDGE('',*,*,#3623,.T.);
#4916=ORIENTED_EDGE('',*,*,#3624,.T.);
#4917=ORIENTED_EDGE('',*,*,#3625,.F.);
#4918=ORIENTED_EDGE('',*,*,#3533,.F.);
#4919=ORIENTED_EDGE('',*,*,#3622,.T.);
#4920=ORIENTED_EDGE('',*,*,#3626,.T.);
#4921=ORIENTED_EDGE('',*,*,#3627,.F.);
#4922=ORIENTED_EDGE('',*,*,#3534,.F.);
#4923=ORIENTED_EDGE('',*,*,#3625,.T.);
#4924=ORIENTED_EDGE('',*,*,#3628,.T.);
#4925=ORIENTED_EDGE('',*,*,#3629,.F.);
#4926=ORIENTED_EDGE('',*,*,#3535,.F.);
#4927=ORIENTED_EDGE('',*,*,#3627,.T.);
#4928=ORIENTED_EDGE('',*,*,#3630,.T.);
#4929=ORIENTED_EDGE('',*,*,#3631,.F.);
#4930=ORIENTED_EDGE('',*,*,#3540,.F.);
#4931=ORIENTED_EDGE('',*,*,#3632,.T.);
#4932=ORIENTED_EDGE('',*,*,#3633,.T.);
#4933=ORIENTED_EDGE('',*,*,#3634,.F.);
#4934=ORIENTED_EDGE('',*,*,#3541,.F.);
#4935=ORIENTED_EDGE('',*,*,#3631,.T.);
#4936=ORIENTED_EDGE('',*,*,#3635,.T.);
#4937=ORIENTED_EDGE('',*,*,#3636,.F.);
#4938=ORIENTED_EDGE('',*,*,#3542,.F.);
#4939=ORIENTED_EDGE('',*,*,#3634,.T.);
#4940=ORIENTED_EDGE('',*,*,#3637,.T.);
#4941=ORIENTED_EDGE('',*,*,#3638,.F.);
#4942=ORIENTED_EDGE('',*,*,#3543,.F.);
#4943=ORIENTED_EDGE('',*,*,#3636,.T.);
#4944=ORIENTED_EDGE('',*,*,#3639,.T.);
#4945=ORIENTED_EDGE('',*,*,#3640,.F.);
#4946=ORIENTED_EDGE('',*,*,#3548,.F.);
#4947=ORIENTED_EDGE('',*,*,#3641,.T.);
#4948=ORIENTED_EDGE('',*,*,#3642,.T.);
#4949=ORIENTED_EDGE('',*,*,#3643,.F.);
#4950=ORIENTED_EDGE('',*,*,#3549,.F.);
#4951=ORIENTED_EDGE('',*,*,#3640,.T.);
#4952=ORIENTED_EDGE('',*,*,#3644,.T.);
#4953=ORIENTED_EDGE('',*,*,#3645,.F.);
#4954=ORIENTED_EDGE('',*,*,#3550,.F.);
#4955=ORIENTED_EDGE('',*,*,#3643,.T.);
#4956=ORIENTED_EDGE('',*,*,#3646,.T.);
#4957=ORIENTED_EDGE('',*,*,#3647,.F.);
#4958=ORIENTED_EDGE('',*,*,#3551,.F.);
#4959=ORIENTED_EDGE('',*,*,#3645,.T.);
#4960=ORIENTED_EDGE('',*,*,#3648,.F.);
#4961=ORIENTED_EDGE('',*,*,#3486,.F.);
#4962=ORIENTED_EDGE('',*,*,#3418,.T.);
#4963=ORIENTED_EDGE('',*,*,#3649,.T.);
#4964=ORIENTED_EDGE('',*,*,#3650,.T.);
#4965=ORIENTED_EDGE('',*,*,#3451,.F.);
#4966=ORIENTED_EDGE('',*,*,#3478,.F.);
#4967=ORIENTED_EDGE('',*,*,#3651,.T.);
#4968=ORIENTED_EDGE('',*,*,#3652,.T.);
#4969=ORIENTED_EDGE('',*,*,#3651,.F.);
#4970=ORIENTED_EDGE('',*,*,#3477,.F.);
#4971=ORIENTED_EDGE('',*,*,#3653,.T.);
#4972=ORIENTED_EDGE('',*,*,#3654,.T.);
#4973=ORIENTED_EDGE('',*,*,#3653,.F.);
#4974=ORIENTED_EDGE('',*,*,#3476,.F.);
#4975=ORIENTED_EDGE('',*,*,#3655,.T.);
#4976=ORIENTED_EDGE('',*,*,#3656,.T.);
#4977=ORIENTED_EDGE('',*,*,#3655,.F.);
#4978=ORIENTED_EDGE('',*,*,#3475,.F.);
#4979=ORIENTED_EDGE('',*,*,#3557,.T.);
#4980=ORIENTED_EDGE('',*,*,#3657,.T.);
#4981=ORIENTED_EDGE('',*,*,#3449,.F.);
#4982=ORIENTED_EDGE('',*,*,#3471,.F.);
#4983=ORIENTED_EDGE('',*,*,#3658,.T.);
#4984=ORIENTED_EDGE('',*,*,#3659,.T.);
#4985=ORIENTED_EDGE('',*,*,#3658,.F.);
#4986=ORIENTED_EDGE('',*,*,#3470,.F.);
#4987=ORIENTED_EDGE('',*,*,#3660,.T.);
#4988=ORIENTED_EDGE('',*,*,#3661,.T.);
#4989=ORIENTED_EDGE('',*,*,#3660,.F.);
#4990=ORIENTED_EDGE('',*,*,#3469,.F.);
#4991=ORIENTED_EDGE('',*,*,#3662,.T.);
#4992=ORIENTED_EDGE('',*,*,#3663,.T.);
#4993=ORIENTED_EDGE('',*,*,#3662,.F.);
#4994=ORIENTED_EDGE('',*,*,#3468,.F.);
#4995=ORIENTED_EDGE('',*,*,#3563,.T.);
#4996=ORIENTED_EDGE('',*,*,#3664,.T.);
#4997=ORIENTED_EDGE('',*,*,#3566,.F.);
#4998=ORIENTED_EDGE('',*,*,#3491,.F.);
#4999=ORIENTED_EDGE('',*,*,#3665,.T.);
#5000=ORIENTED_EDGE('',*,*,#3666,.T.);
#5001=ORIENTED_EDGE('',*,*,#3665,.F.);
#5002=ORIENTED_EDGE('',*,*,#3490,.F.);
#5003=ORIENTED_EDGE('',*,*,#3667,.T.);
#5004=ORIENTED_EDGE('',*,*,#3668,.T.);
#5005=ORIENTED_EDGE('',*,*,#3667,.F.);
#5006=ORIENTED_EDGE('',*,*,#3489,.F.);
#5007=ORIENTED_EDGE('',*,*,#3669,.T.);
#5008=ORIENTED_EDGE('',*,*,#3670,.T.);
#5009=ORIENTED_EDGE('',*,*,#3669,.F.);
#5010=ORIENTED_EDGE('',*,*,#3488,.F.);
#5011=ORIENTED_EDGE('',*,*,#3572,.T.);
#5012=ORIENTED_EDGE('',*,*,#3671,.T.);
#5013=ORIENTED_EDGE('',*,*,#3575,.F.);
#5014=ORIENTED_EDGE('',*,*,#3499,.F.);
#5015=ORIENTED_EDGE('',*,*,#3672,.T.);
#5016=ORIENTED_EDGE('',*,*,#3673,.T.);
#5017=ORIENTED_EDGE('',*,*,#3672,.F.);
#5018=ORIENTED_EDGE('',*,*,#3498,.F.);
#5019=ORIENTED_EDGE('',*,*,#3674,.T.);
#5020=ORIENTED_EDGE('',*,*,#3675,.T.);
#5021=ORIENTED_EDGE('',*,*,#3674,.F.);
#5022=ORIENTED_EDGE('',*,*,#3497,.F.);
#5023=ORIENTED_EDGE('',*,*,#3676,.T.);
#5024=ORIENTED_EDGE('',*,*,#3677,.T.);
#5025=ORIENTED_EDGE('',*,*,#3676,.F.);
#5026=ORIENTED_EDGE('',*,*,#3496,.F.);
#5027=ORIENTED_EDGE('',*,*,#3581,.T.);
#5028=ORIENTED_EDGE('',*,*,#3678,.T.);
#5029=ORIENTED_EDGE('',*,*,#3443,.F.);
#5030=ORIENTED_EDGE('',*,*,#3485,.F.);
#5031=ORIENTED_EDGE('',*,*,#3679,.T.);
#5032=ORIENTED_EDGE('',*,*,#3680,.T.);
#5033=ORIENTED_EDGE('',*,*,#3679,.F.);
#5034=ORIENTED_EDGE('',*,*,#3484,.F.);
#5035=ORIENTED_EDGE('',*,*,#3681,.T.);
#5036=ORIENTED_EDGE('',*,*,#3682,.T.);
#5037=ORIENTED_EDGE('',*,*,#3681,.F.);
#5038=ORIENTED_EDGE('',*,*,#3483,.F.);
#5039=ORIENTED_EDGE('',*,*,#3683,.T.);
#5040=ORIENTED_EDGE('',*,*,#3684,.T.);
#5041=ORIENTED_EDGE('',*,*,#3683,.F.);
#5042=ORIENTED_EDGE('',*,*,#3482,.F.);
#5043=ORIENTED_EDGE('',*,*,#3587,.T.);
#5044=ORIENTED_EDGE('',*,*,#3685,.T.);
#5045=ORIENTED_EDGE('',*,*,#3441,.F.);
#5046=ORIENTED_EDGE('',*,*,#3464,.F.);
#5047=ORIENTED_EDGE('',*,*,#3686,.T.);
#5048=ORIENTED_EDGE('',*,*,#3687,.T.);
#5049=ORIENTED_EDGE('',*,*,#3686,.F.);
#5050=ORIENTED_EDGE('',*,*,#3463,.F.);
#5051=ORIENTED_EDGE('',*,*,#3688,.T.);
#5052=ORIENTED_EDGE('',*,*,#3689,.T.);
#5053=ORIENTED_EDGE('',*,*,#3688,.F.);
#5054=ORIENTED_EDGE('',*,*,#3462,.F.);
#5055=ORIENTED_EDGE('',*,*,#3690,.T.);
#5056=ORIENTED_EDGE('',*,*,#3691,.T.);
#5057=ORIENTED_EDGE('',*,*,#3690,.F.);
#5058=ORIENTED_EDGE('',*,*,#3461,.F.);
#5059=ORIENTED_EDGE('',*,*,#3593,.T.);
#5060=ORIENTED_EDGE('',*,*,#3692,.T.);
#5061=ORIENTED_EDGE('',*,*,#3596,.F.);
#5062=ORIENTED_EDGE('',*,*,#3507,.F.);
#5063=ORIENTED_EDGE('',*,*,#3693,.T.);
#5064=ORIENTED_EDGE('',*,*,#3694,.T.);
#5065=ORIENTED_EDGE('',*,*,#3693,.F.);
#5066=ORIENTED_EDGE('',*,*,#3506,.F.);
#5067=ORIENTED_EDGE('',*,*,#3695,.T.);
#5068=ORIENTED_EDGE('',*,*,#3696,.T.);
#5069=ORIENTED_EDGE('',*,*,#3695,.F.);
#5070=ORIENTED_EDGE('',*,*,#3505,.F.);
#5071=ORIENTED_EDGE('',*,*,#3697,.T.);
#5072=ORIENTED_EDGE('',*,*,#3698,.T.);
#5073=ORIENTED_EDGE('',*,*,#3697,.F.);
#5074=ORIENTED_EDGE('',*,*,#3504,.F.);
#5075=ORIENTED_EDGE('',*,*,#3602,.T.);
#5076=ORIENTED_EDGE('',*,*,#3699,.T.);
#5077=ORIENTED_EDGE('',*,*,#3605,.F.);
#5078=ORIENTED_EDGE('',*,*,#3515,.F.);
#5079=ORIENTED_EDGE('',*,*,#3700,.T.);
#5080=ORIENTED_EDGE('',*,*,#3701,.T.);
#5081=ORIENTED_EDGE('',*,*,#3700,.F.);
#5082=ORIENTED_EDGE('',*,*,#3514,.F.);
#5083=ORIENTED_EDGE('',*,*,#3702,.T.);
#5084=ORIENTED_EDGE('',*,*,#3703,.T.);
#5085=ORIENTED_EDGE('',*,*,#3702,.F.);
#5086=ORIENTED_EDGE('',*,*,#3513,.F.);
#5087=ORIENTED_EDGE('',*,*,#3704,.T.);
#5088=ORIENTED_EDGE('',*,*,#3705,.T.);
#5089=ORIENTED_EDGE('',*,*,#3704,.F.);
#5090=ORIENTED_EDGE('',*,*,#3512,.F.);
#5091=ORIENTED_EDGE('',*,*,#3611,.T.);
#5092=ORIENTED_EDGE('',*,*,#3706,.T.);
#5093=ORIENTED_EDGE('',*,*,#3614,.F.);
#5094=ORIENTED_EDGE('',*,*,#3523,.F.);
#5095=ORIENTED_EDGE('',*,*,#3707,.T.);
#5096=ORIENTED_EDGE('',*,*,#3708,.T.);
#5097=ORIENTED_EDGE('',*,*,#3707,.F.);
#5098=ORIENTED_EDGE('',*,*,#3522,.F.);
#5099=ORIENTED_EDGE('',*,*,#3709,.T.);
#5100=ORIENTED_EDGE('',*,*,#3710,.T.);
#5101=ORIENTED_EDGE('',*,*,#3709,.F.);
#5102=ORIENTED_EDGE('',*,*,#3521,.F.);
#5103=ORIENTED_EDGE('',*,*,#3711,.T.);
#5104=ORIENTED_EDGE('',*,*,#3712,.T.);
#5105=ORIENTED_EDGE('',*,*,#3711,.F.);
#5106=ORIENTED_EDGE('',*,*,#3520,.F.);
#5107=ORIENTED_EDGE('',*,*,#3620,.T.);
#5108=ORIENTED_EDGE('',*,*,#3713,.T.);
#5109=ORIENTED_EDGE('',*,*,#3623,.F.);
#5110=ORIENTED_EDGE('',*,*,#3531,.F.);
#5111=ORIENTED_EDGE('',*,*,#3714,.T.);
#5112=ORIENTED_EDGE('',*,*,#3715,.T.);
#5113=ORIENTED_EDGE('',*,*,#3714,.F.);
#5114=ORIENTED_EDGE('',*,*,#3530,.F.);
#5115=ORIENTED_EDGE('',*,*,#3716,.T.);
#5116=ORIENTED_EDGE('',*,*,#3717,.T.);
#5117=ORIENTED_EDGE('',*,*,#3716,.F.);
#5118=ORIENTED_EDGE('',*,*,#3529,.F.);
#5119=ORIENTED_EDGE('',*,*,#3718,.T.);
#5120=ORIENTED_EDGE('',*,*,#3719,.T.);
#5121=ORIENTED_EDGE('',*,*,#3718,.F.);
#5122=ORIENTED_EDGE('',*,*,#3528,.F.);
#5123=ORIENTED_EDGE('',*,*,#3629,.T.);
#5124=ORIENTED_EDGE('',*,*,#3720,.T.);
#5125=ORIENTED_EDGE('',*,*,#3632,.F.);
#5126=ORIENTED_EDGE('',*,*,#3539,.F.);
#5127=ORIENTED_EDGE('',*,*,#3721,.T.);
#5128=ORIENTED_EDGE('',*,*,#3722,.T.);
#5129=ORIENTED_EDGE('',*,*,#3721,.F.);
#5130=ORIENTED_EDGE('',*,*,#3538,.F.);
#5131=ORIENTED_EDGE('',*,*,#3723,.T.);
#5132=ORIENTED_EDGE('',*,*,#3724,.T.);
#5133=ORIENTED_EDGE('',*,*,#3723,.F.);
#5134=ORIENTED_EDGE('',*,*,#3537,.F.);
#5135=ORIENTED_EDGE('',*,*,#3725,.T.);
#5136=ORIENTED_EDGE('',*,*,#3726,.T.);
#5137=ORIENTED_EDGE('',*,*,#3725,.F.);
#5138=ORIENTED_EDGE('',*,*,#3536,.F.);
#5139=ORIENTED_EDGE('',*,*,#3638,.T.);
#5140=ORIENTED_EDGE('',*,*,#3727,.T.);
#5141=ORIENTED_EDGE('',*,*,#3641,.F.);
#5142=ORIENTED_EDGE('',*,*,#3547,.F.);
#5143=ORIENTED_EDGE('',*,*,#3728,.T.);
#5144=ORIENTED_EDGE('',*,*,#3729,.T.);
#5145=ORIENTED_EDGE('',*,*,#3728,.F.);
#5146=ORIENTED_EDGE('',*,*,#3546,.F.);
#5147=ORIENTED_EDGE('',*,*,#3730,.T.);
#5148=ORIENTED_EDGE('',*,*,#3731,.T.);
#5149=ORIENTED_EDGE('',*,*,#3730,.F.);
#5150=ORIENTED_EDGE('',*,*,#3545,.F.);
#5151=ORIENTED_EDGE('',*,*,#3732,.T.);
#5152=ORIENTED_EDGE('',*,*,#3733,.T.);
#5153=ORIENTED_EDGE('',*,*,#3732,.F.);
#5154=ORIENTED_EDGE('',*,*,#3544,.F.);
#5155=ORIENTED_EDGE('',*,*,#3647,.T.);
#5156=ORIENTED_EDGE('',*,*,#3487,.T.);
#5157=ORIENTED_EDGE('',*,*,#3648,.T.);
#5158=ORIENTED_EDGE('',*,*,#3734,.T.);
#5159=ORIENTED_EDGE('',*,*,#3735,.F.);
#5160=ORIENTED_EDGE('',*,*,#3736,.F.);
#5161=ORIENTED_EDGE('',*,*,#3737,.T.);
#5162=ORIENTED_EDGE('',*,*,#3738,.F.);
#5163=ORIENTED_EDGE('',*,*,#3739,.F.);
#5164=ORIENTED_EDGE('',*,*,#3740,.F.);
#5165=ORIENTED_EDGE('',*,*,#3741,.F.);
#5166=ORIENTED_EDGE('',*,*,#3742,.T.);
#5167=ORIENTED_EDGE('',*,*,#3743,.F.);
#5168=ORIENTED_EDGE('',*,*,#3744,.F.);
#5169=ORIENTED_EDGE('',*,*,#3734,.F.);
#5170=ORIENTED_EDGE('',*,*,#3649,.F.);
#5171=ORIENTED_EDGE('',*,*,#3417,.T.);
#5172=ORIENTED_EDGE('',*,*,#3422,.T.);
#5173=ORIENTED_EDGE('',*,*,#3426,.T.);
#5174=ORIENTED_EDGE('',*,*,#3428,.F.);
#5175=ORIENTED_EDGE('',*,*,#3421,.T.);
#5176=ORIENTED_EDGE('',*,*,#3455,.F.);
#5177=ORIENTED_EDGE('',*,*,#3444,.T.);
#5178=ORIENTED_EDGE('',*,*,#3678,.F.);
#5179=ORIENTED_EDGE('',*,*,#3680,.F.);
#5180=ORIENTED_EDGE('',*,*,#3682,.F.);
#5181=ORIENTED_EDGE('',*,*,#3684,.F.);
#5182=ORIENTED_EDGE('',*,*,#3586,.F.);
#5183=ORIENTED_EDGE('',*,*,#3584,.F.);
#5184=ORIENTED_EDGE('',*,*,#3582,.F.);
#5185=ORIENTED_EDGE('',*,*,#3452,.T.);
#5186=ORIENTED_EDGE('',*,*,#3650,.F.);
#5187=ORIENTED_EDGE('',*,*,#3652,.F.);
#5188=ORIENTED_EDGE('',*,*,#3654,.F.);
#5189=ORIENTED_EDGE('',*,*,#3656,.F.);
#5190=ORIENTED_EDGE('',*,*,#3556,.F.);
#5191=ORIENTED_EDGE('',*,*,#3554,.F.);
#5192=ORIENTED_EDGE('',*,*,#3552,.F.);
#5193=ORIENTED_EDGE('',*,*,#3450,.T.);
#5194=ORIENTED_EDGE('',*,*,#3657,.F.);
#5195=ORIENTED_EDGE('',*,*,#3659,.F.);
#5196=ORIENTED_EDGE('',*,*,#3661,.F.);
#5197=ORIENTED_EDGE('',*,*,#3663,.F.);
#5198=ORIENTED_EDGE('',*,*,#3562,.F.);
#5199=ORIENTED_EDGE('',*,*,#3560,.F.);
#5200=ORIENTED_EDGE('',*,*,#3558,.F.);
#5201=ORIENTED_EDGE('',*,*,#3442,.T.);
#5202=ORIENTED_EDGE('',*,*,#3685,.F.);
#5203=ORIENTED_EDGE('',*,*,#3687,.F.);
#5204=ORIENTED_EDGE('',*,*,#3689,.F.);
#5205=ORIENTED_EDGE('',*,*,#3691,.F.);
#5206=ORIENTED_EDGE('',*,*,#3592,.F.);
#5207=ORIENTED_EDGE('',*,*,#3590,.F.);
#5208=ORIENTED_EDGE('',*,*,#3588,.F.);
#5209=ORIENTED_EDGE('',*,*,#3436,.T.);
#5210=ORIENTED_EDGE('',*,*,#3733,.F.);
#5211=ORIENTED_EDGE('',*,*,#3646,.F.);
#5212=ORIENTED_EDGE('',*,*,#3644,.F.);
#5213=ORIENTED_EDGE('',*,*,#3642,.F.);
#5214=ORIENTED_EDGE('',*,*,#3639,.F.);
#5215=ORIENTED_EDGE('',*,*,#3727,.F.);
#5216=ORIENTED_EDGE('',*,*,#3729,.F.);
#5217=ORIENTED_EDGE('',*,*,#3731,.F.);
#5218=ORIENTED_EDGE('',*,*,#3726,.F.);
#5219=ORIENTED_EDGE('',*,*,#3637,.F.);
#5220=ORIENTED_EDGE('',*,*,#3635,.F.);
#5221=ORIENTED_EDGE('',*,*,#3633,.F.);
#5222=ORIENTED_EDGE('',*,*,#3630,.F.);
#5223=ORIENTED_EDGE('',*,*,#3720,.F.);
#5224=ORIENTED_EDGE('',*,*,#3722,.F.);
#5225=ORIENTED_EDGE('',*,*,#3724,.F.);
#5226=ORIENTED_EDGE('',*,*,#3719,.F.);
#5227=ORIENTED_EDGE('',*,*,#3628,.F.);
#5228=ORIENTED_EDGE('',*,*,#3626,.F.);
#5229=ORIENTED_EDGE('',*,*,#3624,.F.);
#5230=ORIENTED_EDGE('',*,*,#3621,.F.);
#5231=ORIENTED_EDGE('',*,*,#3713,.F.);
#5232=ORIENTED_EDGE('',*,*,#3715,.F.);
#5233=ORIENTED_EDGE('',*,*,#3717,.F.);
#5234=ORIENTED_EDGE('',*,*,#3712,.F.);
#5235=ORIENTED_EDGE('',*,*,#3619,.F.);
#5236=ORIENTED_EDGE('',*,*,#3617,.F.);
#5237=ORIENTED_EDGE('',*,*,#3615,.F.);
#5238=ORIENTED_EDGE('',*,*,#3612,.F.);
#5239=ORIENTED_EDGE('',*,*,#3706,.F.);
#5240=ORIENTED_EDGE('',*,*,#3708,.F.);
#5241=ORIENTED_EDGE('',*,*,#3710,.F.);
#5242=ORIENTED_EDGE('',*,*,#3705,.F.);
#5243=ORIENTED_EDGE('',*,*,#3610,.F.);
#5244=ORIENTED_EDGE('',*,*,#3608,.F.);
#5245=ORIENTED_EDGE('',*,*,#3606,.F.);
#5246=ORIENTED_EDGE('',*,*,#3603,.F.);
#5247=ORIENTED_EDGE('',*,*,#3699,.F.);
#5248=ORIENTED_EDGE('',*,*,#3701,.F.);
#5249=ORIENTED_EDGE('',*,*,#3703,.F.);
#5250=ORIENTED_EDGE('',*,*,#3698,.F.);
#5251=ORIENTED_EDGE('',*,*,#3601,.F.);
#5252=ORIENTED_EDGE('',*,*,#3599,.F.);
#5253=ORIENTED_EDGE('',*,*,#3597,.F.);
#5254=ORIENTED_EDGE('',*,*,#3594,.F.);
#5255=ORIENTED_EDGE('',*,*,#3692,.F.);
#5256=ORIENTED_EDGE('',*,*,#3694,.F.);
#5257=ORIENTED_EDGE('',*,*,#3696,.F.);
#5258=ORIENTED_EDGE('',*,*,#3677,.F.);
#5259=ORIENTED_EDGE('',*,*,#3580,.F.);
#5260=ORIENTED_EDGE('',*,*,#3578,.F.);
#5261=ORIENTED_EDGE('',*,*,#3576,.F.);
#5262=ORIENTED_EDGE('',*,*,#3573,.F.);
#5263=ORIENTED_EDGE('',*,*,#3671,.F.);
#5264=ORIENTED_EDGE('',*,*,#3673,.F.);
#5265=ORIENTED_EDGE('',*,*,#3675,.F.);
#5266=ORIENTED_EDGE('',*,*,#3670,.F.);
#5267=ORIENTED_EDGE('',*,*,#3571,.F.);
#5268=ORIENTED_EDGE('',*,*,#3569,.F.);
#5269=ORIENTED_EDGE('',*,*,#3567,.F.);
#5270=ORIENTED_EDGE('',*,*,#3564,.F.);
#5271=ORIENTED_EDGE('',*,*,#3664,.F.);
#5272=ORIENTED_EDGE('',*,*,#3666,.F.);
#5273=ORIENTED_EDGE('',*,*,#3668,.F.);
#5274=ORIENTED_EDGE('',*,*,#3745,.F.);
#5275=ORIENTED_EDGE('',*,*,#3746,.F.);
#5276=ORIENTED_EDGE('',*,*,#3747,.F.);
#5277=ORIENTED_EDGE('',*,*,#3748,.F.);
#5278=ORIENTED_EDGE('',*,*,#3749,.F.);
#5279=ORIENTED_EDGE('',*,*,#3750,.F.);
#5280=ORIENTED_EDGE('',*,*,#3751,.F.);
#5281=ORIENTED_EDGE('',*,*,#3752,.F.);
#5282=ORIENTED_EDGE('',*,*,#3403,.T.);
#5283=ORIENTED_EDGE('',*,*,#3406,.T.);
#5284=ORIENTED_EDGE('',*,*,#3409,.T.);
#5285=ORIENTED_EDGE('',*,*,#3412,.T.);
#5286=ORIENTED_EDGE('',*,*,#3390,.T.);
#5287=ORIENTED_EDGE('',*,*,#3394,.T.);
#5288=ORIENTED_EDGE('',*,*,#3397,.T.);
#5289=ORIENTED_EDGE('',*,*,#3400,.T.);
#5290=ORIENTED_EDGE('',*,*,#3753,.T.);
#5291=ORIENTED_EDGE('',*,*,#3754,.T.);
#5292=ORIENTED_EDGE('',*,*,#3755,.T.);
#5293=ORIENTED_EDGE('',*,*,#3740,.T.);
#5294=ORIENTED_EDGE('',*,*,#3756,.T.);
#5295=ORIENTED_EDGE('',*,*,#3757,.T.);
#5296=ORIENTED_EDGE('',*,*,#3758,.T.);
#5297=ORIENTED_EDGE('',*,*,#3759,.F.);
#5298=ORIENTED_EDGE('',*,*,#3760,.T.);
#5299=ORIENTED_EDGE('',*,*,#3761,.F.);
#5300=ORIENTED_EDGE('',*,*,#3762,.T.);
#5301=ORIENTED_EDGE('',*,*,#3763,.T.);
#5302=ORIENTED_EDGE('',*,*,#3761,.T.);
#5303=ORIENTED_EDGE('',*,*,#3764,.T.);
#5304=ORIENTED_EDGE('',*,*,#3765,.T.);
#5305=ORIENTED_EDGE('',*,*,#3766,.T.);
#5306=ORIENTED_EDGE('',*,*,#3767,.T.);
#5307=ORIENTED_EDGE('',*,*,#3768,.F.);
#5308=ORIENTED_EDGE('',*,*,#3769,.F.);
#5309=ORIENTED_EDGE('',*,*,#3770,.T.);
#5310=ORIENTED_EDGE('',*,*,#3771,.T.);
#5311=ORIENTED_EDGE('',*,*,#3766,.F.);
#5312=ORIENTED_EDGE('',*,*,#3772,.T.);
#5313=ORIENTED_EDGE('',*,*,#3773,.T.);
#5314=ORIENTED_EDGE('',*,*,#3774,.T.);
#5315=ORIENTED_EDGE('',*,*,#3770,.F.);
#5316=ORIENTED_EDGE('',*,*,#3775,.T.);
#5317=ORIENTED_EDGE('',*,*,#3768,.T.);
#5318=ORIENTED_EDGE('',*,*,#3776,.T.);
#5319=ORIENTED_EDGE('',*,*,#3773,.F.);
#5320=ORIENTED_EDGE('',*,*,#3767,.F.);
#5321=ORIENTED_EDGE('',*,*,#3771,.F.);
#5322=ORIENTED_EDGE('',*,*,#3774,.F.);
#5323=ORIENTED_EDGE('',*,*,#3776,.F.);
#5324=ORIENTED_EDGE('',*,*,#3404,.T.);
#5325=ORIENTED_EDGE('',*,*,#3401,.T.);
#5326=ORIENTED_EDGE('',*,*,#3398,.T.);
#5327=ORIENTED_EDGE('',*,*,#3395,.T.);
#5328=ORIENTED_EDGE('',*,*,#3392,.T.);
#5329=ORIENTED_EDGE('',*,*,#3413,.T.);
#5330=ORIENTED_EDGE('',*,*,#3410,.T.);
#5331=ORIENTED_EDGE('',*,*,#3407,.T.);
#5332=ORIENTED_EDGE('',*,*,#3415,.T.);
#5333=ORIENTED_EDGE('',*,*,#3434,.F.);
#5334=ORIENTED_EDGE('',*,*,#3777,.T.);
#5335=ORIENTED_EDGE('',*,*,#3764,.F.);
#5336=ORIENTED_EDGE('',*,*,#3760,.F.);
#5337=ORIENTED_EDGE('',*,*,#3778,.F.);
#5338=ORIENTED_EDGE('',*,*,#3738,.T.);
#5339=ORIENTED_EDGE('',*,*,#3779,.T.);
#5340=ORIENTED_EDGE('',*,*,#3736,.T.);
#5341=ORIENTED_EDGE('',*,*,#3780,.F.);
#5342=ORIENTED_EDGE('',*,*,#3381,.F.);
#5343=ORIENTED_EDGE('',*,*,#3429,.F.);
#5344=ORIENTED_EDGE('',*,*,#3427,.T.);
#5345=ORIENTED_EDGE('',*,*,#3423,.T.);
#5346=ORIENTED_EDGE('',*,*,#3781,.F.);
#5347=ORIENTED_EDGE('',*,*,#3765,.F.);
#5348=ORIENTED_EDGE('',*,*,#3775,.F.);
#5349=ORIENTED_EDGE('',*,*,#3772,.F.);
#5350=ORIENTED_EDGE('',*,*,#3769,.T.);
#5351=ORIENTED_EDGE('',*,*,#3457,.T.);
#5352=ORIENTED_EDGE('',*,*,#3737,.F.);
#5353=ORIENTED_EDGE('',*,*,#3779,.F.);
#5354=ORIENTED_EDGE('',*,*,#3741,.T.);
#5355=ORIENTED_EDGE('',*,*,#3755,.F.);
#5356=ORIENTED_EDGE('',*,*,#3782,.T.);
#5357=ORIENTED_EDGE('',*,*,#3783,.T.);
#5358=ORIENTED_EDGE('',*,*,#3784,.F.);
#5359=ORIENTED_EDGE('',*,*,#3742,.F.);
#5360=ORIENTED_EDGE('',*,*,#3435,.T.);
#5361=ORIENTED_EDGE('',*,*,#3785,.T.);
#5362=ORIENTED_EDGE('',*,*,#3431,.F.);
#5363=ORIENTED_EDGE('',*,*,#3786,.F.);
#5364=ORIENTED_EDGE('',*,*,#3787,.F.);
#5365=ORIENTED_EDGE('',*,*,#3743,.T.);
#5366=ORIENTED_EDGE('',*,*,#3784,.T.);
#5367=ORIENTED_EDGE('',*,*,#3758,.F.);
#5368=ORIENTED_EDGE('',*,*,#3763,.F.);
#5369=ORIENTED_EDGE('',*,*,#3788,.T.);
#5370=ORIENTED_EDGE('',*,*,#3432,.F.);
#5371=ORIENTED_EDGE('',*,*,#3785,.F.);
#5372=ORIENTED_EDGE('',*,*,#3783,.F.);
#5373=ORIENTED_EDGE('',*,*,#3789,.T.);
#5374=ORIENTED_EDGE('',*,*,#3790,.T.);
#5375=ORIENTED_EDGE('',*,*,#3777,.F.);
#5376=ORIENTED_EDGE('',*,*,#3433,.F.);
#5377=ORIENTED_EDGE('',*,*,#3788,.F.);
#5378=ORIENTED_EDGE('',*,*,#3762,.F.);
#5379=ORIENTED_EDGE('',*,*,#3791,.T.);
#5380=ORIENTED_EDGE('',*,*,#3756,.F.);
#5381=ORIENTED_EDGE('',*,*,#3739,.T.);
#5382=ORIENTED_EDGE('',*,*,#3778,.T.);
#5383=ORIENTED_EDGE('',*,*,#3759,.T.);
#5384=ORIENTED_EDGE('',*,*,#3790,.F.);
#5385=ORIENTED_EDGE('',*,*,#3735,.T.);
#5386=ORIENTED_EDGE('',*,*,#3744,.T.);
#5387=ORIENTED_EDGE('',*,*,#3787,.T.);
#5388=ORIENTED_EDGE('',*,*,#3792,.F.);
#5389=ORIENTED_EDGE('',*,*,#3382,.T.);
#5390=ORIENTED_EDGE('',*,*,#3780,.T.);
#5391=ORIENTED_EDGE('',*,*,#3793,.F.);
#5392=ORIENTED_EDGE('',*,*,#3794,.F.);
#5393=ORIENTED_EDGE('',*,*,#3795,.T.);
#5394=ORIENTED_EDGE('',*,*,#3781,.T.);
#5395=ORIENTED_EDGE('',*,*,#3795,.F.);
#5396=ORIENTED_EDGE('',*,*,#3796,.F.);
#5397=ORIENTED_EDGE('',*,*,#3797,.T.);
#5398=ORIENTED_EDGE('',*,*,#3754,.F.);
#5399=ORIENTED_EDGE('',*,*,#3798,.F.);
#5400=ORIENTED_EDGE('',*,*,#3799,.F.);
#5401=ORIENTED_EDGE('',*,*,#3800,.F.);
#5402=ORIENTED_EDGE('',*,*,#3801,.F.);
#5403=ORIENTED_EDGE('',*,*,#3802,.F.);
#5404=ORIENTED_EDGE('',*,*,#3803,.T.);
#5405=ORIENTED_EDGE('',*,*,#3804,.F.);
#5406=ORIENTED_EDGE('',*,*,#3799,.T.);
#5407=ORIENTED_EDGE('',*,*,#3805,.F.);
#5408=ORIENTED_EDGE('',*,*,#3806,.T.);
#5409=ORIENTED_EDGE('',*,*,#3807,.F.);
#5410=ORIENTED_EDGE('',*,*,#3808,.T.);
#5411=ORIENTED_EDGE('',*,*,#3809,.F.);
#5412=ORIENTED_EDGE('',*,*,#3801,.T.);
#5413=ORIENTED_EDGE('',*,*,#3810,.F.);
#5414=ORIENTED_EDGE('',*,*,#3811,.T.);
#5415=ORIENTED_EDGE('',*,*,#3812,.F.);
#5416=ORIENTED_EDGE('',*,*,#3811,.F.);
#5417=ORIENTED_EDGE('',*,*,#3813,.F.);
#5418=ORIENTED_EDGE('',*,*,#3814,.F.);
#5419=ORIENTED_EDGE('',*,*,#3815,.F.);
#5420=ORIENTED_EDGE('',*,*,#3814,.T.);
#5421=ORIENTED_EDGE('',*,*,#3816,.F.);
#5422=ORIENTED_EDGE('',*,*,#3817,.T.);
#5423=ORIENTED_EDGE('',*,*,#3818,.F.);
#5424=ORIENTED_EDGE('',*,*,#3817,.F.);
#5425=ORIENTED_EDGE('',*,*,#3819,.F.);
#5426=ORIENTED_EDGE('',*,*,#3806,.F.);
#5427=ORIENTED_EDGE('',*,*,#3820,.F.);
#5428=ORIENTED_EDGE('',*,*,#3746,.T.);
#5429=ORIENTED_EDGE('',*,*,#3821,.F.);
#5430=ORIENTED_EDGE('',*,*,#3812,.T.);
#5431=ORIENTED_EDGE('',*,*,#3820,.T.);
#5432=ORIENTED_EDGE('',*,*,#3815,.T.);
#5433=ORIENTED_EDGE('',*,*,#3822,.F.);
#5434=ORIENTED_EDGE('',*,*,#3747,.T.);
#5435=ORIENTED_EDGE('',*,*,#3822,.T.);
#5436=ORIENTED_EDGE('',*,*,#3818,.T.);
#5437=ORIENTED_EDGE('',*,*,#3823,.F.);
#5438=ORIENTED_EDGE('',*,*,#3748,.T.);
#5439=ORIENTED_EDGE('',*,*,#3823,.T.);
#5440=ORIENTED_EDGE('',*,*,#3805,.T.);
#5441=ORIENTED_EDGE('',*,*,#3824,.F.);
#5442=ORIENTED_EDGE('',*,*,#3749,.T.);
#5443=ORIENTED_EDGE('',*,*,#3824,.T.);
#5444=ORIENTED_EDGE('',*,*,#3825,.T.);
#5445=ORIENTED_EDGE('',*,*,#3826,.F.);
#5446=ORIENTED_EDGE('',*,*,#3750,.T.);
#5447=ORIENTED_EDGE('',*,*,#3826,.T.);
#5448=ORIENTED_EDGE('',*,*,#3802,.T.);
#5449=ORIENTED_EDGE('',*,*,#3827,.F.);
#5450=ORIENTED_EDGE('',*,*,#3751,.T.);
#5451=ORIENTED_EDGE('',*,*,#3827,.T.);
#5452=ORIENTED_EDGE('',*,*,#3798,.T.);
#5453=ORIENTED_EDGE('',*,*,#3828,.F.);
#5454=ORIENTED_EDGE('',*,*,#3752,.T.);
#5455=ORIENTED_EDGE('',*,*,#3821,.T.);
#5456=ORIENTED_EDGE('',*,*,#3745,.T.);
#5457=ORIENTED_EDGE('',*,*,#3828,.T.);
#5458=ORIENTED_EDGE('',*,*,#3809,.T.);
#5459=ORIENTED_EDGE('',*,*,#3829,.F.);
#5460=ORIENTED_EDGE('',*,*,#3803,.F.);
#5461=ORIENTED_EDGE('',*,*,#3825,.F.);
#5462=ORIENTED_EDGE('',*,*,#3808,.F.);
#5463=ORIENTED_EDGE('',*,*,#3380,.T.);
#5464=ORIENTED_EDGE('',*,*,#3830,.F.);
#5465=ORIENTED_EDGE('',*,*,#3831,.T.);
#5466=ORIENTED_EDGE('',*,*,#3832,.F.);
#5467=ORIENTED_EDGE('',*,*,#3371,.T.);
#5468=ORIENTED_EDGE('',*,*,#3367,.F.);
#5469=ORIENTED_EDGE('',*,*,#3389,.T.);
#5470=ORIENTED_EDGE('',*,*,#3376,.F.);
#5471=ORIENTED_EDGE('',*,*,#3832,.T.);
#5472=ORIENTED_EDGE('',*,*,#3833,.T.);
#5473=ORIENTED_EDGE('',*,*,#3386,.T.);
#5474=ORIENTED_EDGE('',*,*,#3372,.T.);
#5475=ORIENTED_EDGE('',*,*,#3834,.F.);
#5476=ORIENTED_EDGE('',*,*,#3387,.F.);
#5477=ORIENTED_EDGE('',*,*,#3833,.F.);
#5478=ORIENTED_EDGE('',*,*,#3831,.F.);
#5479=ORIENTED_EDGE('',*,*,#3388,.T.);
#5480=ORIENTED_EDGE('',*,*,#3834,.T.);
#5481=ORIENTED_EDGE('',*,*,#3830,.T.);
#5482=ORIENTED_EDGE('',*,*,#3379,.T.);
#5483=ORIENTED_EDGE('',*,*,#3835,.T.);
#5484=ORIENTED_EDGE('',*,*,#3796,.T.);
#5485=ORIENTED_EDGE('',*,*,#3794,.T.);
#5486=ORIENTED_EDGE('',*,*,#3782,.F.);
#5487=ORIENTED_EDGE('',*,*,#3757,.F.);
#5488=ORIENTED_EDGE('',*,*,#3791,.F.);
#5489=ORIENTED_EDGE('',*,*,#3789,.F.);
#5490=ORIENTED_EDGE('',*,*,#3797,.F.);
#5491=ORIENTED_EDGE('',*,*,#3835,.F.);
#5492=ORIENTED_EDGE('',*,*,#3793,.T.);
#5493=ORIENTED_EDGE('',*,*,#3753,.F.);
#5494=ORIENTED_EDGE('',*,*,#3836,.F.);
#5495=ORIENTED_EDGE('',*,*,#3837,.T.);
#5496=ORIENTED_EDGE('',*,*,#3838,.T.);
#5497=ORIENTED_EDGE('',*,*,#3836,.T.);
#5498=ORIENTED_EDGE('',*,*,#3838,.F.);
#5499=ORIENTED_EDGE('',*,*,#3839,.F.);
#5500=ORIENTED_EDGE('',*,*,#3840,.T.);
#5501=ORIENTED_EDGE('',*,*,#3841,.T.);
#5502=ORIENTED_EDGE('',*,*,#3839,.T.);
#5503=ORIENTED_EDGE('',*,*,#3841,.F.);
#5504=ORIENTED_EDGE('',*,*,#3842,.F.);
#5505=ORIENTED_EDGE('',*,*,#3843,.T.);
#5506=ORIENTED_EDGE('',*,*,#3844,.T.);
#5507=ORIENTED_EDGE('',*,*,#3842,.T.);
#5508=ORIENTED_EDGE('',*,*,#3844,.F.);
#5509=ORIENTED_EDGE('',*,*,#3845,.F.);
#5510=ORIENTED_EDGE('',*,*,#3846,.T.);
#5511=ORIENTED_EDGE('',*,*,#3847,.T.);
#5512=ORIENTED_EDGE('',*,*,#3845,.T.);
#5513=ORIENTED_EDGE('',*,*,#3847,.F.);
#5514=ORIENTED_EDGE('',*,*,#3848,.F.);
#5515=ORIENTED_EDGE('',*,*,#3840,.F.);
#5516=ORIENTED_EDGE('',*,*,#3849,.F.);
#5517=ORIENTED_EDGE('',*,*,#3850,.T.);
#5518=ORIENTED_EDGE('',*,*,#3848,.T.);
#5519=ORIENTED_EDGE('',*,*,#3850,.F.);
#5520=ORIENTED_EDGE('',*,*,#3851,.F.);
#5521=ORIENTED_EDGE('',*,*,#3843,.F.);
#5522=ORIENTED_EDGE('',*,*,#3852,.F.);
#5523=ORIENTED_EDGE('',*,*,#3853,.T.);
#5524=ORIENTED_EDGE('',*,*,#3851,.T.);
#5525=ORIENTED_EDGE('',*,*,#3853,.F.);
#5526=ORIENTED_EDGE('',*,*,#3854,.F.);
#5527=ORIENTED_EDGE('',*,*,#3837,.F.);
#5528=ORIENTED_EDGE('',*,*,#3855,.F.);
#5529=ORIENTED_EDGE('',*,*,#3856,.T.);
#5530=ORIENTED_EDGE('',*,*,#3854,.T.);
#5531=ORIENTED_EDGE('',*,*,#3856,.F.);
#5532=ORIENTED_EDGE('',*,*,#3857,.F.);
#5533=ORIENTED_EDGE('',*,*,#3846,.F.);
#5534=ORIENTED_EDGE('',*,*,#3858,.F.);
#5535=ORIENTED_EDGE('',*,*,#3859,.T.);
#5536=ORIENTED_EDGE('',*,*,#3857,.T.);
#5537=ORIENTED_EDGE('',*,*,#3859,.F.);
#5538=ORIENTED_EDGE('',*,*,#3829,.T.);
#5539=ORIENTED_EDGE('',*,*,#3807,.T.);
#5540=ORIENTED_EDGE('',*,*,#3819,.T.);
#5541=ORIENTED_EDGE('',*,*,#3816,.T.);
#5542=ORIENTED_EDGE('',*,*,#3813,.T.);
#5543=ORIENTED_EDGE('',*,*,#3810,.T.);
#5544=ORIENTED_EDGE('',*,*,#3800,.T.);
#5545=ORIENTED_EDGE('',*,*,#3804,.T.);
#5546=ORIENTED_EDGE('',*,*,#3792,.T.);
#5547=ORIENTED_EDGE('',*,*,#3786,.T.);
#5548=ORIENTED_EDGE('',*,*,#3430,.T.);
#5549=ORIENTED_EDGE('',*,*,#3383,.T.);
#5550=ORIENTED_EDGE('',*,*,#3849,.T.);
#5551=ORIENTED_EDGE('',*,*,#3852,.T.);
#5552=ORIENTED_EDGE('',*,*,#3855,.T.);
#5553=ORIENTED_EDGE('',*,*,#3858,.T.);
#5554=ORIENTED_EDGE('',*,*,#3860,.F.);
#5555=ORIENTED_EDGE('',*,*,#3861,.F.);
#5556=ORIENTED_EDGE('',*,*,#3862,.F.);
#5557=ORIENTED_EDGE('',*,*,#3863,.F.);
#5558=ORIENTED_EDGE('',*,*,#3864,.F.);
#5559=ORIENTED_EDGE('',*,*,#3863,.T.);
#5560=ORIENTED_EDGE('',*,*,#3865,.T.);
#5561=ORIENTED_EDGE('',*,*,#3866,.F.);
#5562=ORIENTED_EDGE('',*,*,#3867,.F.);
#5563=ORIENTED_EDGE('',*,*,#3865,.F.);
#5564=ORIENTED_EDGE('',*,*,#3862,.T.);
#5565=ORIENTED_EDGE('',*,*,#3868,.F.);
#5566=ORIENTED_EDGE('',*,*,#3860,.T.);
#5567=ORIENTED_EDGE('',*,*,#3864,.T.);
#5568=ORIENTED_EDGE('',*,*,#3869,.T.);
#5569=ORIENTED_EDGE('',*,*,#3870,.F.);
#5570=ORIENTED_EDGE('',*,*,#3871,.F.);
#5571=ORIENTED_EDGE('',*,*,#3872,.F.);
#5572=ORIENTED_EDGE('',*,*,#3873,.F.);
#5573=ORIENTED_EDGE('',*,*,#3874,.F.);
#5574=ORIENTED_EDGE('',*,*,#3875,.T.);
#5575=ORIENTED_EDGE('',*,*,#3871,.T.);
#5576=ORIENTED_EDGE('',*,*,#3876,.F.);
#5577=ORIENTED_EDGE('',*,*,#3877,.F.);
#5578=ORIENTED_EDGE('',*,*,#3878,.T.);
#5579=ORIENTED_EDGE('',*,*,#3874,.T.);
#5580=ORIENTED_EDGE('',*,*,#3867,.T.);
#5581=ORIENTED_EDGE('',*,*,#3879,.F.);
#5582=ORIENTED_EDGE('',*,*,#3877,.T.);
#5583=ORIENTED_EDGE('',*,*,#3880,.F.);
#5584=ORIENTED_EDGE('',*,*,#3869,.F.);
#5585=ORIENTED_EDGE('',*,*,#3866,.T.);
#5586=ORIENTED_EDGE('',*,*,#3861,.T.);
#5587=ORIENTED_EDGE('',*,*,#3872,.T.);
#5588=ORIENTED_EDGE('',*,*,#3875,.F.);
#5589=ORIENTED_EDGE('',*,*,#3878,.F.);
#5590=ORIENTED_EDGE('',*,*,#3879,.T.);
#5591=ORIENTED_EDGE('',*,*,#3868,.T.);
#5592=ORIENTED_EDGE('',*,*,#3876,.T.);
#5593=ORIENTED_EDGE('',*,*,#3873,.T.);
#5594=ORIENTED_EDGE('',*,*,#3870,.T.);
#5595=ORIENTED_EDGE('',*,*,#3880,.T.);
#5596=ORIENTED_EDGE('',*,*,#3881,.F.);
#5597=ORIENTED_EDGE('',*,*,#3882,.F.);
#5598=ORIENTED_EDGE('',*,*,#3883,.F.);
#5599=ORIENTED_EDGE('',*,*,#3884,.T.);
#5600=ORIENTED_EDGE('',*,*,#3885,.F.);
#5601=ORIENTED_EDGE('',*,*,#3886,.F.);
#5602=ORIENTED_EDGE('',*,*,#3887,.T.);
#5603=ORIENTED_EDGE('',*,*,#3882,.T.);
#5604=ORIENTED_EDGE('',*,*,#3888,.F.);
#5605=ORIENTED_EDGE('',*,*,#3889,.F.);
#5606=ORIENTED_EDGE('',*,*,#3890,.T.);
#5607=ORIENTED_EDGE('',*,*,#3886,.T.);
#5608=ORIENTED_EDGE('',*,*,#3891,.F.);
#5609=ORIENTED_EDGE('',*,*,#3884,.F.);
#5610=ORIENTED_EDGE('',*,*,#3892,.F.);
#5611=ORIENTED_EDGE('',*,*,#3889,.T.);
#5612=ORIENTED_EDGE('',*,*,#3883,.T.);
#5613=ORIENTED_EDGE('',*,*,#3887,.F.);
#5614=ORIENTED_EDGE('',*,*,#3890,.F.);
#5615=ORIENTED_EDGE('',*,*,#3892,.T.);
#5616=ORIENTED_EDGE('',*,*,#3885,.T.);
#5617=ORIENTED_EDGE('',*,*,#3881,.T.);
#5618=ORIENTED_EDGE('',*,*,#3891,.T.);
#5619=ORIENTED_EDGE('',*,*,#3888,.T.);
#5620=ORIENTED_EDGE('',*,*,#3893,.F.);
#5621=ORIENTED_EDGE('',*,*,#3894,.F.);
#5622=ORIENTED_EDGE('',*,*,#3895,.T.);
#5623=ORIENTED_EDGE('',*,*,#3896,.T.);
#5624=ORIENTED_EDGE('',*,*,#3897,.F.);
#5625=ORIENTED_EDGE('',*,*,#3898,.F.);
#5626=ORIENTED_EDGE('',*,*,#3899,.T.);
#5627=ORIENTED_EDGE('',*,*,#3894,.T.);
#5628=ORIENTED_EDGE('',*,*,#3900,.F.);
#5629=ORIENTED_EDGE('',*,*,#3901,.F.);
#5630=ORIENTED_EDGE('',*,*,#3902,.F.);
#5631=ORIENTED_EDGE('',*,*,#3898,.T.);
#5632=ORIENTED_EDGE('',*,*,#3903,.F.);
#5633=ORIENTED_EDGE('',*,*,#3896,.F.);
#5634=ORIENTED_EDGE('',*,*,#3904,.F.);
#5635=ORIENTED_EDGE('',*,*,#3901,.T.);
#5636=ORIENTED_EDGE('',*,*,#3895,.F.);
#5637=ORIENTED_EDGE('',*,*,#3899,.F.);
#5638=ORIENTED_EDGE('',*,*,#3902,.T.);
#5639=ORIENTED_EDGE('',*,*,#3904,.T.);
#5640=ORIENTED_EDGE('',*,*,#3897,.T.);
#5641=ORIENTED_EDGE('',*,*,#3893,.T.);
#5642=ORIENTED_EDGE('',*,*,#3903,.T.);
#5643=ORIENTED_EDGE('',*,*,#3900,.T.);
#5644=ORIENTED_EDGE('',*,*,#3905,.F.);
#5645=ORIENTED_EDGE('',*,*,#3906,.F.);
#5646=ORIENTED_EDGE('',*,*,#3907,.T.);
#5647=ORIENTED_EDGE('',*,*,#3908,.T.);
#5648=ORIENTED_EDGE('',*,*,#3909,.F.);
#5649=ORIENTED_EDGE('',*,*,#3910,.F.);
#5650=ORIENTED_EDGE('',*,*,#3911,.T.);
#5651=ORIENTED_EDGE('',*,*,#3906,.T.);
#5652=ORIENTED_EDGE('',*,*,#3912,.F.);
#5653=ORIENTED_EDGE('',*,*,#3913,.F.);
#5654=ORIENTED_EDGE('',*,*,#3914,.F.);
#5655=ORIENTED_EDGE('',*,*,#3910,.T.);
#5656=ORIENTED_EDGE('',*,*,#3915,.F.);
#5657=ORIENTED_EDGE('',*,*,#3908,.F.);
#5658=ORIENTED_EDGE('',*,*,#3916,.F.);
#5659=ORIENTED_EDGE('',*,*,#3913,.T.);
#5660=ORIENTED_EDGE('',*,*,#3907,.F.);
#5661=ORIENTED_EDGE('',*,*,#3911,.F.);
#5662=ORIENTED_EDGE('',*,*,#3914,.T.);
#5663=ORIENTED_EDGE('',*,*,#3916,.T.);
#5664=ORIENTED_EDGE('',*,*,#3909,.T.);
#5665=ORIENTED_EDGE('',*,*,#3905,.T.);
#5666=ORIENTED_EDGE('',*,*,#3915,.T.);
#5667=ORIENTED_EDGE('',*,*,#3912,.T.);
#5668=ORIENTED_EDGE('',*,*,#3917,.F.);
#5669=ORIENTED_EDGE('',*,*,#3918,.F.);
#5670=ORIENTED_EDGE('',*,*,#3919,.F.);
#5671=ORIENTED_EDGE('',*,*,#3920,.T.);
#5672=ORIENTED_EDGE('',*,*,#3921,.F.);
#5673=ORIENTED_EDGE('',*,*,#3922,.F.);
#5674=ORIENTED_EDGE('',*,*,#3923,.T.);
#5675=ORIENTED_EDGE('',*,*,#3918,.T.);
#5676=ORIENTED_EDGE('',*,*,#3924,.F.);
#5677=ORIENTED_EDGE('',*,*,#3925,.F.);
#5678=ORIENTED_EDGE('',*,*,#3926,.F.);
#5679=ORIENTED_EDGE('',*,*,#3922,.T.);
#5680=ORIENTED_EDGE('',*,*,#3927,.F.);
#5681=ORIENTED_EDGE('',*,*,#3920,.F.);
#5682=ORIENTED_EDGE('',*,*,#3928,.F.);
#5683=ORIENTED_EDGE('',*,*,#3925,.T.);
#5684=ORIENTED_EDGE('',*,*,#3919,.T.);
#5685=ORIENTED_EDGE('',*,*,#3923,.F.);
#5686=ORIENTED_EDGE('',*,*,#3926,.T.);
#5687=ORIENTED_EDGE('',*,*,#3928,.T.);
#5688=ORIENTED_EDGE('',*,*,#3921,.T.);
#5689=ORIENTED_EDGE('',*,*,#3917,.T.);
#5690=ORIENTED_EDGE('',*,*,#3927,.T.);
#5691=ORIENTED_EDGE('',*,*,#3924,.T.);
#5692=ORIENTED_EDGE('',*,*,#3929,.F.);
#5693=ORIENTED_EDGE('',*,*,#3930,.T.);
#5694=ORIENTED_EDGE('',*,*,#3931,.T.);
#5695=ORIENTED_EDGE('',*,*,#3932,.F.);
#5696=ORIENTED_EDGE('',*,*,#3933,.F.);
#5697=ORIENTED_EDGE('',*,*,#3931,.F.);
#5698=ORIENTED_EDGE('',*,*,#3934,.F.);
#5699=ORIENTED_EDGE('',*,*,#3935,.F.);
#5700=ORIENTED_EDGE('',*,*,#3936,.F.);
#5701=ORIENTED_EDGE('',*,*,#3937,.F.);
#5702=ORIENTED_EDGE('',*,*,#3934,.T.);
#5703=ORIENTED_EDGE('',*,*,#3930,.F.);
#5704=ORIENTED_EDGE('',*,*,#3932,.T.);
#5705=ORIENTED_EDGE('',*,*,#3933,.T.);
#5706=ORIENTED_EDGE('',*,*,#3938,.T.);
#5707=ORIENTED_EDGE('',*,*,#3939,.F.);
#5708=ORIENTED_EDGE('',*,*,#3940,.F.);
#5709=ORIENTED_EDGE('',*,*,#3941,.F.);
#5710=ORIENTED_EDGE('',*,*,#3942,.T.);
#5711=ORIENTED_EDGE('',*,*,#3943,.T.);
#5712=ORIENTED_EDGE('',*,*,#3944,.F.);
#5713=ORIENTED_EDGE('',*,*,#3945,.F.);
#5714=ORIENTED_EDGE('',*,*,#3937,.T.);
#5715=ORIENTED_EDGE('',*,*,#3946,.F.);
#5716=ORIENTED_EDGE('',*,*,#3945,.T.);
#5717=ORIENTED_EDGE('',*,*,#3947,.F.);
#5718=ORIENTED_EDGE('',*,*,#3938,.F.);
#5719=ORIENTED_EDGE('',*,*,#3935,.T.);
#5720=ORIENTED_EDGE('',*,*,#3948,.F.);
#5721=ORIENTED_EDGE('',*,*,#3940,.T.);
#5722=ORIENTED_EDGE('',*,*,#3949,.F.);
#5723=ORIENTED_EDGE('',*,*,#3943,.F.);
#5724=ORIENTED_EDGE('',*,*,#3949,.T.);
#5725=ORIENTED_EDGE('',*,*,#3939,.T.);
#5726=ORIENTED_EDGE('',*,*,#3947,.T.);
#5727=ORIENTED_EDGE('',*,*,#3944,.T.);
#5728=ORIENTED_EDGE('',*,*,#3929,.T.);
#5729=ORIENTED_EDGE('',*,*,#3941,.T.);
#5730=ORIENTED_EDGE('',*,*,#3948,.T.);
#5731=ORIENTED_EDGE('',*,*,#3942,.F.);
#5732=ORIENTED_EDGE('',*,*,#3946,.T.);
#5733=ORIENTED_EDGE('',*,*,#3936,.T.);
#5734=ORIENTED_EDGE('',*,*,#3950,.T.);
#5735=ORIENTED_EDGE('',*,*,#3951,.T.);
#5736=ORIENTED_EDGE('',*,*,#3952,.F.);
#5737=ORIENTED_EDGE('',*,*,#3953,.F.);
#5738=ORIENTED_EDGE('',*,*,#3954,.F.);
#5739=ORIENTED_EDGE('',*,*,#3953,.T.);
#5740=ORIENTED_EDGE('',*,*,#3955,.F.);
#5741=ORIENTED_EDGE('',*,*,#3956,.F.);
#5742=ORIENTED_EDGE('',*,*,#3957,.F.);
#5743=ORIENTED_EDGE('',*,*,#3958,.T.);
#5744=ORIENTED_EDGE('',*,*,#3959,.F.);
#5745=ORIENTED_EDGE('',*,*,#3951,.F.);
#5746=ORIENTED_EDGE('',*,*,#3959,.T.);
#5747=ORIENTED_EDGE('',*,*,#3960,.T.);
#5748=ORIENTED_EDGE('',*,*,#3961,.T.);
#5749=ORIENTED_EDGE('',*,*,#3962,.T.);
#5750=ORIENTED_EDGE('',*,*,#3955,.T.);
#5751=ORIENTED_EDGE('',*,*,#3952,.T.);
#5752=ORIENTED_EDGE('',*,*,#3957,.T.);
#5753=ORIENTED_EDGE('',*,*,#3950,.F.);
#5754=ORIENTED_EDGE('',*,*,#3954,.T.);
#5755=ORIENTED_EDGE('',*,*,#3963,.T.);
#5756=ORIENTED_EDGE('',*,*,#3964,.T.);
#5757=ORIENTED_EDGE('',*,*,#3965,.T.);
#5758=ORIENTED_EDGE('',*,*,#3964,.F.);
#5759=ORIENTED_EDGE('',*,*,#3966,.T.);
#5760=ORIENTED_EDGE('',*,*,#3961,.F.);
#5761=ORIENTED_EDGE('',*,*,#3967,.F.);
#5762=ORIENTED_EDGE('',*,*,#3963,.F.);
#5763=ORIENTED_EDGE('',*,*,#3956,.T.);
#5764=ORIENTED_EDGE('',*,*,#3962,.F.);
#5765=ORIENTED_EDGE('',*,*,#3966,.F.);
#5766=ORIENTED_EDGE('',*,*,#3965,.F.);
#5767=ORIENTED_EDGE('',*,*,#3967,.T.);
#5768=ORIENTED_EDGE('',*,*,#3960,.F.);
#5769=ORIENTED_EDGE('',*,*,#3958,.F.);
#5770=PLANE('',#6323);
#5771=PLANE('',#6324);
#5772=PLANE('',#6325);
#5773=PLANE('',#6326);
#5774=PLANE('',#6327);
#5775=PLANE('',#6328);
#5776=PLANE('',#6329);
#5777=PLANE('',#6378);
#5778=PLANE('',#6428);
#5779=PLANE('',#6431);
#5780=PLANE('',#6433);
#5781=PLANE('',#6435);
#5782=PLANE('',#6437);
#5783=PLANE('',#6439);
#5784=PLANE('',#6442);
#5785=PLANE('',#6445);
#5786=PLANE('',#6447);
#5787=PLANE('',#6449);
#5788=PLANE('',#6451);
#5789=PLANE('',#6453);
#5790=PLANE('',#6455);
#5791=PLANE('',#6457);
#5792=PLANE('',#6459);
#5793=PLANE('',#6461);
#5794=PLANE('',#6463);
#5795=PLANE('',#6465);
#5796=PLANE('',#6467);
#5797=PLANE('',#6469);
#5798=PLANE('',#6471);
#5799=PLANE('',#6473);
#5800=PLANE('',#6475);
#5801=PLANE('',#6477);
#5802=PLANE('',#6479);
#5803=PLANE('',#6481);
#5804=PLANE('',#6483);
#5805=PLANE('',#6485);
#5806=PLANE('',#6487);
#5807=PLANE('',#6489);
#5808=PLANE('',#6491);
#5809=PLANE('',#6493);
#5810=PLANE('',#6495);
#5811=PLANE('',#6497);
#5812=PLANE('',#6499);
#5813=PLANE('',#6501);
#5814=PLANE('',#6503);
#5815=PLANE('',#6505);
#5816=PLANE('',#6507);
#5817=PLANE('',#6509);
#5818=PLANE('',#6511);
#5819=PLANE('',#6513);
#5820=PLANE('',#6515);
#5821=PLANE('',#6517);
#5822=PLANE('',#6519);
#5823=PLANE('',#6520);
#5824=PLANE('',#6524);
#5825=PLANE('',#6528);
#5826=PLANE('',#6529);
#5827=PLANE('',#6532);
#5828=PLANE('',#6536);
#5829=PLANE('',#6540);
#5830=PLANE('',#6544);
#5831=PLANE('',#6548);
#5832=PLANE('',#6549);
#5833=PLANE('',#6550);
#5834=PLANE('',#6551);
#5835=PLANE('',#6552);
#5836=PLANE('',#6553);
#5837=PLANE('',#6554);
#5838=PLANE('',#6555);
#5839=PLANE('',#6556);
#5840=PLANE('',#6557);
#5841=PLANE('',#6558);
#5842=PLANE('',#6559);
#5843=PLANE('',#6610);
#5844=PLANE('',#6615);
#5845=PLANE('',#6618);
#5846=PLANE('',#6621);
#5847=PLANE('',#6624);
#5848=PLANE('',#6627);
#5849=PLANE('',#6632);
#5850=PLANE('',#6637);
#5851=PLANE('',#6640);
#5852=PLANE('',#6643);
#5853=PLANE('',#6646);
#5854=PLANE('',#6649);
#5855=PLANE('',#6652);
#5856=PLANE('',#6655);
#5857=PLANE('',#6658);
#5858=PLANE('',#6661);
#5859=PLANE('',#6664);
#5860=PLANE('',#6667);
#5861=PLANE('',#6670);
#5862=PLANE('',#6673);
#5863=PLANE('',#6676);
#5864=PLANE('',#6679);
#5865=PLANE('',#6682);
#5866=PLANE('',#6685);
#5867=PLANE('',#6688);
#5868=PLANE('',#6691);
#5869=PLANE('',#6694);
#5870=PLANE('',#6697);
#5871=PLANE('',#6700);
#5872=PLANE('',#6703);
#5873=PLANE('',#6706);
#5874=PLANE('',#6709);
#5875=PLANE('',#6712);
#5876=PLANE('',#6715);
#5877=PLANE('',#6718);
#5878=PLANE('',#6721);
#5879=PLANE('',#6724);
#5880=PLANE('',#6727);
#5881=PLANE('',#6730);
#5882=PLANE('',#6733);
#5883=PLANE('',#6736);
#5884=PLANE('',#6739);
#5885=PLANE('',#6742);
#5886=PLANE('',#6745);
#5887=PLANE('',#6748);
#5888=PLANE('',#6749);
#5889=PLANE('',#6750);
#5890=PLANE('',#6751);
#5891=PLANE('',#6752);
#5892=PLANE('',#6759);
#5893=PLANE('',#6760);
#5894=PLANE('',#6761);
#5895=PLANE('',#6762);
#5896=PLANE('',#6763);
#5897=PLANE('',#6764);
#5898=PLANE('',#6765);
#5899=PLANE('',#6766);
#5900=PLANE('',#6768);
#5901=PLANE('',#6769);
#5902=PLANE('',#6770);
#5903=PLANE('',#6771);
#5904=PLANE('',#6772);
#5905=PLANE('',#6773);
#5906=PLANE('',#6777);
#5907=PLANE('',#6787);
#5908=PLANE('',#6791);
#5909=PLANE('',#6804);
#5910=PLANE('',#6808);
#5911=PLANE('',#6810);
#5912=PLANE('',#6812);
#5913=PLANE('',#6814);
#5914=PLANE('',#6818);
#5915=PLANE('',#6822);
#5916=PLANE('',#6826);
#5917=PLANE('',#6830);
#5918=PLANE('',#6834);
#5919=PLANE('',#6838);
#5920=PLANE('',#6842);
#5921=PLANE('',#6846);
#5922=PLANE('',#6847);
#5923=PLANE('',#6848);
#5924=PLANE('',#6849);
#5925=PLANE('',#6850);
#5926=PLANE('',#6851);
#5927=PLANE('',#6852);
#5928=PLANE('',#6853);
#5929=PLANE('',#6854);
#5930=PLANE('',#6855);
#5931=PLANE('',#6856);
#5932=PLANE('',#6857);
#5933=PLANE('',#6858);
#5934=PLANE('',#6859);
#5935=PLANE('',#6860);
#5936=PLANE('',#6861);
#5937=PLANE('',#6862);
#5938=PLANE('',#6863);
#5939=PLANE('',#6864);
#5940=PLANE('',#6865);
#5941=PLANE('',#6866);
#5942=PLANE('',#6867);
#5943=PLANE('',#6868);
#5944=PLANE('',#6869);
#5945=PLANE('',#6870);
#5946=PLANE('',#6871);
#5947=PLANE('',#6872);
#5948=PLANE('',#6873);
#5949=PLANE('',#6874);
#5950=PLANE('',#6875);
#5951=PLANE('',#6876);
#5952=PLANE('',#6877);
#5953=PLANE('',#6878);
#5954=PLANE('',#6879);
#5955=PLANE('',#6880);
#5956=PLANE('',#6881);
#5957=PLANE('',#6882);
#5958=PLANE('',#6883);
#5959=PLANE('',#6884);
#5960=PLANE('',#6885);
#5961=PLANE('',#6886);
#5962=PLANE('',#6887);
#5963=PLANE('',#6888);
#5964=PLANE('',#6889);
#5965=PLANE('',#6890);
#5966=PLANE('',#6891);
#5967=PLANE('',#6892);
#5968=PLANE('',#6893);
#5969=PLANE('',#6894);
#5970=PLANE('',#6895);
#5971=PLANE('',#6896);
#5972=ADVANCED_FACE('',(#462),#5770,.F.);
#5973=ADVANCED_FACE('',(#463),#5771,.F.);
#5974=ADVANCED_FACE('',(#464),#5772,.F.);
#5975=ADVANCED_FACE('',(#465),#5773,.F.);
#5976=ADVANCED_FACE('',(#466),#5774,.F.);
#5977=ADVANCED_FACE('',(#467),#5775,.T.);
#5978=ADVANCED_FACE('',(#468,#163,#164,#165,#166,#167,#168,#169,#170),#5776,
 .T.);
#5979=ADVANCED_FACE('',(#469,#171,#172,#173,#174,#175,#176,#177,#178),#5777,
 .F.);
#5980=ADVANCED_FACE('',(#470),#41,.F.);
#5981=ADVANCED_FACE('',(#471),#5778,.T.);
#5982=ADVANCED_FACE('',(#472),#42,.F.);
#5983=ADVANCED_FACE('',(#473),#43,.F.);
#5984=ADVANCED_FACE('',(#474),#5779,.T.);
#5985=ADVANCED_FACE('',(#475),#44,.F.);
#5986=ADVANCED_FACE('',(#476),#5780,.T.);
#5987=ADVANCED_FACE('',(#477),#45,.F.);
#5988=ADVANCED_FACE('',(#478),#5781,.T.);
#5989=ADVANCED_FACE('',(#479),#46,.F.);
#5990=ADVANCED_FACE('',(#480),#5782,.T.);
#5991=ADVANCED_FACE('',(#481),#47,.F.);
#5992=ADVANCED_FACE('',(#482),#5783,.T.);
#5993=ADVANCED_FACE('',(#483),#48,.F.);
#5994=ADVANCED_FACE('',(#484),#49,.F.);
#5995=ADVANCED_FACE('',(#485),#5784,.T.);
#5996=ADVANCED_FACE('',(#486),#50,.F.);
#5997=ADVANCED_FACE('',(#487),#51,.F.);
#5998=ADVANCED_FACE('',(#488),#5785,.T.);
#5999=ADVANCED_FACE('',(#489),#52,.F.);
#6000=ADVANCED_FACE('',(#490),#5786,.T.);
#6001=ADVANCED_FACE('',(#491),#53,.F.);
#6002=ADVANCED_FACE('',(#492),#5787,.T.);
#6003=ADVANCED_FACE('',(#493),#54,.F.);
#6004=ADVANCED_FACE('',(#494),#5788,.T.);
#6005=ADVANCED_FACE('',(#495),#55,.F.);
#6006=ADVANCED_FACE('',(#496),#5789,.T.);
#6007=ADVANCED_FACE('',(#497),#56,.F.);
#6008=ADVANCED_FACE('',(#498),#5790,.T.);
#6009=ADVANCED_FACE('',(#499),#57,.F.);
#6010=ADVANCED_FACE('',(#500),#5791,.T.);
#6011=ADVANCED_FACE('',(#501),#58,.F.);
#6012=ADVANCED_FACE('',(#502),#5792,.T.);
#6013=ADVANCED_FACE('',(#503),#59,.F.);
#6014=ADVANCED_FACE('',(#504),#5793,.T.);
#6015=ADVANCED_FACE('',(#505),#60,.F.);
#6016=ADVANCED_FACE('',(#506),#5794,.T.);
#6017=ADVANCED_FACE('',(#507),#61,.F.);
#6018=ADVANCED_FACE('',(#508),#5795,.T.);
#6019=ADVANCED_FACE('',(#509),#62,.F.);
#6020=ADVANCED_FACE('',(#510),#5796,.T.);
#6021=ADVANCED_FACE('',(#511),#63,.F.);
#6022=ADVANCED_FACE('',(#512),#5797,.T.);
#6023=ADVANCED_FACE('',(#513),#64,.F.);
#6024=ADVANCED_FACE('',(#514),#5798,.T.);
#6025=ADVANCED_FACE('',(#515),#65,.F.);
#6026=ADVANCED_FACE('',(#516),#5799,.T.);
#6027=ADVANCED_FACE('',(#517),#66,.F.);
#6028=ADVANCED_FACE('',(#518),#5800,.T.);
#6029=ADVANCED_FACE('',(#519),#67,.F.);
#6030=ADVANCED_FACE('',(#520),#5801,.T.);
#6031=ADVANCED_FACE('',(#521),#68,.F.);
#6032=ADVANCED_FACE('',(#522),#5802,.T.);
#6033=ADVANCED_FACE('',(#523),#69,.F.);
#6034=ADVANCED_FACE('',(#524),#5803,.T.);
#6035=ADVANCED_FACE('',(#525),#70,.F.);
#6036=ADVANCED_FACE('',(#526),#5804,.T.);
#6037=ADVANCED_FACE('',(#527),#71,.F.);
#6038=ADVANCED_FACE('',(#528),#5805,.T.);
#6039=ADVANCED_FACE('',(#529),#72,.F.);
#6040=ADVANCED_FACE('',(#530),#5806,.T.);
#6041=ADVANCED_FACE('',(#531),#73,.F.);
#6042=ADVANCED_FACE('',(#532),#5807,.T.);
#6043=ADVANCED_FACE('',(#533),#74,.F.);
#6044=ADVANCED_FACE('',(#534),#5808,.T.);
#6045=ADVANCED_FACE('',(#535),#75,.F.);
#6046=ADVANCED_FACE('',(#536),#5809,.T.);
#6047=ADVANCED_FACE('',(#537),#76,.F.);
#6048=ADVANCED_FACE('',(#538),#5810,.T.);
#6049=ADVANCED_FACE('',(#539),#77,.F.);
#6050=ADVANCED_FACE('',(#540),#5811,.T.);
#6051=ADVANCED_FACE('',(#541),#78,.F.);
#6052=ADVANCED_FACE('',(#542),#5812,.T.);
#6053=ADVANCED_FACE('',(#543),#79,.F.);
#6054=ADVANCED_FACE('',(#544),#5813,.T.);
#6055=ADVANCED_FACE('',(#545),#80,.F.);
#6056=ADVANCED_FACE('',(#546),#5814,.T.);
#6057=ADVANCED_FACE('',(#547),#81,.F.);
#6058=ADVANCED_FACE('',(#548),#5815,.T.);
#6059=ADVANCED_FACE('',(#549),#82,.F.);
#6060=ADVANCED_FACE('',(#550),#5816,.T.);
#6061=ADVANCED_FACE('',(#551),#83,.F.);
#6062=ADVANCED_FACE('',(#552),#5817,.T.);
#6063=ADVANCED_FACE('',(#553),#84,.F.);
#6064=ADVANCED_FACE('',(#554),#5818,.T.);
#6065=ADVANCED_FACE('',(#555),#85,.F.);
#6066=ADVANCED_FACE('',(#556),#5819,.T.);
#6067=ADVANCED_FACE('',(#557),#86,.F.);
#6068=ADVANCED_FACE('',(#558),#5820,.T.);
#6069=ADVANCED_FACE('',(#559),#87,.F.);
#6070=ADVANCED_FACE('',(#560),#5821,.T.);
#6071=ADVANCED_FACE('',(#561),#88,.F.);
#6072=ADVANCED_FACE('',(#562),#5822,.T.);
#6073=ADVANCED_FACE('',(#563),#5823,.T.);
#6074=ADVANCED_FACE('',(#564),#89,.F.);
#6075=ADVANCED_FACE('',(#565),#5824,.F.);
#6076=ADVANCED_FACE('',(#566),#90,.F.);
#6077=ADVANCED_FACE('',(#567),#5825,.F.);
#6078=ADVANCED_FACE('',(#568,#179),#5826,.T.);
#6079=ADVANCED_FACE('',(#569),#5827,.F.);
#6080=ADVANCED_FACE('',(#570),#91,.F.);
#6081=ADVANCED_FACE('',(#571),#5828,.F.);
#6082=ADVANCED_FACE('',(#572),#92,.F.);
#6083=ADVANCED_FACE('',(#573),#5829,.F.);
#6084=ADVANCED_FACE('',(#574),#93,.F.);
#6085=ADVANCED_FACE('',(#575),#5830,.F.);
#6086=ADVANCED_FACE('',(#576),#94,.F.);
#6087=ADVANCED_FACE('',(#577),#5831,.F.);
#6088=ADVANCED_FACE('',(#578),#5832,.T.);
#6089=ADVANCED_FACE('',(#579),#5833,.T.);
#6090=ADVANCED_FACE('',(#580),#5834,.T.);
#6091=ADVANCED_FACE('',(#581),#5835,.T.);
#6092=ADVANCED_FACE('',(#582),#5836,.F.);
#6093=ADVANCED_FACE('',(#583),#5837,.F.);
#6094=ADVANCED_FACE('',(#584),#5838,.F.);
#6095=ADVANCED_FACE('',(#585),#5839,.F.);
#6096=ADVANCED_FACE('',(#586),#5840,.F.);
#6097=ADVANCED_FACE('',(#587),#5841,.T.);
#6098=ADVANCED_FACE('',(#588,#180,#181,#182,#183,#184,#185,#186,#187),#5842,
 .T.);
#6099=ADVANCED_FACE('',(#589),#95,.F.);
#6100=ADVANCED_FACE('',(#590),#5843,.T.);
#6101=ADVANCED_FACE('',(#591),#96,.F.);
#6102=ADVANCED_FACE('',(#592),#97,.F.);
#6103=ADVANCED_FACE('',(#593),#5844,.T.);
#6104=ADVANCED_FACE('',(#594),#98,.F.);
#6105=ADVANCED_FACE('',(#595),#5845,.T.);
#6106=ADVANCED_FACE('',(#596),#99,.F.);
#6107=ADVANCED_FACE('',(#597),#5846,.T.);
#6108=ADVANCED_FACE('',(#598),#100,.F.);
#6109=ADVANCED_FACE('',(#599),#5847,.T.);
#6110=ADVANCED_FACE('',(#600),#101,.F.);
#6111=ADVANCED_FACE('',(#601),#5848,.T.);
#6112=ADVANCED_FACE('',(#602),#102,.F.);
#6113=ADVANCED_FACE('',(#603),#103,.F.);
#6114=ADVANCED_FACE('',(#604),#5849,.T.);
#6115=ADVANCED_FACE('',(#605),#104,.F.);
#6116=ADVANCED_FACE('',(#606),#105,.F.);
#6117=ADVANCED_FACE('',(#607),#5850,.T.);
#6118=ADVANCED_FACE('',(#608),#106,.F.);
#6119=ADVANCED_FACE('',(#609),#5851,.T.);
#6120=ADVANCED_FACE('',(#610),#107,.F.);
#6121=ADVANCED_FACE('',(#611),#5852,.T.);
#6122=ADVANCED_FACE('',(#612),#108,.F.);
#6123=ADVANCED_FACE('',(#613),#5853,.T.);
#6124=ADVANCED_FACE('',(#614),#109,.F.);
#6125=ADVANCED_FACE('',(#615),#5854,.T.);
#6126=ADVANCED_FACE('',(#616),#110,.F.);
#6127=ADVANCED_FACE('',(#617),#5855,.T.);
#6128=ADVANCED_FACE('',(#618),#111,.F.);
#6129=ADVANCED_FACE('',(#619),#5856,.T.);
#6130=ADVANCED_FACE('',(#620),#112,.F.);
#6131=ADVANCED_FACE('',(#621),#5857,.T.);
#6132=ADVANCED_FACE('',(#622),#113,.F.);
#6133=ADVANCED_FACE('',(#623),#5858,.T.);
#6134=ADVANCED_FACE('',(#624),#114,.F.);
#6135=ADVANCED_FACE('',(#625),#5859,.T.);
#6136=ADVANCED_FACE('',(#626),#115,.F.);
#6137=ADVANCED_FACE('',(#627),#5860,.T.);
#6138=ADVANCED_FACE('',(#628),#116,.F.);
#6139=ADVANCED_FACE('',(#629),#5861,.T.);
#6140=ADVANCED_FACE('',(#630),#117,.F.);
#6141=ADVANCED_FACE('',(#631),#5862,.T.);
#6142=ADVANCED_FACE('',(#632),#118,.F.);
#6143=ADVANCED_FACE('',(#633),#5863,.T.);
#6144=ADVANCED_FACE('',(#634),#119,.F.);
#6145=ADVANCED_FACE('',(#635),#5864,.T.);
#6146=ADVANCED_FACE('',(#636),#120,.F.);
#6147=ADVANCED_FACE('',(#637),#5865,.T.);
#6148=ADVANCED_FACE('',(#638),#121,.F.);
#6149=ADVANCED_FACE('',(#639),#5866,.T.);
#6150=ADVANCED_FACE('',(#640),#122,.F.);
#6151=ADVANCED_FACE('',(#641),#5867,.T.);
#6152=ADVANCED_FACE('',(#642),#123,.F.);
#6153=ADVANCED_FACE('',(#643),#5868,.T.);
#6154=ADVANCED_FACE('',(#644),#124,.F.);
#6155=ADVANCED_FACE('',(#645),#5869,.T.);
#6156=ADVANCED_FACE('',(#646),#125,.F.);
#6157=ADVANCED_FACE('',(#647),#5870,.T.);
#6158=ADVANCED_FACE('',(#648),#126,.F.);
#6159=ADVANCED_FACE('',(#649),#5871,.T.);
#6160=ADVANCED_FACE('',(#650),#127,.F.);
#6161=ADVANCED_FACE('',(#651),#5872,.T.);
#6162=ADVANCED_FACE('',(#652),#128,.F.);
#6163=ADVANCED_FACE('',(#653),#5873,.T.);
#6164=ADVANCED_FACE('',(#654),#129,.F.);
#6165=ADVANCED_FACE('',(#655),#5874,.T.);
#6166=ADVANCED_FACE('',(#656),#130,.F.);
#6167=ADVANCED_FACE('',(#657),#5875,.T.);
#6168=ADVANCED_FACE('',(#658),#131,.F.);
#6169=ADVANCED_FACE('',(#659),#5876,.T.);
#6170=ADVANCED_FACE('',(#660),#132,.F.);
#6171=ADVANCED_FACE('',(#661),#5877,.T.);
#6172=ADVANCED_FACE('',(#662),#133,.F.);
#6173=ADVANCED_FACE('',(#663),#5878,.T.);
#6174=ADVANCED_FACE('',(#664),#134,.F.);
#6175=ADVANCED_FACE('',(#665),#5879,.T.);
#6176=ADVANCED_FACE('',(#666),#135,.F.);
#6177=ADVANCED_FACE('',(#667),#5880,.T.);
#6178=ADVANCED_FACE('',(#668),#136,.F.);
#6179=ADVANCED_FACE('',(#669),#5881,.T.);
#6180=ADVANCED_FACE('',(#670),#137,.F.);
#6181=ADVANCED_FACE('',(#671),#5882,.T.);
#6182=ADVANCED_FACE('',(#672),#138,.F.);
#6183=ADVANCED_FACE('',(#673),#5883,.T.);
#6184=ADVANCED_FACE('',(#674),#139,.F.);
#6185=ADVANCED_FACE('',(#675),#5884,.T.);
#6186=ADVANCED_FACE('',(#676),#140,.F.);
#6187=ADVANCED_FACE('',(#677),#5885,.T.);
#6188=ADVANCED_FACE('',(#678),#141,.F.);
#6189=ADVANCED_FACE('',(#679),#5886,.T.);
#6190=ADVANCED_FACE('',(#680),#142,.F.);
#6191=ADVANCED_FACE('',(#681),#5887,.T.);
#6192=ADVANCED_FACE('',(#682),#5888,.T.);
#6193=ADVANCED_FACE('',(#683),#5889,.F.);
#6194=ADVANCED_FACE('',(#684,#188,#189,#190,#191,#192,#193,#194,#195),#5890,
 .T.);
#6195=ADVANCED_FACE('',(#685,#196,#197,#198),#5891,.T.);
#6196=ADVANCED_FACE('',(#686),#5892,.F.);
#6197=ADVANCED_FACE('',(#687),#5893,.F.);
#6198=ADVANCED_FACE('',(#688),#5894,.F.);
#6199=ADVANCED_FACE('',(#689),#5895,.F.);
#6200=ADVANCED_FACE('',(#690),#5896,.F.);
#6201=ADVANCED_FACE('',(#691),#5897,.F.);
#6202=ADVANCED_FACE('',(#692,#199),#5898,.F.);
#6203=ADVANCED_FACE('',(#693,#200,#201),#5899,.F.);
#6204=ADVANCED_FACE('',(#694),#5900,.F.);
#6205=ADVANCED_FACE('',(#695),#5901,.F.);
#6206=ADVANCED_FACE('',(#696),#5902,.F.);
#6207=ADVANCED_FACE('',(#697),#5903,.T.);
#6208=ADVANCED_FACE('',(#698),#5904,.T.);
#6209=ADVANCED_FACE('',(#699),#5905,.T.);
#6210=ADVANCED_FACE('',(#700),#143,.F.);
#6211=ADVANCED_FACE('',(#701),#5906,.T.);
#6212=ADVANCED_FACE('',(#702),#144,.T.);
#6213=ADVANCED_FACE('',(#703),#145,.T.);
#6214=ADVANCED_FACE('',(#704),#146,.T.);
#6215=ADVANCED_FACE('',(#705),#5907,.T.);
#6216=ADVANCED_FACE('',(#706),#147,.T.);
#6217=ADVANCED_FACE('',(#707),#5908,.T.);
#6218=ADVANCED_FACE('',(#708),#148,.T.);
#6219=ADVANCED_FACE('',(#709),#15,.F.);
#6220=ADVANCED_FACE('',(#710),#149,.T.);
#6221=ADVANCED_FACE('',(#711),#16,.F.);
#6222=ADVANCED_FACE('',(#712),#150,.T.);
#6223=ADVANCED_FACE('',(#713),#17,.F.);
#6224=ADVANCED_FACE('',(#714),#151,.T.);
#6225=ADVANCED_FACE('',(#715),#18,.F.);
#6226=ADVANCED_FACE('',(#716,#202),#5909,.T.);
#6227=ADVANCED_FACE('',(#717),#152,.F.);
#6228=ADVANCED_FACE('',(#718),#5910,.F.);
#6229=ADVANCED_FACE('',(#719),#153,.F.);
#6230=ADVANCED_FACE('',(#720),#5911,.T.);
#6231=ADVANCED_FACE('',(#721),#5912,.T.);
#6232=ADVANCED_FACE('',(#722),#154,.F.);
#6233=ADVANCED_FACE('',(#723),#5913,.T.);
#6234=ADVANCED_FACE('',(#724),#155,.F.);
#6235=ADVANCED_FACE('',(#725),#5914,.T.);
#6236=ADVANCED_FACE('',(#726),#156,.F.);
#6237=ADVANCED_FACE('',(#727),#5915,.T.);
#6238=ADVANCED_FACE('',(#728),#157,.F.);
#6239=ADVANCED_FACE('',(#729),#5916,.T.);
#6240=ADVANCED_FACE('',(#730),#158,.F.);
#6241=ADVANCED_FACE('',(#731,#203),#5917,.T.);
#6242=ADVANCED_FACE('',(#732),#159,.F.);
#6243=ADVANCED_FACE('',(#733,#204),#5918,.T.);
#6244=ADVANCED_FACE('',(#734),#160,.F.);
#6245=ADVANCED_FACE('',(#735,#205),#5919,.T.);
#6246=ADVANCED_FACE('',(#736),#161,.F.);
#6247=ADVANCED_FACE('',(#737,#206),#5920,.T.);
#6248=ADVANCED_FACE('',(#738),#162,.F.);
#6249=ADVANCED_FACE('',(#739,#207,#208,#209,#210,#211),#5921,.F.);
#6250=ADVANCED_FACE('',(#740),#5922,.F.);
#6251=ADVANCED_FACE('',(#741),#5923,.F.);
#6252=ADVANCED_FACE('',(#742),#5924,.F.);
#6253=ADVANCED_FACE('',(#743),#5925,.T.);
#6254=ADVANCED_FACE('',(#744),#5926,.T.);
#6255=ADVANCED_FACE('',(#745),#5927,.T.);
#6256=ADVANCED_FACE('',(#746),#5928,.T.);
#6257=ADVANCED_FACE('',(#747),#5929,.F.);
#6258=ADVANCED_FACE('',(#748),#5930,.F.);
#6259=ADVANCED_FACE('',(#749),#5931,.T.);
#6260=ADVANCED_FACE('',(#750),#5932,.T.);
#6261=ADVANCED_FACE('',(#751),#5933,.T.);
#6262=ADVANCED_FACE('',(#752),#5934,.T.);
#6263=ADVANCED_FACE('',(#753),#5935,.F.);
#6264=ADVANCED_FACE('',(#754),#5936,.F.);
#6265=ADVANCED_FACE('',(#755),#5937,.T.);
#6266=ADVANCED_FACE('',(#756),#5938,.T.);
#6267=ADVANCED_FACE('',(#757),#5939,.T.);
#6268=ADVANCED_FACE('',(#758),#5940,.T.);
#6269=ADVANCED_FACE('',(#759),#5941,.F.);
#6270=ADVANCED_FACE('',(#760),#5942,.F.);
#6271=ADVANCED_FACE('',(#761),#5943,.T.);
#6272=ADVANCED_FACE('',(#762),#5944,.T.);
#6273=ADVANCED_FACE('',(#763),#5945,.T.);
#6274=ADVANCED_FACE('',(#764),#5946,.T.);
#6275=ADVANCED_FACE('',(#765),#5947,.F.);
#6276=ADVANCED_FACE('',(#766),#5948,.F.);
#6277=ADVANCED_FACE('',(#767),#5949,.T.);
#6278=ADVANCED_FACE('',(#768),#5950,.T.);
#6279=ADVANCED_FACE('',(#769),#5951,.T.);
#6280=ADVANCED_FACE('',(#770),#5952,.T.);
#6281=ADVANCED_FACE('',(#771),#5953,.F.);
#6282=ADVANCED_FACE('',(#772),#5954,.F.);
#6283=ADVANCED_FACE('',(#773),#5955,.F.);
#6284=ADVANCED_FACE('',(#774),#5956,.T.);
#6285=ADVANCED_FACE('',(#775),#5957,.F.);
#6286=ADVANCED_FACE('',(#776),#5958,.T.);
#6287=ADVANCED_FACE('',(#777),#5959,.T.);
#6288=ADVANCED_FACE('',(#778),#5960,.T.);
#6289=ADVANCED_FACE('',(#779),#5961,.T.);
#6290=ADVANCED_FACE('',(#780),#5962,.T.);
#6291=ADVANCED_FACE('',(#781),#5963,.F.);
#6292=ADVANCED_FACE('',(#782),#5964,.T.);
#6293=ADVANCED_FACE('',(#783),#5965,.T.);
#6294=ADVANCED_FACE('',(#784),#5966,.T.);
#6295=ADVANCED_FACE('',(#785),#5967,.T.);
#6296=ADVANCED_FACE('',(#786),#5968,.F.);
#6297=ADVANCED_FACE('',(#787),#5969,.T.);
#6298=ADVANCED_FACE('',(#788),#5970,.T.);
#6299=ADVANCED_FACE('',(#789),#5971,.T.);
#6300=CLOSED_SHELL('',(#5972,#5973,#5974,#5975,#5976,#5977,#5978,#5979,
#5980,#5981,#5982,#5983,#5984,#5985,#5986,#5987,#5988,#5989,#5990,#5991,
#5992,#5993,#5994,#5995,#5996,#5997,#5998,#5999,#6000,#6001,#6002,#6003,
#6004,#6005,#6006,#6007,#6008,#6009,#6010,#6011,#6012,#6013,#6014,#6015,
#6016,#6017,#6018,#6019,#6020,#6021,#6022,#6023,#6024,#6025,#6026,#6027,
#6028,#6029,#6030,#6031,#6032,#6033,#6034,#6035,#6036,#6037,#6038,#6039,
#6040,#6041,#6042,#6043,#6044,#6045,#6046,#6047,#6048,#6049,#6050,#6051,
#6052,#6053,#6054,#6055,#6056,#6057,#6058,#6059,#6060,#6061,#6062,#6063,
#6064,#6065,#6066,#6067,#6068,#6069,#6070,#6071,#6072,#6073));
#6301=CLOSED_SHELL('',(#6074,#6075,#6076,#6077,#6078,#6079,#6080,#6081,
#6082,#6083,#6084,#6085,#6086,#6087,#6088,#6089,#6090,#6091,#6092,#6093,
#6094,#6095,#6096,#6097,#6098,#6099,#6100,#6101,#6102,#6103,#6104,#6105,
#6106,#6107,#6108,#6109,#6110,#6111,#6112,#6113,#6114,#6115,#6116,#6117,
#6118,#6119,#6120,#6121,#6122,#6123,#6124,#6125,#6126,#6127,#6128,#6129,
#6130,#6131,#6132,#6133,#6134,#6135,#6136,#6137,#6138,#6139,#6140,#6141,
#6142,#6143,#6144,#6145,#6146,#6147,#6148,#6149,#6150,#6151,#6152,#6153,
#6154,#6155,#6156,#6157,#6158,#6159,#6160,#6161,#6162,#6163,#6164,#6165,
#6166,#6167,#6168,#6169,#6170,#6171,#6172,#6173,#6174,#6175,#6176,#6177,
#6178,#6179,#6180,#6181,#6182,#6183,#6184,#6185,#6186,#6187,#6188,#6189,
#6190,#6191,#6192,#6193,#6194,#6195,#6196,#6197,#6198,#6199,#6200,#6201,
#6202,#6203,#6204,#6205,#6206,#6207,#6208,#6209,#6210,#6211,#6212,#6213,
#6214,#6215,#6216,#6217,#6218,#6219,#6220,#6221,#6222,#6223,#6224,#6225,
#6226,#6227,#6228,#6229,#6230,#6231,#6232,#6233,#6234,#6235,#6236,#6237,
#6238,#6239,#6240,#6241,#6242,#6243,#6244,#6245,#6246,#6247,#6248,#6249));
#6302=CLOSED_SHELL('',(#6250,#6251,#6252,#6253,#6254,#6255,#6256,#6257,
#6258));
#6303=CLOSED_SHELL('',(#6259,#6260,#6261,#6262,#6263,#6264));
#6304=CLOSED_SHELL('',(#6265,#6266,#6267,#6268,#6269,#6270));
#6305=CLOSED_SHELL('',(#6271,#6272,#6273,#6274,#6275,#6276));
#6306=CLOSED_SHELL('',(#6277,#6278,#6279,#6280,#6281,#6282));
#6307=CLOSED_SHELL('',(#6283,#6284,#6285,#6286,#6287,#6288,#6289,#6290,
#6291));
#6308=CLOSED_SHELL('',(#6292,#6293,#6294,#6295,#6296,#6297,#6298,#6299));
#6309=DERIVED_UNIT_ELEMENT(#6311,1.);
#6310=DERIVED_UNIT_ELEMENT(#10572,-3.);
#6311=(
MASS_UNIT()
NAMED_UNIT(*)
SI_UNIT(.KILO.,.GRAM.)
);
#6312=DERIVED_UNIT((#6309,#6310));
#6313=MEASURE_REPRESENTATION_ITEM('density measure',
POSITIVE_RATIO_MEASURE(1425.),#6312);
#6314=PROPERTY_DEFINITION_REPRESENTATION(#6319,#6316);
#6315=PROPERTY_DEFINITION_REPRESENTATION(#6320,#6317);
#6316=REPRESENTATION('material name',(#6318),#10569);
#6317=REPRESENTATION('density',(#6313),#10569);
#6318=DESCRIPTIVE_REPRESENTATION_ITEM('Acetal Resin, Black',
'Acetal Resin, Black');
#6319=PROPERTY_DEFINITION('material property','material name',#10584);
#6320=PROPERTY_DEFINITION('material property','density of part',#10584);
#6321=AXIS2_PLACEMENT_3D('',#8703,#6898,#6899);
#6322=AXIS2_PLACEMENT_3D('',#8704,#6900,#6901);
#6323=AXIS2_PLACEMENT_3D('',#8705,#6902,#6903);
#6324=AXIS2_PLACEMENT_3D('',#8714,#6908,#6909);
#6325=AXIS2_PLACEMENT_3D('',#8723,#6914,#6915);
#6326=AXIS2_PLACEMENT_3D('',#8732,#6920,#6921);
#6327=AXIS2_PLACEMENT_3D('',#8741,#6926,#6927);
#6328=AXIS2_PLACEMENT_3D('',#8750,#6932,#6933);
#6329=AXIS2_PLACEMENT_3D('',#8756,#6937,#6938);
#6330=AXIS2_PLACEMENT_3D('',#8758,#6939,#6940);
#6331=AXIS2_PLACEMENT_3D('',#8762,#6942,#6943);
#6332=AXIS2_PLACEMENT_3D('',#8766,#6945,#6946);
#6333=AXIS2_PLACEMENT_3D('',#8769,#6948,#6949);
#6334=AXIS2_PLACEMENT_3D('',#8774,#6952,#6953);
#6335=AXIS2_PLACEMENT_3D('',#8778,#6955,#6956);
#6336=AXIS2_PLACEMENT_3D('',#8782,#6958,#6959);
#6337=AXIS2_PLACEMENT_3D('',#8785,#6961,#6962);
#6338=AXIS2_PLACEMENT_3D('',#8787,#6963,#6964);
#6339=AXIS2_PLACEMENT_3D('',#8791,#6966,#6967);
#6340=AXIS2_PLACEMENT_3D('',#8795,#6969,#6970);
#6341=AXIS2_PLACEMENT_3D('',#8798,#6972,#6973);
#6342=AXIS2_PLACEMENT_3D('',#8800,#6974,#6975);
#6343=AXIS2_PLACEMENT_3D('',#8804,#6977,#6978);
#6344=AXIS2_PLACEMENT_3D('',#8808,#6980,#6981);
#6345=AXIS2_PLACEMENT_3D('',#8811,#6983,#6984);
#6346=AXIS2_PLACEMENT_3D('',#8816,#6986,#6987);
#6347=AXIS2_PLACEMENT_3D('',#8820,#6989,#6990);
#6348=AXIS2_PLACEMENT_3D('',#8824,#6992,#6993);
#6349=AXIS2_PLACEMENT_3D('',#8827,#6995,#6996);
#6350=AXIS2_PLACEMENT_3D('',#8832,#6998,#6999);
#6351=AXIS2_PLACEMENT_3D('',#8836,#7001,#7002);
#6352=AXIS2_PLACEMENT_3D('',#8840,#7004,#7005);
#6353=AXIS2_PLACEMENT_3D('',#8843,#7007,#7008);
#6354=AXIS2_PLACEMENT_3D('',#8848,#7010,#7011);
#6355=AXIS2_PLACEMENT_3D('',#8852,#7013,#7014);
#6356=AXIS2_PLACEMENT_3D('',#8856,#7016,#7017);
#6357=AXIS2_PLACEMENT_3D('',#8859,#7019,#7020);
#6358=AXIS2_PLACEMENT_3D('',#8864,#7022,#7023);
#6359=AXIS2_PLACEMENT_3D('',#8868,#7025,#7026);
#6360=AXIS2_PLACEMENT_3D('',#8872,#7028,#7029);
#6361=AXIS2_PLACEMENT_3D('',#8875,#7031,#7032);
#6362=AXIS2_PLACEMENT_3D('',#8880,#7034,#7035);
#6363=AXIS2_PLACEMENT_3D('',#8884,#7037,#7038);
#6364=AXIS2_PLACEMENT_3D('',#8888,#7040,#7041);
#6365=AXIS2_PLACEMENT_3D('',#8891,#7043,#7044);
#6366=AXIS2_PLACEMENT_3D('',#8896,#7046,#7047);
#6367=AXIS2_PLACEMENT_3D('',#8900,#7049,#7050);
#6368=AXIS2_PLACEMENT_3D('',#8904,#7052,#7053);
#6369=AXIS2_PLACEMENT_3D('',#8907,#7055,#7056);
#6370=AXIS2_PLACEMENT_3D('',#8912,#7058,#7059);
#6371=AXIS2_PLACEMENT_3D('',#8916,#7061,#7062);
#6372=AXIS2_PLACEMENT_3D('',#8920,#7064,#7065);
#6373=AXIS2_PLACEMENT_3D('',#8923,#7067,#7068);
#6374=AXIS2_PLACEMENT_3D('',#8928,#7070,#7071);
#6375=AXIS2_PLACEMENT_3D('',#8932,#7073,#7074);
#6376=AXIS2_PLACEMENT_3D('',#8936,#7076,#7077);
#6377=AXIS2_PLACEMENT_3D('',#8939,#7079,#7080);
#6378=AXIS2_PLACEMENT_3D('',#8940,#7081,#7082);
#6379=AXIS2_PLACEMENT_3D('',#8942,#7083,#7084);
#6380=AXIS2_PLACEMENT_3D('',#8946,#7086,#7087);
#6381=AXIS2_PLACEMENT_3D('',#8950,#7089,#7090);
#6382=AXIS2_PLACEMENT_3D('',#8953,#7092,#7093);
#6383=AXIS2_PLACEMENT_3D('',#8955,#7094,#7095);
#6384=AXIS2_PLACEMENT_3D('',#8959,#7097,#7098);
#6385=AXIS2_PLACEMENT_3D('',#8963,#7100,#7101);
#6386=AXIS2_PLACEMENT_3D('',#8966,#7103,#7104);
#6387=AXIS2_PLACEMENT_3D('',#8968,#7105,#7106);
#6388=AXIS2_PLACEMENT_3D('',#8972,#7108,#7109);
#6389=AXIS2_PLACEMENT_3D('',#8976,#7111,#7112);
#6390=AXIS2_PLACEMENT_3D('',#8979,#7114,#7115);
#6391=AXIS2_PLACEMENT_3D('',#8984,#7118,#7119);
#6392=AXIS2_PLACEMENT_3D('',#8988,#7121,#7122);
#6393=AXIS2_PLACEMENT_3D('',#8992,#7124,#7125);
#6394=AXIS2_PLACEMENT_3D('',#8995,#7127,#7128);
#6395=AXIS2_PLACEMENT_3D('',#9000,#7130,#7131);
#6396=AXIS2_PLACEMENT_3D('',#9004,#7133,#7134);
#6397=AXIS2_PLACEMENT_3D('',#9008,#7136,#7137);
#6398=AXIS2_PLACEMENT_3D('',#9011,#7139,#7140);
#6399=AXIS2_PLACEMENT_3D('',#9016,#7142,#7143);
#6400=AXIS2_PLACEMENT_3D('',#9020,#7145,#7146);
#6401=AXIS2_PLACEMENT_3D('',#9024,#7148,#7149);
#6402=AXIS2_PLACEMENT_3D('',#9027,#7151,#7152);
#6403=AXIS2_PLACEMENT_3D('',#9032,#7154,#7155);
#6404=AXIS2_PLACEMENT_3D('',#9036,#7157,#7158);
#6405=AXIS2_PLACEMENT_3D('',#9040,#7160,#7161);
#6406=AXIS2_PLACEMENT_3D('',#9043,#7163,#7164);
#6407=AXIS2_PLACEMENT_3D('',#9048,#7166,#7167);
#6408=AXIS2_PLACEMENT_3D('',#9052,#7169,#7170);
#6409=AXIS2_PLACEMENT_3D('',#9056,#7172,#7173);
#6410=AXIS2_PLACEMENT_3D('',#9059,#7175,#7176);
#6411=AXIS2_PLACEMENT_3D('',#9064,#7178,#7179);
#6412=AXIS2_PLACEMENT_3D('',#9068,#7181,#7182);
#6413=AXIS2_PLACEMENT_3D('',#9072,#7184,#7185);
#6414=AXIS2_PLACEMENT_3D('',#9075,#7187,#7188);
#6415=AXIS2_PLACEMENT_3D('',#9080,#7190,#7191);
#6416=AXIS2_PLACEMENT_3D('',#9084,#7193,#7194);
#6417=AXIS2_PLACEMENT_3D('',#9088,#7196,#7197);
#6418=AXIS2_PLACEMENT_3D('',#9091,#7199,#7200);
#6419=AXIS2_PLACEMENT_3D('',#9096,#7202,#7203);
#6420=AXIS2_PLACEMENT_3D('',#9100,#7205,#7206);
#6421=AXIS2_PLACEMENT_3D('',#9104,#7208,#7209);
#6422=AXIS2_PLACEMENT_3D('',#9107,#7211,#7212);
#6423=AXIS2_PLACEMENT_3D('',#9112,#7214,#7215);
#6424=AXIS2_PLACEMENT_3D('',#9116,#7217,#7218);
#6425=AXIS2_PLACEMENT_3D('',#9120,#7220,#7221);
#6426=AXIS2_PLACEMENT_3D('',#9123,#7223,#7224);
#6427=AXIS2_PLACEMENT_3D('',#9124,#7225,#7226);
#6428=AXIS2_PLACEMENT_3D('',#9126,#7228,#7229);
#6429=AXIS2_PLACEMENT_3D('',#9128,#7231,#7232);
#6430=AXIS2_PLACEMENT_3D('',#9130,#7234,#7235);
#6431=AXIS2_PLACEMENT_3D('',#9132,#7237,#7238);
#6432=AXIS2_PLACEMENT_3D('',#9134,#7240,#7241);
#6433=AXIS2_PLACEMENT_3D('',#9136,#7243,#7244);
#6434=AXIS2_PLACEMENT_3D('',#9139,#7247,#7248);
#6435=AXIS2_PLACEMENT_3D('',#9141,#7250,#7251);
#6436=AXIS2_PLACEMENT_3D('',#9143,#7253,#7254);
#6437=AXIS2_PLACEMENT_3D('',#9145,#7256,#7257);
#6438=AXIS2_PLACEMENT_3D('',#9148,#7260,#7261);
#6439=AXIS2_PLACEMENT_3D('',#9150,#7263,#7264);
#6440=AXIS2_PLACEMENT_3D('',#9152,#7266,#7267);
#6441=AXIS2_PLACEMENT_3D('',#9154,#7269,#7270);
#6442=AXIS2_PLACEMENT_3D('',#9156,#7272,#7273);
#6443=AXIS2_PLACEMENT_3D('',#9158,#7275,#7276);
#6444=AXIS2_PLACEMENT_3D('',#9160,#7278,#7279);
#6445=AXIS2_PLACEMENT_3D('',#9162,#7281,#7282);
#6446=AXIS2_PLACEMENT_3D('',#9164,#7284,#7285);
#6447=AXIS2_PLACEMENT_3D('',#9166,#7287,#7288);
#6448=AXIS2_PLACEMENT_3D('',#9169,#7291,#7292);
#6449=AXIS2_PLACEMENT_3D('',#9171,#7294,#7295);
#6450=AXIS2_PLACEMENT_3D('',#9173,#7297,#7298);
#6451=AXIS2_PLACEMENT_3D('',#9175,#7300,#7301);
#6452=AXIS2_PLACEMENT_3D('',#9178,#7304,#7305);
#6453=AXIS2_PLACEMENT_3D('',#9180,#7307,#7308);
#6454=AXIS2_PLACEMENT_3D('',#9182,#7310,#7311);
#6455=AXIS2_PLACEMENT_3D('',#9184,#7313,#7314);
#6456=AXIS2_PLACEMENT_3D('',#9187,#7317,#7318);
#6457=AXIS2_PLACEMENT_3D('',#9189,#7320,#7321);
#6458=AXIS2_PLACEMENT_3D('',#9191,#7323,#7324);
#6459=AXIS2_PLACEMENT_3D('',#9193,#7326,#7327);
#6460=AXIS2_PLACEMENT_3D('',#9196,#7330,#7331);
#6461=AXIS2_PLACEMENT_3D('',#9198,#7333,#7334);
#6462=AXIS2_PLACEMENT_3D('',#9200,#7336,#7337);
#6463=AXIS2_PLACEMENT_3D('',#9202,#7339,#7340);
#6464=AXIS2_PLACEMENT_3D('',#9205,#7343,#7344);
#6465=AXIS2_PLACEMENT_3D('',#9207,#7346,#7347);
#6466=AXIS2_PLACEMENT_3D('',#9209,#7349,#7350);
#6467=AXIS2_PLACEMENT_3D('',#9211,#7352,#7353);
#6468=AXIS2_PLACEMENT_3D('',#9214,#7356,#7357);
#6469=AXIS2_PLACEMENT_3D('',#9216,#7359,#7360);
#6470=AXIS2_PLACEMENT_3D('',#9218,#7362,#7363);
#6471=AXIS2_PLACEMENT_3D('',#9220,#7365,#7366);
#6472=AXIS2_PLACEMENT_3D('',#9222,#7368,#7369);
#6473=AXIS2_PLACEMENT_3D('',#9224,#7371,#7372);
#6474=AXIS2_PLACEMENT_3D('',#9226,#7374,#7375);
#6475=AXIS2_PLACEMENT_3D('',#9228,#7377,#7378);
#6476=AXIS2_PLACEMENT_3D('',#9229,#7379,#7380);
#6477=AXIS2_PLACEMENT_3D('',#9231,#7382,#7383);
#6478=AXIS2_PLACEMENT_3D('',#9233,#7385,#7386);
#6479=AXIS2_PLACEMENT_3D('',#9235,#7388,#7389);
#6480=AXIS2_PLACEMENT_3D('',#9236,#7390,#7391);
#6481=AXIS2_PLACEMENT_3D('',#9238,#7393,#7394);
#6482=AXIS2_PLACEMENT_3D('',#9240,#7396,#7397);
#6483=AXIS2_PLACEMENT_3D('',#9242,#7399,#7400);
#6484=AXIS2_PLACEMENT_3D('',#9243,#7401,#7402);
#6485=AXIS2_PLACEMENT_3D('',#9245,#7404,#7405);
#6486=AXIS2_PLACEMENT_3D('',#9247,#7407,#7408);
#6487=AXIS2_PLACEMENT_3D('',#9249,#7410,#7411);
#6488=AXIS2_PLACEMENT_3D('',#9250,#7412,#7413);
#6489=AXIS2_PLACEMENT_3D('',#9252,#7415,#7416);
#6490=AXIS2_PLACEMENT_3D('',#9254,#7418,#7419);
#6491=AXIS2_PLACEMENT_3D('',#9256,#7421,#7422);
#6492=AXIS2_PLACEMENT_3D('',#9257,#7423,#7424);
#6493=AXIS2_PLACEMENT_3D('',#9259,#7426,#7427);
#6494=AXIS2_PLACEMENT_3D('',#9261,#7429,#7430);
#6495=AXIS2_PLACEMENT_3D('',#9263,#7432,#7433);
#6496=AXIS2_PLACEMENT_3D('',#9264,#7434,#7435);
#6497=AXIS2_PLACEMENT_3D('',#9266,#7437,#7438);
#6498=AXIS2_PLACEMENT_3D('',#9268,#7440,#7441);
#6499=AXIS2_PLACEMENT_3D('',#9270,#7443,#7444);
#6500=AXIS2_PLACEMENT_3D('',#9271,#7445,#7446);
#6501=AXIS2_PLACEMENT_3D('',#9273,#7448,#7449);
#6502=AXIS2_PLACEMENT_3D('',#9275,#7451,#7452);
#6503=AXIS2_PLACEMENT_3D('',#9277,#7454,#7455);
#6504=AXIS2_PLACEMENT_3D('',#9278,#7456,#7457);
#6505=AXIS2_PLACEMENT_3D('',#9280,#7459,#7460);
#6506=AXIS2_PLACEMENT_3D('',#9282,#7462,#7463);
#6507=AXIS2_PLACEMENT_3D('',#9284,#7465,#7466);
#6508=AXIS2_PLACEMENT_3D('',#9285,#7467,#7468);
#6509=AXIS2_PLACEMENT_3D('',#9287,#7470,#7471);
#6510=AXIS2_PLACEMENT_3D('',#9289,#7473,#7474);
#6511=AXIS2_PLACEMENT_3D('',#9291,#7476,#7477);
#6512=AXIS2_PLACEMENT_3D('',#9292,#7478,#7479);
#6513=AXIS2_PLACEMENT_3D('',#9294,#7481,#7482);
#6514=AXIS2_PLACEMENT_3D('',#9296,#7484,#7485);
#6515=AXIS2_PLACEMENT_3D('',#9298,#7487,#7488);
#6516=AXIS2_PLACEMENT_3D('',#9299,#7489,#7490);
#6517=AXIS2_PLACEMENT_3D('',#9301,#7492,#7493);
#6518=AXIS2_PLACEMENT_3D('',#9303,#7495,#7496);
#6519=AXIS2_PLACEMENT_3D('',#9305,#7498,#7499);
#6520=AXIS2_PLACEMENT_3D('',#9306,#7500,#7501);
#6521=AXIS2_PLACEMENT_3D('',#9307,#7502,#7503);
#6522=AXIS2_PLACEMENT_3D('',#9310,#7504,#7505);
#6523=AXIS2_PLACEMENT_3D('',#9314,#7507,#7508);
#6524=AXIS2_PLACEMENT_3D('',#9316,#7510,#7511);
#6525=AXIS2_PLACEMENT_3D('',#9322,#7515,#7516);
#6526=AXIS2_PLACEMENT_3D('',#9325,#7517,#7518);
#6527=AXIS2_PLACEMENT_3D('',#9329,#7520,#7521);
#6528=AXIS2_PLACEMENT_3D('',#9331,#7523,#7524);
#6529=AXIS2_PLACEMENT_3D('',#9337,#7528,#7529);
#6530=AXIS2_PLACEMENT_3D('',#9348,#7535,#7536);
#6531=AXIS2_PLACEMENT_3D('',#9351,#7538,#7539);
#6532=AXIS2_PLACEMENT_3D('',#9352,#7540,#7541);
#6533=AXIS2_PLACEMENT_3D('',#9354,#7543,#7544);
#6534=AXIS2_PLACEMENT_3D('',#9357,#7545,#7546);
#6535=AXIS2_PLACEMENT_3D('',#9361,#7548,#7549);
#6536=AXIS2_PLACEMENT_3D('',#9363,#7551,#7552);
#6537=AXIS2_PLACEMENT_3D('',#9369,#7556,#7557);
#6538=AXIS2_PLACEMENT_3D('',#9371,#7558,#7559);
#6539=AXIS2_PLACEMENT_3D('',#9373,#7560,#7561);
#6540=AXIS2_PLACEMENT_3D('',#9375,#7563,#7564);
#6541=AXIS2_PLACEMENT_3D('',#9381,#7568,#7569);
#6542=AXIS2_PLACEMENT_3D('',#9383,#7570,#7571);
#6543=AXIS2_PLACEMENT_3D('',#9385,#7572,#7573);
#6544=AXIS2_PLACEMENT_3D('',#9387,#7575,#7576);
#6545=AXIS2_PLACEMENT_3D('',#9393,#7580,#7581);
#6546=AXIS2_PLACEMENT_3D('',#9395,#7582,#7583);
#6547=AXIS2_PLACEMENT_3D('',#9397,#7584,#7585);
#6548=AXIS2_PLACEMENT_3D('',#9399,#7587,#7588);
#6549=AXIS2_PLACEMENT_3D('',#9402,#7591,#7592);
#6550=AXIS2_PLACEMENT_3D('',#9419,#7601,#7602);
#6551=AXIS2_PLACEMENT_3D('',#9425,#7606,#7607);
#6552=AXIS2_PLACEMENT_3D('',#9431,#7611,#7612);
#6553=AXIS2_PLACEMENT_3D('',#9443,#7620,#7621);
#6554=AXIS2_PLACEMENT_3D('',#9452,#7626,#7627);
#6555=AXIS2_PLACEMENT_3D('',#9461,#7632,#7633);
#6556=AXIS2_PLACEMENT_3D('',#9470,#7638,#7639);
#6557=AXIS2_PLACEMENT_3D('',#9479,#7644,#7645);
#6558=AXIS2_PLACEMENT_3D('',#9488,#7650,#7651);
#6559=AXIS2_PLACEMENT_3D('',#9491,#7654,#7655);
#6560=AXIS2_PLACEMENT_3D('',#9495,#7657,#7658);
#6561=AXIS2_PLACEMENT_3D('',#9499,#7660,#7661);
#6562=AXIS2_PLACEMENT_3D('',#9503,#7663,#7664);
#6563=AXIS2_PLACEMENT_3D('',#9506,#7666,#7667);
#6564=AXIS2_PLACEMENT_3D('',#9508,#7668,#7669);
#6565=AXIS2_PLACEMENT_3D('',#9512,#7671,#7672);
#6566=AXIS2_PLACEMENT_3D('',#9516,#7674,#7675);
#6567=AXIS2_PLACEMENT_3D('',#9519,#7677,#7678);
#6568=AXIS2_PLACEMENT_3D('',#9521,#7679,#7680);
#6569=AXIS2_PLACEMENT_3D('',#9525,#7682,#7683);
#6570=AXIS2_PLACEMENT_3D('',#9529,#7685,#7686);
#6571=AXIS2_PLACEMENT_3D('',#9532,#7688,#7689);
#6572=AXIS2_PLACEMENT_3D('',#9534,#7690,#7691);
#6573=AXIS2_PLACEMENT_3D('',#9538,#7693,#7694);
#6574=AXIS2_PLACEMENT_3D('',#9542,#7696,#7697);
#6575=AXIS2_PLACEMENT_3D('',#9545,#7699,#7700);
#6576=AXIS2_PLACEMENT_3D('',#9553,#7704,#7705);
#6577=AXIS2_PLACEMENT_3D('',#9557,#7707,#7708);
#6578=AXIS2_PLACEMENT_3D('',#9561,#7710,#7711);
#6579=AXIS2_PLACEMENT_3D('',#9564,#7713,#7714);
#6580=AXIS2_PLACEMENT_3D('',#9569,#7716,#7717);
#6581=AXIS2_PLACEMENT_3D('',#9573,#7719,#7720);
#6582=AXIS2_PLACEMENT_3D('',#9577,#7722,#7723);
#6583=AXIS2_PLACEMENT_3D('',#9580,#7725,#7726);
#6584=AXIS2_PLACEMENT_3D('',#9585,#7728,#7729);
#6585=AXIS2_PLACEMENT_3D('',#9589,#7731,#7732);
#6586=AXIS2_PLACEMENT_3D('',#9593,#7734,#7735);
#6587=AXIS2_PLACEMENT_3D('',#9596,#7737,#7738);
#6588=AXIS2_PLACEMENT_3D('',#9601,#7740,#7741);
#6589=AXIS2_PLACEMENT_3D('',#9605,#7743,#7744);
#6590=AXIS2_PLACEMENT_3D('',#9609,#7746,#7747);
#6591=AXIS2_PLACEMENT_3D('',#9612,#7749,#7750);
#6592=AXIS2_PLACEMENT_3D('',#9617,#7752,#7753);
#6593=AXIS2_PLACEMENT_3D('',#9621,#7755,#7756);
#6594=AXIS2_PLACEMENT_3D('',#9625,#7758,#7759);
#6595=AXIS2_PLACEMENT_3D('',#9628,#7761,#7762);
#6596=AXIS2_PLACEMENT_3D('',#9633,#7764,#7765);
#6597=AXIS2_PLACEMENT_3D('',#9637,#7767,#7768);
#6598=AXIS2_PLACEMENT_3D('',#9641,#7770,#7771);
#6599=AXIS2_PLACEMENT_3D('',#9644,#7773,#7774);
#6600=AXIS2_PLACEMENT_3D('',#9649,#7776,#7777);
#6601=AXIS2_PLACEMENT_3D('',#9653,#7779,#7780);
#6602=AXIS2_PLACEMENT_3D('',#9657,#7782,#7783);
#6603=AXIS2_PLACEMENT_3D('',#9660,#7785,#7786);
#6604=AXIS2_PLACEMENT_3D('',#9665,#7788,#7789);
#6605=AXIS2_PLACEMENT_3D('',#9669,#7791,#7792);
#6606=AXIS2_PLACEMENT_3D('',#9673,#7794,#7795);
#6607=AXIS2_PLACEMENT_3D('',#9676,#7797,#7798);
#6608=AXIS2_PLACEMENT_3D('',#9677,#7799,#7800);
#6609=AXIS2_PLACEMENT_3D('',#9679,#7801,#7802);
#6610=AXIS2_PLACEMENT_3D('',#9681,#7804,#7805);
#6611=AXIS2_PLACEMENT_3D('',#9685,#7808,#7809);
#6612=AXIS2_PLACEMENT_3D('',#9687,#7810,#7811);
#6613=AXIS2_PLACEMENT_3D('',#9689,#7813,#7814);
#6614=AXIS2_PLACEMENT_3D('',#9691,#7815,#7816);
#6615=AXIS2_PLACEMENT_3D('',#9693,#7818,#7819);
#6616=AXIS2_PLACEMENT_3D('',#9697,#7822,#7823);
#6617=AXIS2_PLACEMENT_3D('',#9699,#7824,#7825);
#6618=AXIS2_PLACEMENT_3D('',#9701,#7827,#7828);
#6619=AXIS2_PLACEMENT_3D('',#9707,#7832,#7833);
#6620=AXIS2_PLACEMENT_3D('',#9709,#7834,#7835);
#6621=AXIS2_PLACEMENT_3D('',#9711,#7837,#7838);
#6622=AXIS2_PLACEMENT_3D('',#9715,#7841,#7842);
#6623=AXIS2_PLACEMENT_3D('',#9717,#7843,#7844);
#6624=AXIS2_PLACEMENT_3D('',#9719,#7846,#7847);
#6625=AXIS2_PLACEMENT_3D('',#9725,#7851,#7852);
#6626=AXIS2_PLACEMENT_3D('',#9727,#7853,#7854);
#6627=AXIS2_PLACEMENT_3D('',#9729,#7856,#7857);
#6628=AXIS2_PLACEMENT_3D('',#9733,#7860,#7861);
#6629=AXIS2_PLACEMENT_3D('',#9735,#7862,#7863);
#6630=AXIS2_PLACEMENT_3D('',#9737,#7865,#7866);
#6631=AXIS2_PLACEMENT_3D('',#9739,#7867,#7868);
#6632=AXIS2_PLACEMENT_3D('',#9741,#7870,#7871);
#6633=AXIS2_PLACEMENT_3D('',#9745,#7874,#7875);
#6634=AXIS2_PLACEMENT_3D('',#9747,#7876,#7877);
#6635=AXIS2_PLACEMENT_3D('',#9749,#7879,#7880);
#6636=AXIS2_PLACEMENT_3D('',#9751,#7881,#7882);
#6637=AXIS2_PLACEMENT_3D('',#9753,#7884,#7885);
#6638=AXIS2_PLACEMENT_3D('',#9757,#7888,#7889);
#6639=AXIS2_PLACEMENT_3D('',#9759,#7890,#7891);
#6640=AXIS2_PLACEMENT_3D('',#9761,#7893,#7894);
#6641=AXIS2_PLACEMENT_3D('',#9767,#7898,#7899);
#6642=AXIS2_PLACEMENT_3D('',#9769,#7900,#7901);
#6643=AXIS2_PLACEMENT_3D('',#9771,#7903,#7904);
#6644=AXIS2_PLACEMENT_3D('',#9775,#7907,#7908);
#6645=AXIS2_PLACEMENT_3D('',#9777,#7909,#7910);
#6646=AXIS2_PLACEMENT_3D('',#9779,#7912,#7913);
#6647=AXIS2_PLACEMENT_3D('',#9785,#7917,#7918);
#6648=AXIS2_PLACEMENT_3D('',#9787,#7919,#7920);
#6649=AXIS2_PLACEMENT_3D('',#9789,#7922,#7923);
#6650=AXIS2_PLACEMENT_3D('',#9793,#7926,#7927);
#6651=AXIS2_PLACEMENT_3D('',#9795,#7928,#7929);
#6652=AXIS2_PLACEMENT_3D('',#9797,#7931,#7932);
#6653=AXIS2_PLACEMENT_3D('',#9803,#7936,#7937);
#6654=AXIS2_PLACEMENT_3D('',#9805,#7938,#7939);
#6655=AXIS2_PLACEMENT_3D('',#9807,#7941,#7942);
#6656=AXIS2_PLACEMENT_3D('',#9811,#7945,#7946);
#6657=AXIS2_PLACEMENT_3D('',#9813,#7947,#7948);
#6658=AXIS2_PLACEMENT_3D('',#9815,#7950,#7951);
#6659=AXIS2_PLACEMENT_3D('',#9821,#7955,#7956);
#6660=AXIS2_PLACEMENT_3D('',#9823,#7957,#7958);
#6661=AXIS2_PLACEMENT_3D('',#9825,#7960,#7961);
#6662=AXIS2_PLACEMENT_3D('',#9829,#7964,#7965);
#6663=AXIS2_PLACEMENT_3D('',#9831,#7966,#7967);
#6664=AXIS2_PLACEMENT_3D('',#9833,#7969,#7970);
#6665=AXIS2_PLACEMENT_3D('',#9839,#7974,#7975);
#6666=AXIS2_PLACEMENT_3D('',#9841,#7976,#7977);
#6667=AXIS2_PLACEMENT_3D('',#9843,#7979,#7980);
#6668=AXIS2_PLACEMENT_3D('',#9847,#7983,#7984);
#6669=AXIS2_PLACEMENT_3D('',#9849,#7985,#7986);
#6670=AXIS2_PLACEMENT_3D('',#9851,#7988,#7989);
#6671=AXIS2_PLACEMENT_3D('',#9857,#7993,#7994);
#6672=AXIS2_PLACEMENT_3D('',#9859,#7995,#7996);
#6673=AXIS2_PLACEMENT_3D('',#9861,#7998,#7999);
#6674=AXIS2_PLACEMENT_3D('',#9865,#8002,#8003);
#6675=AXIS2_PLACEMENT_3D('',#9867,#8004,#8005);
#6676=AXIS2_PLACEMENT_3D('',#9869,#8007,#8008);
#6677=AXIS2_PLACEMENT_3D('',#9873,#8011,#8012);
#6678=AXIS2_PLACEMENT_3D('',#9875,#8013,#8014);
#6679=AXIS2_PLACEMENT_3D('',#9877,#8016,#8017);
#6680=AXIS2_PLACEMENT_3D('',#9881,#8020,#8021);
#6681=AXIS2_PLACEMENT_3D('',#9883,#8022,#8023);
#6682=AXIS2_PLACEMENT_3D('',#9885,#8025,#8026);
#6683=AXIS2_PLACEMENT_3D('',#9887,#8028,#8029);
#6684=AXIS2_PLACEMENT_3D('',#9889,#8030,#8031);
#6685=AXIS2_PLACEMENT_3D('',#9891,#8033,#8034);
#6686=AXIS2_PLACEMENT_3D('',#9895,#8037,#8038);
#6687=AXIS2_PLACEMENT_3D('',#9897,#8039,#8040);
#6688=AXIS2_PLACEMENT_3D('',#9899,#8042,#8043);
#6689=AXIS2_PLACEMENT_3D('',#9901,#8045,#8046);
#6690=AXIS2_PLACEMENT_3D('',#9903,#8047,#8048);
#6691=AXIS2_PLACEMENT_3D('',#9905,#8050,#8051);
#6692=AXIS2_PLACEMENT_3D('',#9909,#8054,#8055);
#6693=AXIS2_PLACEMENT_3D('',#9911,#8056,#8057);
#6694=AXIS2_PLACEMENT_3D('',#9913,#8059,#8060);
#6695=AXIS2_PLACEMENT_3D('',#9915,#8062,#8063);
#6696=AXIS2_PLACEMENT_3D('',#9917,#8064,#8065);
#6697=AXIS2_PLACEMENT_3D('',#9919,#8067,#8068);
#6698=AXIS2_PLACEMENT_3D('',#9923,#8071,#8072);
#6699=AXIS2_PLACEMENT_3D('',#9925,#8073,#8074);
#6700=AXIS2_PLACEMENT_3D('',#9927,#8076,#8077);
#6701=AXIS2_PLACEMENT_3D('',#9929,#8079,#8080);
#6702=AXIS2_PLACEMENT_3D('',#9931,#8081,#8082);
#6703=AXIS2_PLACEMENT_3D('',#9933,#8084,#8085);
#6704=AXIS2_PLACEMENT_3D('',#9937,#8088,#8089);
#6705=AXIS2_PLACEMENT_3D('',#9939,#8090,#8091);
#6706=AXIS2_PLACEMENT_3D('',#9941,#8093,#8094);
#6707=AXIS2_PLACEMENT_3D('',#9943,#8096,#8097);
#6708=AXIS2_PLACEMENT_3D('',#9945,#8098,#8099);
#6709=AXIS2_PLACEMENT_3D('',#9947,#8101,#8102);
#6710=AXIS2_PLACEMENT_3D('',#9951,#8105,#8106);
#6711=AXIS2_PLACEMENT_3D('',#9953,#8107,#8108);
#6712=AXIS2_PLACEMENT_3D('',#9955,#8110,#8111);
#6713=AXIS2_PLACEMENT_3D('',#9957,#8113,#8114);
#6714=AXIS2_PLACEMENT_3D('',#9959,#8115,#8116);
#6715=AXIS2_PLACEMENT_3D('',#9961,#8118,#8119);
#6716=AXIS2_PLACEMENT_3D('',#9965,#8122,#8123);
#6717=AXIS2_PLACEMENT_3D('',#9967,#8124,#8125);
#6718=AXIS2_PLACEMENT_3D('',#9969,#8127,#8128);
#6719=AXIS2_PLACEMENT_3D('',#9971,#8130,#8131);
#6720=AXIS2_PLACEMENT_3D('',#9973,#8132,#8133);
#6721=AXIS2_PLACEMENT_3D('',#9975,#8135,#8136);
#6722=AXIS2_PLACEMENT_3D('',#9979,#8139,#8140);
#6723=AXIS2_PLACEMENT_3D('',#9981,#8141,#8142);
#6724=AXIS2_PLACEMENT_3D('',#9983,#8144,#8145);
#6725=AXIS2_PLACEMENT_3D('',#9985,#8147,#8148);
#6726=AXIS2_PLACEMENT_3D('',#9987,#8149,#8150);
#6727=AXIS2_PLACEMENT_3D('',#9989,#8152,#8153);
#6728=AXIS2_PLACEMENT_3D('',#9993,#8156,#8157);
#6729=AXIS2_PLACEMENT_3D('',#9995,#8158,#8159);
#6730=AXIS2_PLACEMENT_3D('',#9997,#8161,#8162);
#6731=AXIS2_PLACEMENT_3D('',#9999,#8164,#8165);
#6732=AXIS2_PLACEMENT_3D('',#10001,#8166,#8167);
#6733=AXIS2_PLACEMENT_3D('',#10003,#8169,#8170);
#6734=AXIS2_PLACEMENT_3D('',#10007,#8173,#8174);
#6735=AXIS2_PLACEMENT_3D('',#10009,#8175,#8176);
#6736=AXIS2_PLACEMENT_3D('',#10011,#8178,#8179);
#6737=AXIS2_PLACEMENT_3D('',#10013,#8181,#8182);
#6738=AXIS2_PLACEMENT_3D('',#10015,#8183,#8184);
#6739=AXIS2_PLACEMENT_3D('',#10017,#8186,#8187);
#6740=AXIS2_PLACEMENT_3D('',#10021,#8190,#8191);
#6741=AXIS2_PLACEMENT_3D('',#10023,#8192,#8193);
#6742=AXIS2_PLACEMENT_3D('',#10025,#8195,#8196);
#6743=AXIS2_PLACEMENT_3D('',#10027,#8198,#8199);
#6744=AXIS2_PLACEMENT_3D('',#10029,#8200,#8201);
#6745=AXIS2_PLACEMENT_3D('',#10031,#8203,#8204);
#6746=AXIS2_PLACEMENT_3D('',#10035,#8207,#8208);
#6747=AXIS2_PLACEMENT_3D('',#10037,#8209,#8210);
#6748=AXIS2_PLACEMENT_3D('',#10039,#8212,#8213);
#6749=AXIS2_PLACEMENT_3D('',#10041,#8215,#8216);
#6750=AXIS2_PLACEMENT_3D('',#10049,#8221,#8222);
#6751=AXIS2_PLACEMENT_3D('',#10058,#8227,#8228);
#6752=AXIS2_PLACEMENT_3D('',#10064,#8232,#8233);
#6753=AXIS2_PLACEMENT_3D('',#10067,#8234,#8235);
#6754=AXIS2_PLACEMENT_3D('',#10071,#8237,#8238);
#6755=AXIS2_PLACEMENT_3D('',#10075,#8240,#8241);
#6756=AXIS2_PLACEMENT_3D('',#10079,#8243,#8244);
#6757=AXIS2_PLACEMENT_3D('',#10083,#8246,#8247);
#6758=AXIS2_PLACEMENT_3D('',#10084,#8248,#8249);
#6759=AXIS2_PLACEMENT_3D('',#10090,#8253,#8254);
#6760=AXIS2_PLACEMENT_3D('',#10099,#8259,#8260);
#6761=AXIS2_PLACEMENT_3D('',#10105,#8264,#8265);
#6762=AXIS2_PLACEMENT_3D('',#10114,#8270,#8271);
#6763=AXIS2_PLACEMENT_3D('',#10120,#8275,#8276);
#6764=AXIS2_PLACEMENT_3D('',#10126,#8280,#8281);
#6765=AXIS2_PLACEMENT_3D('',#10129,#8284,#8285);
#6766=AXIS2_PLACEMENT_3D('',#10130,#8286,#8287);
#6767=AXIS2_PLACEMENT_3D('',#10136,#8292,#8293);
#6768=AXIS2_PLACEMENT_3D('',#10137,#8294,#8295);
#6769=AXIS2_PLACEMENT_3D('',#10143,#8299,#8300);
#6770=AXIS2_PLACEMENT_3D('',#10148,#8304,#8305);
#6771=AXIS2_PLACEMENT_3D('',#10153,#8309,#8310);
#6772=AXIS2_PLACEMENT_3D('',#10154,#8311,#8312);
#6773=AXIS2_PLACEMENT_3D('',#10156,#8314,#8315);
#6774=AXIS2_PLACEMENT_3D('',#10158,#8317,#8318);
#6775=AXIS2_PLACEMENT_3D('',#10162,#8320,#8321);
#6776=AXIS2_PLACEMENT_3D('',#10165,#8323,#8324);
#6777=AXIS2_PLACEMENT_3D('',#10167,#8326,#8327);
#6778=AXIS2_PLACEMENT_3D('',#10176,#8332,#8333);
#6779=AXIS2_PLACEMENT_3D('',#10178,#8334,#8335);
#6780=AXIS2_PLACEMENT_3D('',#10181,#8337,#8338);
#6781=AXIS2_PLACEMENT_3D('',#10182,#8339,#8340);
#6782=AXIS2_PLACEMENT_3D('',#10185,#8341,#8342);
#6783=AXIS2_PLACEMENT_3D('',#10189,#8344,#8345);
#6784=AXIS2_PLACEMENT_3D('',#10191,#8347,#8348);
#6785=AXIS2_PLACEMENT_3D('',#10193,#8349,#8350);
#6786=AXIS2_PLACEMENT_3D('',#10195,#8351,#8352);
#6787=AXIS2_PLACEMENT_3D('',#10197,#8354,#8355);
#6788=AXIS2_PLACEMENT_3D('',#10203,#8359,#8360);
#6789=AXIS2_PLACEMENT_3D('',#10205,#8361,#8362);
#6790=AXIS2_PLACEMENT_3D('',#10207,#8363,#8364);
#6791=AXIS2_PLACEMENT_3D('',#10209,#8366,#8367);
#6792=AXIS2_PLACEMENT_3D('',#10212,#8370,#8371);
#6793=AXIS2_PLACEMENT_3D('',#10213,#8372,#8373);
#6794=AXIS2_PLACEMENT_3D('',#10214,#8374,#8375);
#6795=AXIS2_PLACEMENT_3D('',#10224,#8376,#8377);
#6796=AXIS2_PLACEMENT_3D('',#10225,#8378,#8379);
#6797=AXIS2_PLACEMENT_3D('',#10226,#8380,#8381);
#6798=AXIS2_PLACEMENT_3D('',#10236,#8382,#8383);
#6799=AXIS2_PLACEMENT_3D('',#10237,#8384,#8385);
#6800=AXIS2_PLACEMENT_3D('',#10239,#8387,#8388);
#6801=AXIS2_PLACEMENT_3D('',#10249,#8389,#8390);
#6802=AXIS2_PLACEMENT_3D('',#10250,#8391,#8392);
#6803=AXIS2_PLACEMENT_3D('',#10251,#8393,#8394);
#6804=AXIS2_PLACEMENT_3D('',#10261,#8395,#8396);
#6805=AXIS2_PLACEMENT_3D('',#10264,#8398,#8399);
#6806=AXIS2_PLACEMENT_3D('',#10267,#8401,#8402);
#6807=AXIS2_PLACEMENT_3D('',#10268,#8403,#8404);
#6808=AXIS2_PLACEMENT_3D('',#10270,#8406,#8407);
#6809=AXIS2_PLACEMENT_3D('',#10272,#8409,#8410);
#6810=AXIS2_PLACEMENT_3D('',#10273,#8411,#8412);
#6811=AXIS2_PLACEMENT_3D('',#10274,#8413,#8414);
#6812=AXIS2_PLACEMENT_3D('',#10275,#8415,#8416);
#6813=AXIS2_PLACEMENT_3D('',#10276,#8417,#8418);
#6814=AXIS2_PLACEMENT_3D('',#10277,#8419,#8420);
#6815=AXIS2_PLACEMENT_3D('',#10279,#8421,#8422);
#6816=AXIS2_PLACEMENT_3D('',#10280,#8423,#8424);
#6817=AXIS2_PLACEMENT_3D('',#10282,#8425,#8426);
#6818=AXIS2_PLACEMENT_3D('',#10284,#8428,#8429);
#6819=AXIS2_PLACEMENT_3D('',#10286,#8430,#8431);
#6820=AXIS2_PLACEMENT_3D('',#10287,#8432,#8433);
#6821=AXIS2_PLACEMENT_3D('',#10289,#8434,#8435);
#6822=AXIS2_PLACEMENT_3D('',#10291,#8437,#8438);
#6823=AXIS2_PLACEMENT_3D('',#10293,#8439,#8440);
#6824=AXIS2_PLACEMENT_3D('',#10294,#8441,#8442);
#6825=AXIS2_PLACEMENT_3D('',#10296,#8443,#8444);
#6826=AXIS2_PLACEMENT_3D('',#10298,#8446,#8447);
#6827=AXIS2_PLACEMENT_3D('',#10300,#8448,#8449);
#6828=AXIS2_PLACEMENT_3D('',#10301,#8450,#8451);
#6829=AXIS2_PLACEMENT_3D('',#10303,#8452,#8453);
#6830=AXIS2_PLACEMENT_3D('',#10305,#8455,#8456);
#6831=AXIS2_PLACEMENT_3D('',#10307,#8457,#8458);
#6832=AXIS2_PLACEMENT_3D('',#10308,#8459,#8460);
#6833=AXIS2_PLACEMENT_3D('',#10310,#8461,#8462);
#6834=AXIS2_PLACEMENT_3D('',#10312,#8464,#8465);
#6835=AXIS2_PLACEMENT_3D('',#10314,#8466,#8467);
#6836=AXIS2_PLACEMENT_3D('',#10315,#8468,#8469);
#6837=AXIS2_PLACEMENT_3D('',#10317,#8470,#8471);
#6838=AXIS2_PLACEMENT_3D('',#10319,#8473,#8474);
#6839=AXIS2_PLACEMENT_3D('',#10321,#8475,#8476);
#6840=AXIS2_PLACEMENT_3D('',#10322,#8477,#8478);
#6841=AXIS2_PLACEMENT_3D('',#10324,#8479,#8480);
#6842=AXIS2_PLACEMENT_3D('',#10326,#8482,#8483);
#6843=AXIS2_PLACEMENT_3D('',#10328,#8484,#8485);
#6844=AXIS2_PLACEMENT_3D('',#10329,#8486,#8487);
#6845=AXIS2_PLACEMENT_3D('',#10331,#8488,#8489);
#6846=AXIS2_PLACEMENT_3D('',#10333,#8491,#8492);
#6847=AXIS2_PLACEMENT_3D('',#10334,#8493,#8494);
#6848=AXIS2_PLACEMENT_3D('',#10343,#8499,#8500);
#6849=AXIS2_PLACEMENT_3D('',#10349,#8504,#8505);
#6850=AXIS2_PLACEMENT_3D('',#10353,#8508,#8509);
#6851=AXIS2_PLACEMENT_3D('',#10361,#8514,#8515);
#6852=AXIS2_PLACEMENT_3D('',#10367,#8519,#8520);
#6853=AXIS2_PLACEMENT_3D('',#10373,#8524,#8525);
#6854=AXIS2_PLACEMENT_3D('',#10376,#8528,#8529);
#6855=AXIS2_PLACEMENT_3D('',#10377,#8530,#8531);
#6856=AXIS2_PLACEMENT_3D('',#10378,#8532,#8533);
#6857=AXIS2_PLACEMENT_3D('',#10387,#8538,#8539);
#6858=AXIS2_PLACEMENT_3D('',#10393,#8543,#8544);
#6859=AXIS2_PLACEMENT_3D('',#10399,#8548,#8549);
#6860=AXIS2_PLACEMENT_3D('',#10402,#8552,#8553);
#6861=AXIS2_PLACEMENT_3D('',#10403,#8554,#8555);
#6862=AXIS2_PLACEMENT_3D('',#10404,#8556,#8557);
#6863=AXIS2_PLACEMENT_3D('',#10413,#8562,#8563);
#6864=AXIS2_PLACEMENT_3D('',#10419,#8567,#8568);
#6865=AXIS2_PLACEMENT_3D('',#10425,#8572,#8573);
#6866=AXIS2_PLACEMENT_3D('',#10428,#8576,#8577);
#6867=AXIS2_PLACEMENT_3D('',#10429,#8578,#8579);
#6868=AXIS2_PLACEMENT_3D('',#10430,#8580,#8581);
#6869=AXIS2_PLACEMENT_3D('',#10439,#8586,#8587);
#6870=AXIS2_PLACEMENT_3D('',#10445,#8591,#8592);
#6871=AXIS2_PLACEMENT_3D('',#10451,#8596,#8597);
#6872=AXIS2_PLACEMENT_3D('',#10454,#8600,#8601);
#6873=AXIS2_PLACEMENT_3D('',#10455,#8602,#8603);
#6874=AXIS2_PLACEMENT_3D('',#10456,#8604,#8605);
#6875=AXIS2_PLACEMENT_3D('',#10465,#8610,#8611);
#6876=AXIS2_PLACEMENT_3D('',#10471,#8615,#8616);
#6877=AXIS2_PLACEMENT_3D('',#10477,#8620,#8621);
#6878=AXIS2_PLACEMENT_3D('',#10480,#8624,#8625);
#6879=AXIS2_PLACEMENT_3D('',#10481,#8626,#8627);
#6880=AXIS2_PLACEMENT_3D('',#10482,#8628,#8629);
#6881=AXIS2_PLACEMENT_3D('',#10491,#8634,#8635);
#6882=AXIS2_PLACEMENT_3D('',#10497,#8639,#8640);
#6883=AXIS2_PLACEMENT_3D('',#10501,#8643,#8644);
#6884=AXIS2_PLACEMENT_3D('',#10509,#8649,#8650);
#6885=AXIS2_PLACEMENT_3D('',#10518,#8655,#8656);
#6886=AXIS2_PLACEMENT_3D('',#10521,#8659,#8660);
#6887=AXIS2_PLACEMENT_3D('',#10524,#8663,#8664);
#6888=AXIS2_PLACEMENT_3D('',#10525,#8665,#8666);
#6889=AXIS2_PLACEMENT_3D('',#10526,#8667,#8668);
#6890=AXIS2_PLACEMENT_3D('',#10535,#8673,#8674);
#6891=AXIS2_PLACEMENT_3D('',#10541,#8678,#8679);
#6892=AXIS2_PLACEMENT_3D('',#10547,#8683,#8684);
#6893=AXIS2_PLACEMENT_3D('',#10553,#8688,#8689);
#6894=AXIS2_PLACEMENT_3D('',#10559,#8693,#8694);
#6895=AXIS2_PLACEMENT_3D('',#10562,#8697,#8698);
#6896=AXIS2_PLACEMENT_3D('',#10563,#8699,#8700);
#6897=AXIS2_PLACEMENT_3D('',#10564,#8701,#8702);
#6898=DIRECTION('axis',(0.,0.,1.));
#6899=DIRECTION('refdir',(1.,0.,0.));
#6900=DIRECTION('axis',(0.,0.,1.));
#6901=DIRECTION('refdir',(1.,0.,0.));
#6902=DIRECTION('center_axis',(0.,0.,1.));
#6903=DIRECTION('ref_axis',(1.,0.,0.));
#6904=DIRECTION('',(-1.,0.,0.));
#6905=DIRECTION('',(0.,1.,0.));
#6906=DIRECTION('',(1.,0.,0.));
#6907=DIRECTION('',(0.,-1.,0.));
#6908=DIRECTION('center_axis',(0.,0.,1.));
#6909=DIRECTION('ref_axis',(1.,0.,0.));
#6910=DIRECTION('',(0.,-1.,0.));
#6911=DIRECTION('',(-1.,0.,0.));
#6912=DIRECTION('',(0.,-1.,0.));
#6913=DIRECTION('',(1.,0.,0.));
#6914=DIRECTION('center_axis',(0.,0.,1.));
#6915=DIRECTION('ref_axis',(1.,0.,0.));
#6916=DIRECTION('',(0.,-1.,0.));
#6917=DIRECTION('',(1.,0.,0.));
#6918=DIRECTION('',(0.,-1.,0.));
#6919=DIRECTION('',(-1.,0.,0.));
#6920=DIRECTION('center_axis',(0.,0.,1.));
#6921=DIRECTION('ref_axis',(1.,0.,0.));
#6922=DIRECTION('',(0.,-1.,0.));
#6923=DIRECTION('',(-1.,0.,0.));
#6924=DIRECTION('',(0.,-1.,0.));
#6925=DIRECTION('',(1.,0.,0.));
#6926=DIRECTION('center_axis',(0.,0.,1.));
#6927=DIRECTION('ref_axis',(1.,0.,0.));
#6928=DIRECTION('',(0.,-1.,0.));
#6929=DIRECTION('',(1.,0.,0.));
#6930=DIRECTION('',(0.,-1.,0.));
#6931=DIRECTION('',(-1.,0.,0.));
#6932=DIRECTION('center_axis',(-1.,0.,0.));
#6933=DIRECTION('ref_axis',(0.,0.,-1.));
#6934=DIRECTION('',(0.,0.,1.));
#6935=DIRECTION('',(0.,-1.,0.));
#6936=DIRECTION('',(0.,0.,1.));
#6937=DIRECTION('center_axis',(0.,1.,0.));
#6938=DIRECTION('ref_axis',(1.,0.,0.));
#6939=DIRECTION('center_axis',(0.,-1.,0.));
#6940=DIRECTION('ref_axis',(1.,0.,0.));
#6941=DIRECTION('',(0.,0.,1.));
#6942=DIRECTION('center_axis',(0.,-1.,0.));
#6943=DIRECTION('ref_axis',(0.,0.,1.));
#6944=DIRECTION('',(-1.,0.,0.));
#6945=DIRECTION('center_axis',(0.,-1.,0.));
#6946=DIRECTION('ref_axis',(-1.,0.,0.));
#6947=DIRECTION('',(0.,0.,-1.));
#6948=DIRECTION('center_axis',(0.,-1.,0.));
#6949=DIRECTION('ref_axis',(0.,0.,-1.));
#6950=DIRECTION('',(1.,0.,0.));
#6951=DIRECTION('',(0.,0.,-1.));
#6952=DIRECTION('center_axis',(0.,-1.,0.));
#6953=DIRECTION('ref_axis',(1.,0.,0.));
#6954=DIRECTION('',(0.,0.,1.));
#6955=DIRECTION('center_axis',(0.,-1.,0.));
#6956=DIRECTION('ref_axis',(0.,0.,1.));
#6957=DIRECTION('',(-1.,0.,0.));
#6958=DIRECTION('center_axis',(0.,-1.,0.));
#6959=DIRECTION('ref_axis',(-1.,0.,0.));
#6960=DIRECTION('',(0.,0.,-1.));
#6961=DIRECTION('center_axis',(0.,-1.,0.));
#6962=DIRECTION('ref_axis',(0.,0.,-1.));
#6963=DIRECTION('center_axis',(0.,-1.,0.));
#6964=DIRECTION('ref_axis',(1.,0.,0.));
#6965=DIRECTION('',(0.,0.,1.));
#6966=DIRECTION('center_axis',(0.,-1.,0.));
#6967=DIRECTION('ref_axis',(0.,0.,1.));
#6968=DIRECTION('',(-1.,0.,0.));
#6969=DIRECTION('center_axis',(0.,-1.,0.));
#6970=DIRECTION('ref_axis',(-1.,0.,0.));
#6971=DIRECTION('',(0.,0.,-1.));
#6972=DIRECTION('center_axis',(0.,-1.,0.));
#6973=DIRECTION('ref_axis',(0.,0.,-1.));
#6974=DIRECTION('center_axis',(0.,-1.,0.));
#6975=DIRECTION('ref_axis',(1.,0.,0.));
#6976=DIRECTION('',(0.,0.,1.));
#6977=DIRECTION('center_axis',(0.,-1.,0.));
#6978=DIRECTION('ref_axis',(0.,0.,1.));
#6979=DIRECTION('',(-1.,0.,0.));
#6980=DIRECTION('center_axis',(0.,-1.,0.));
#6981=DIRECTION('ref_axis',(-1.,0.,0.));
#6982=DIRECTION('',(0.,0.,-1.));
#6983=DIRECTION('center_axis',(0.,-1.,0.));
#6984=DIRECTION('ref_axis',(0.,0.,-1.));
#6985=DIRECTION('',(-1.,0.,0.));
#6986=DIRECTION('center_axis',(0.,-1.,0.));
#6987=DIRECTION('ref_axis',(-1.,0.,0.));
#6988=DIRECTION('',(0.,0.,-1.));
#6989=DIRECTION('center_axis',(0.,-1.,0.));
#6990=DIRECTION('ref_axis',(0.,0.,-1.));
#6991=DIRECTION('',(1.,0.,0.));
#6992=DIRECTION('center_axis',(0.,-1.,0.));
#6993=DIRECTION('ref_axis',(1.,0.,0.));
#6994=DIRECTION('',(0.,0.,1.));
#6995=DIRECTION('center_axis',(0.,-1.,0.));
#6996=DIRECTION('ref_axis',(0.,0.,1.));
#6997=DIRECTION('',(-1.,0.,0.));
#6998=DIRECTION('center_axis',(0.,-1.,0.));
#6999=DIRECTION('ref_axis',(-1.,0.,0.));
#7000=DIRECTION('',(0.,0.,-1.));
#7001=DIRECTION('center_axis',(0.,-1.,0.));
#7002=DIRECTION('ref_axis',(0.,0.,-1.));
#7003=DIRECTION('',(1.,0.,0.));
#7004=DIRECTION('center_axis',(0.,-1.,0.));
#7005=DIRECTION('ref_axis',(1.,0.,0.));
#7006=DIRECTION('',(0.,0.,1.));
#7007=DIRECTION('center_axis',(0.,-1.,0.));
#7008=DIRECTION('ref_axis',(0.,0.,1.));
#7009=DIRECTION('',(-1.,0.,0.));
#7010=DIRECTION('center_axis',(0.,-1.,0.));
#7011=DIRECTION('ref_axis',(-1.,0.,0.));
#7012=DIRECTION('',(0.,0.,-1.));
#7013=DIRECTION('center_axis',(0.,-1.,0.));
#7014=DIRECTION('ref_axis',(0.,0.,-1.));
#7015=DIRECTION('',(1.,0.,0.));
#7016=DIRECTION('center_axis',(0.,-1.,0.));
#7017=DIRECTION('ref_axis',(1.,0.,0.));
#7018=DIRECTION('',(0.,0.,1.));
#7019=DIRECTION('center_axis',(0.,-1.,0.));
#7020=DIRECTION('ref_axis',(0.,0.,1.));
#7021=DIRECTION('',(-1.,0.,0.));
#7022=DIRECTION('center_axis',(0.,-1.,0.));
#7023=DIRECTION('ref_axis',(-1.,0.,0.));
#7024=DIRECTION('',(0.,0.,-1.));
#7025=DIRECTION('center_axis',(0.,-1.,0.));
#7026=DIRECTION('ref_axis',(0.,0.,-1.));
#7027=DIRECTION('',(1.,0.,0.));
#7028=DIRECTION('center_axis',(0.,-1.,0.));
#7029=DIRECTION('ref_axis',(1.,0.,0.));
#7030=DIRECTION('',(0.,0.,1.));
#7031=DIRECTION('center_axis',(0.,-1.,0.));
#7032=DIRECTION('ref_axis',(0.,0.,1.));
#7033=DIRECTION('',(-1.,0.,0.));
#7034=DIRECTION('center_axis',(0.,-1.,0.));
#7035=DIRECTION('ref_axis',(-1.,0.,0.));
#7036=DIRECTION('',(0.,0.,-1.));
#7037=DIRECTION('center_axis',(0.,-1.,0.));
#7038=DIRECTION('ref_axis',(0.,0.,-1.));
#7039=DIRECTION('',(1.,0.,0.));
#7040=DIRECTION('center_axis',(0.,-1.,0.));
#7041=DIRECTION('ref_axis',(1.,0.,0.));
#7042=DIRECTION('',(0.,0.,1.));
#7043=DIRECTION('center_axis',(0.,-1.,0.));
#7044=DIRECTION('ref_axis',(0.,0.,1.));
#7045=DIRECTION('',(-1.,0.,0.));
#7046=DIRECTION('center_axis',(0.,-1.,0.));
#7047=DIRECTION('ref_axis',(-1.,0.,0.));
#7048=DIRECTION('',(0.,0.,-1.));
#7049=DIRECTION('center_axis',(0.,-1.,0.));
#7050=DIRECTION('ref_axis',(0.,0.,-1.));
#7051=DIRECTION('',(1.,0.,0.));
#7052=DIRECTION('center_axis',(0.,-1.,0.));
#7053=DIRECTION('ref_axis',(1.,0.,0.));
#7054=DIRECTION('',(0.,0.,1.));
#7055=DIRECTION('center_axis',(0.,-1.,0.));
#7056=DIRECTION('ref_axis',(0.,0.,1.));
#7057=DIRECTION('',(-1.,0.,0.));
#7058=DIRECTION('center_axis',(0.,-1.,0.));
#7059=DIRECTION('ref_axis',(-1.,0.,0.));
#7060=DIRECTION('',(0.,0.,-1.));
#7061=DIRECTION('center_axis',(0.,-1.,0.));
#7062=DIRECTION('ref_axis',(0.,0.,-1.));
#7063=DIRECTION('',(1.,0.,0.));
#7064=DIRECTION('center_axis',(0.,-1.,0.));
#7065=DIRECTION('ref_axis',(1.,0.,0.));
#7066=DIRECTION('',(0.,0.,1.));
#7067=DIRECTION('center_axis',(0.,-1.,0.));
#7068=DIRECTION('ref_axis',(0.,0.,1.));
#7069=DIRECTION('',(-1.,0.,0.));
#7070=DIRECTION('center_axis',(0.,-1.,0.));
#7071=DIRECTION('ref_axis',(-1.,0.,0.));
#7072=DIRECTION('',(0.,0.,-1.));
#7073=DIRECTION('center_axis',(0.,-1.,0.));
#7074=DIRECTION('ref_axis',(0.,0.,-1.));
#7075=DIRECTION('',(1.,0.,0.));
#7076=DIRECTION('center_axis',(0.,-1.,0.));
#7077=DIRECTION('ref_axis',(1.,0.,0.));
#7078=DIRECTION('',(0.,0.,1.));
#7079=DIRECTION('center_axis',(0.,-1.,0.));
#7080=DIRECTION('ref_axis',(0.,0.,1.));
#7081=DIRECTION('center_axis',(0.,1.,0.));
#7082=DIRECTION('ref_axis',(1.,0.,0.));
#7083=DIRECTION('center_axis',(0.,-1.,0.));
#7084=DIRECTION('ref_axis',(0.,0.,-1.));
#7085=DIRECTION('',(0.,0.,-1.));
#7086=DIRECTION('center_axis',(0.,-1.,0.));
#7087=DIRECTION('ref_axis',(-1.,0.,0.));
#7088=DIRECTION('',(-1.,0.,0.));
#7089=DIRECTION('center_axis',(0.,-1.,0.));
#7090=DIRECTION('ref_axis',(0.,0.,1.));
#7091=DIRECTION('',(0.,0.,1.));
#7092=DIRECTION('center_axis',(0.,-1.,0.));
#7093=DIRECTION('ref_axis',(1.,0.,0.));
#7094=DIRECTION('center_axis',(0.,-1.,0.));
#7095=DIRECTION('ref_axis',(0.,0.,-1.));
#7096=DIRECTION('',(0.,0.,-1.));
#7097=DIRECTION('center_axis',(0.,-1.,0.));
#7098=DIRECTION('ref_axis',(-1.,0.,0.));
#7099=DIRECTION('',(-1.,0.,0.));
#7100=DIRECTION('center_axis',(0.,-1.,0.));
#7101=DIRECTION('ref_axis',(0.,0.,1.));
#7102=DIRECTION('',(0.,0.,1.));
#7103=DIRECTION('center_axis',(0.,-1.,0.));
#7104=DIRECTION('ref_axis',(1.,0.,0.));
#7105=DIRECTION('center_axis',(0.,-1.,0.));
#7106=DIRECTION('ref_axis',(0.,0.,-1.));
#7107=DIRECTION('',(0.,0.,-1.));
#7108=DIRECTION('center_axis',(0.,-1.,0.));
#7109=DIRECTION('ref_axis',(-1.,0.,0.));
#7110=DIRECTION('',(-1.,0.,0.));
#7111=DIRECTION('center_axis',(0.,-1.,0.));
#7112=DIRECTION('ref_axis',(0.,0.,1.));
#7113=DIRECTION('',(0.,0.,1.));
#7114=DIRECTION('center_axis',(0.,-1.,0.));
#7115=DIRECTION('ref_axis',(1.,0.,0.));
#7116=DIRECTION('',(0.,0.,-1.));
#7117=DIRECTION('',(1.,0.,0.));
#7118=DIRECTION('center_axis',(0.,-1.,0.));
#7119=DIRECTION('ref_axis',(0.,0.,-1.));
#7120=DIRECTION('',(0.,0.,-1.));
#7121=DIRECTION('center_axis',(0.,-1.,0.));
#7122=DIRECTION('ref_axis',(-1.,0.,0.));
#7123=DIRECTION('',(-1.,0.,0.));
#7124=DIRECTION('center_axis',(0.,-1.,0.));
#7125=DIRECTION('ref_axis',(0.,0.,1.));
#7126=DIRECTION('',(0.,0.,1.));
#7127=DIRECTION('center_axis',(0.,-1.,0.));
#7128=DIRECTION('ref_axis',(1.,0.,0.));
#7129=DIRECTION('',(-1.,0.,0.));
#7130=DIRECTION('center_axis',(0.,-1.,0.));
#7131=DIRECTION('ref_axis',(0.,0.,1.));
#7132=DIRECTION('',(0.,0.,1.));
#7133=DIRECTION('center_axis',(0.,-1.,0.));
#7134=DIRECTION('ref_axis',(1.,0.,0.));
#7135=DIRECTION('',(1.,0.,0.));
#7136=DIRECTION('center_axis',(0.,-1.,0.));
#7137=DIRECTION('ref_axis',(0.,0.,-1.));
#7138=DIRECTION('',(0.,0.,-1.));
#7139=DIRECTION('center_axis',(0.,-1.,0.));
#7140=DIRECTION('ref_axis',(-1.,0.,0.));
#7141=DIRECTION('',(-1.,0.,0.));
#7142=DIRECTION('center_axis',(0.,-1.,0.));
#7143=DIRECTION('ref_axis',(0.,0.,1.));
#7144=DIRECTION('',(0.,0.,1.));
#7145=DIRECTION('center_axis',(0.,-1.,0.));
#7146=DIRECTION('ref_axis',(1.,0.,0.));
#7147=DIRECTION('',(1.,0.,0.));
#7148=DIRECTION('center_axis',(0.,-1.,0.));
#7149=DIRECTION('ref_axis',(0.,0.,-1.));
#7150=DIRECTION('',(0.,0.,-1.));
#7151=DIRECTION('center_axis',(0.,-1.,0.));
#7152=DIRECTION('ref_axis',(-1.,0.,0.));
#7153=DIRECTION('',(-1.,0.,0.));
#7154=DIRECTION('center_axis',(0.,-1.,0.));
#7155=DIRECTION('ref_axis',(0.,0.,1.));
#7156=DIRECTION('',(0.,0.,1.));
#7157=DIRECTION('center_axis',(0.,-1.,0.));
#7158=DIRECTION('ref_axis',(1.,0.,0.));
#7159=DIRECTION('',(1.,0.,0.));
#7160=DIRECTION('center_axis',(0.,-1.,0.));
#7161=DIRECTION('ref_axis',(0.,0.,-1.));
#7162=DIRECTION('',(0.,0.,-1.));
#7163=DIRECTION('center_axis',(0.,-1.,0.));
#7164=DIRECTION('ref_axis',(-1.,0.,0.));
#7165=DIRECTION('',(-1.,0.,0.));
#7166=DIRECTION('center_axis',(0.,-1.,0.));
#7167=DIRECTION('ref_axis',(0.,0.,1.));
#7168=DIRECTION('',(0.,0.,1.));
#7169=DIRECTION('center_axis',(0.,-1.,0.));
#7170=DIRECTION('ref_axis',(1.,0.,0.));
#7171=DIRECTION('',(1.,0.,0.));
#7172=DIRECTION('center_axis',(0.,-1.,0.));
#7173=DIRECTION('ref_axis',(0.,0.,-1.));
#7174=DIRECTION('',(0.,0.,-1.));
#7175=DIRECTION('center_axis',(0.,-1.,0.));
#7176=DIRECTION('ref_axis',(-1.,0.,0.));
#7177=DIRECTION('',(-1.,0.,0.));
#7178=DIRECTION('center_axis',(0.,-1.,0.));
#7179=DIRECTION('ref_axis',(0.,0.,1.));
#7180=DIRECTION('',(0.,0.,1.));
#7181=DIRECTION('center_axis',(0.,-1.,0.));
#7182=DIRECTION('ref_axis',(1.,0.,0.));
#7183=DIRECTION('',(1.,0.,0.));
#7184=DIRECTION('center_axis',(0.,-1.,0.));
#7185=DIRECTION('ref_axis',(0.,0.,-1.));
#7186=DIRECTION('',(0.,0.,-1.));
#7187=DIRECTION('center_axis',(0.,-1.,0.));
#7188=DIRECTION('ref_axis',(-1.,0.,0.));
#7189=DIRECTION('',(-1.,0.,0.));
#7190=DIRECTION('center_axis',(0.,-1.,0.));
#7191=DIRECTION('ref_axis',(0.,0.,1.));
#7192=DIRECTION('',(0.,0.,1.));
#7193=DIRECTION('center_axis',(0.,-1.,0.));
#7194=DIRECTION('ref_axis',(1.,0.,0.));
#7195=DIRECTION('',(1.,0.,0.));
#7196=DIRECTION('center_axis',(0.,-1.,0.));
#7197=DIRECTION('ref_axis',(0.,0.,-1.));
#7198=DIRECTION('',(0.,0.,-1.));
#7199=DIRECTION('center_axis',(0.,-1.,0.));
#7200=DIRECTION('ref_axis',(-1.,0.,0.));
#7201=DIRECTION('',(-1.,0.,0.));
#7202=DIRECTION('center_axis',(0.,-1.,0.));
#7203=DIRECTION('ref_axis',(0.,0.,1.));
#7204=DIRECTION('',(0.,0.,1.));
#7205=DIRECTION('center_axis',(0.,-1.,0.));
#7206=DIRECTION('ref_axis',(1.,0.,0.));
#7207=DIRECTION('',(1.,0.,0.));
#7208=DIRECTION('center_axis',(0.,-1.,0.));
#7209=DIRECTION('ref_axis',(0.,0.,-1.));
#7210=DIRECTION('',(0.,0.,-1.));
#7211=DIRECTION('center_axis',(0.,-1.,0.));
#7212=DIRECTION('ref_axis',(-1.,0.,0.));
#7213=DIRECTION('',(-1.,0.,0.));
#7214=DIRECTION('center_axis',(0.,-1.,0.));
#7215=DIRECTION('ref_axis',(0.,0.,1.));
#7216=DIRECTION('',(0.,0.,1.));
#7217=DIRECTION('center_axis',(0.,-1.,0.));
#7218=DIRECTION('ref_axis',(1.,0.,0.));
#7219=DIRECTION('',(1.,0.,0.));
#7220=DIRECTION('center_axis',(0.,-1.,0.));
#7221=DIRECTION('ref_axis',(0.,0.,-1.));
#7222=DIRECTION('',(0.,0.,-1.));
#7223=DIRECTION('center_axis',(0.,-1.,0.));
#7224=DIRECTION('ref_axis',(-1.,0.,0.));
#7225=DIRECTION('center_axis',(0.,-1.,0.));
#7226=DIRECTION('ref_axis',(1.,0.,0.));
#7227=DIRECTION('',(0.,-1.,0.));
#7228=DIRECTION('center_axis',(-1.,0.,0.));
#7229=DIRECTION('ref_axis',(0.,0.,-1.));
#7230=DIRECTION('',(0.,-1.,0.));
#7231=DIRECTION('center_axis',(0.,-1.,0.));
#7232=DIRECTION('ref_axis',(0.,0.,1.));
#7233=DIRECTION('',(0.,-1.,0.));
#7234=DIRECTION('center_axis',(0.,-1.,0.));
#7235=DIRECTION('ref_axis',(1.,0.,0.));
#7236=DIRECTION('',(0.,-1.,0.));
#7237=DIRECTION('center_axis',(-1.,0.,0.));
#7238=DIRECTION('ref_axis',(0.,0.,-1.));
#7239=DIRECTION('',(0.,-1.,0.));
#7240=DIRECTION('center_axis',(0.,-1.,0.));
#7241=DIRECTION('ref_axis',(0.,0.,1.));
#7242=DIRECTION('',(0.,-1.,0.));
#7243=DIRECTION('center_axis',(0.,0.,1.));
#7244=DIRECTION('ref_axis',(-1.,0.,0.));
#7245=DIRECTION('',(0.,-1.,0.));
#7246=DIRECTION('',(0.,-1.,0.));
#7247=DIRECTION('center_axis',(0.,-1.,0.));
#7248=DIRECTION('ref_axis',(1.,0.,0.));
#7249=DIRECTION('',(0.,-1.,0.));
#7250=DIRECTION('center_axis',(-1.,0.,0.));
#7251=DIRECTION('ref_axis',(0.,0.,-1.));
#7252=DIRECTION('',(0.,-1.,0.));
#7253=DIRECTION('center_axis',(0.,-1.,0.));
#7254=DIRECTION('ref_axis',(0.,0.,1.));
#7255=DIRECTION('',(0.,-1.,0.));
#7256=DIRECTION('center_axis',(0.,0.,1.));
#7257=DIRECTION('ref_axis',(-1.,0.,0.));
#7258=DIRECTION('',(0.,-1.,0.));
#7259=DIRECTION('',(0.,-1.,0.));
#7260=DIRECTION('center_axis',(0.,-1.,0.));
#7261=DIRECTION('ref_axis',(1.,0.,0.));
#7262=DIRECTION('',(0.,-1.,0.));
#7263=DIRECTION('center_axis',(-1.,0.,0.));
#7264=DIRECTION('ref_axis',(0.,0.,-1.));
#7265=DIRECTION('',(0.,-1.,0.));
#7266=DIRECTION('center_axis',(0.,-1.,0.));
#7267=DIRECTION('ref_axis',(0.,0.,1.));
#7268=DIRECTION('',(0.,-1.,0.));
#7269=DIRECTION('center_axis',(0.,-1.,0.));
#7270=DIRECTION('ref_axis',(1.,0.,0.));
#7271=DIRECTION('',(0.,-1.,0.));
#7272=DIRECTION('center_axis',(-1.,0.,0.));
#7273=DIRECTION('ref_axis',(0.,0.,-1.));
#7274=DIRECTION('',(0.,-1.,0.));
#7275=DIRECTION('center_axis',(0.,-1.,0.));
#7276=DIRECTION('ref_axis',(0.,0.,1.));
#7277=DIRECTION('',(0.,-1.,0.));
#7278=DIRECTION('center_axis',(0.,-1.,0.));
#7279=DIRECTION('ref_axis',(1.,0.,0.));
#7280=DIRECTION('',(0.,-1.,0.));
#7281=DIRECTION('center_axis',(-1.,0.,0.));
#7282=DIRECTION('ref_axis',(0.,0.,-1.));
#7283=DIRECTION('',(0.,-1.,0.));
#7284=DIRECTION('center_axis',(0.,-1.,0.));
#7285=DIRECTION('ref_axis',(0.,0.,1.));
#7286=DIRECTION('',(0.,-1.,0.));
#7287=DIRECTION('center_axis',(0.,0.,1.));
#7288=DIRECTION('ref_axis',(-1.,0.,0.));
#7289=DIRECTION('',(0.,-1.,0.));
#7290=DIRECTION('',(0.,-1.,0.));
#7291=DIRECTION('center_axis',(0.,-1.,0.));
#7292=DIRECTION('ref_axis',(1.,0.,0.));
#7293=DIRECTION('',(0.,-1.,0.));
#7294=DIRECTION('center_axis',(-1.,0.,0.));
#7295=DIRECTION('ref_axis',(0.,0.,-1.));
#7296=DIRECTION('',(0.,-1.,0.));
#7297=DIRECTION('center_axis',(0.,-1.,0.));
#7298=DIRECTION('ref_axis',(0.,0.,1.));
#7299=DIRECTION('',(0.,-1.,0.));
#7300=DIRECTION('center_axis',(0.,0.,1.));
#7301=DIRECTION('ref_axis',(-1.,0.,0.));
#7302=DIRECTION('',(0.,-1.,0.));
#7303=DIRECTION('',(0.,-1.,0.));
#7304=DIRECTION('center_axis',(0.,-1.,0.));
#7305=DIRECTION('ref_axis',(1.,0.,0.));
#7306=DIRECTION('',(0.,-1.,0.));
#7307=DIRECTION('center_axis',(-1.,0.,0.));
#7308=DIRECTION('ref_axis',(0.,0.,-1.));
#7309=DIRECTION('',(0.,-1.,0.));
#7310=DIRECTION('center_axis',(0.,-1.,0.));
#7311=DIRECTION('ref_axis',(0.,0.,1.));
#7312=DIRECTION('',(0.,-1.,0.));
#7313=DIRECTION('center_axis',(0.,0.,1.));
#7314=DIRECTION('ref_axis',(-1.,0.,0.));
#7315=DIRECTION('',(0.,-1.,0.));
#7316=DIRECTION('',(0.,-1.,0.));
#7317=DIRECTION('center_axis',(0.,-1.,0.));
#7318=DIRECTION('ref_axis',(1.,0.,0.));
#7319=DIRECTION('',(0.,-1.,0.));
#7320=DIRECTION('center_axis',(-1.,0.,0.));
#7321=DIRECTION('ref_axis',(0.,0.,-1.));
#7322=DIRECTION('',(0.,-1.,0.));
#7323=DIRECTION('center_axis',(0.,-1.,0.));
#7324=DIRECTION('ref_axis',(0.,0.,1.));
#7325=DIRECTION('',(0.,-1.,0.));
#7326=DIRECTION('center_axis',(0.,0.,1.));
#7327=DIRECTION('ref_axis',(-1.,0.,0.));
#7328=DIRECTION('',(0.,-1.,0.));
#7329=DIRECTION('',(0.,-1.,0.));
#7330=DIRECTION('center_axis',(0.,-1.,0.));
#7331=DIRECTION('ref_axis',(1.,0.,0.));
#7332=DIRECTION('',(0.,-1.,0.));
#7333=DIRECTION('center_axis',(-1.,0.,0.));
#7334=DIRECTION('ref_axis',(0.,0.,-1.));
#7335=DIRECTION('',(0.,-1.,0.));
#7336=DIRECTION('center_axis',(0.,-1.,0.));
#7337=DIRECTION('ref_axis',(0.,0.,1.));
#7338=DIRECTION('',(0.,-1.,0.));
#7339=DIRECTION('center_axis',(0.,0.,1.));
#7340=DIRECTION('ref_axis',(-1.,0.,0.));
#7341=DIRECTION('',(0.,-1.,0.));
#7342=DIRECTION('',(0.,-1.,0.));
#7343=DIRECTION('center_axis',(0.,-1.,0.));
#7344=DIRECTION('ref_axis',(1.,0.,0.));
#7345=DIRECTION('',(0.,-1.,0.));
#7346=DIRECTION('center_axis',(-1.,0.,0.));
#7347=DIRECTION('ref_axis',(0.,0.,-1.));
#7348=DIRECTION('',(0.,-1.,0.));
#7349=DIRECTION('center_axis',(0.,-1.,0.));
#7350=DIRECTION('ref_axis',(0.,0.,1.));
#7351=DIRECTION('',(0.,-1.,0.));
#7352=DIRECTION('center_axis',(0.,0.,1.));
#7353=DIRECTION('ref_axis',(-1.,0.,0.));
#7354=DIRECTION('',(0.,-1.,0.));
#7355=DIRECTION('',(0.,-1.,0.));
#7356=DIRECTION('center_axis',(0.,-1.,0.));
#7357=DIRECTION('ref_axis',(1.,0.,0.));
#7358=DIRECTION('',(0.,-1.,0.));
#7359=DIRECTION('center_axis',(-1.,0.,0.));
#7360=DIRECTION('ref_axis',(0.,0.,-1.));
#7361=DIRECTION('',(0.,-1.,0.));
#7362=DIRECTION('center_axis',(0.,-1.,0.));
#7363=DIRECTION('ref_axis',(0.,0.,1.));
#7364=DIRECTION('',(0.,-1.,0.));
#7365=DIRECTION('center_axis',(1.,0.,0.));
#7366=DIRECTION('ref_axis',(0.,0.,1.));
#7367=DIRECTION('',(0.,-1.,0.));
#7368=DIRECTION('center_axis',(0.,-1.,0.));
#7369=DIRECTION('ref_axis',(0.,0.,-1.));
#7370=DIRECTION('',(0.,-1.,0.));
#7371=DIRECTION('center_axis',(1.,0.,0.));
#7372=DIRECTION('ref_axis',(0.,0.,1.));
#7373=DIRECTION('',(0.,-1.,0.));
#7374=DIRECTION('center_axis',(0.,-1.,0.));
#7375=DIRECTION('ref_axis',(-1.,0.,0.));
#7376=DIRECTION('',(0.,-1.,0.));
#7377=DIRECTION('center_axis',(0.,0.,-1.));
#7378=DIRECTION('ref_axis',(1.,0.,0.));
#7379=DIRECTION('center_axis',(0.,-1.,0.));
#7380=DIRECTION('ref_axis',(0.,0.,-1.));
#7381=DIRECTION('',(0.,-1.,0.));
#7382=DIRECTION('center_axis',(1.,0.,0.));
#7383=DIRECTION('ref_axis',(0.,0.,1.));
#7384=DIRECTION('',(0.,-1.,0.));
#7385=DIRECTION('center_axis',(0.,-1.,0.));
#7386=DIRECTION('ref_axis',(-1.,0.,0.));
#7387=DIRECTION('',(0.,-1.,0.));
#7388=DIRECTION('center_axis',(0.,0.,-1.));
#7389=DIRECTION('ref_axis',(1.,0.,0.));
#7390=DIRECTION('center_axis',(0.,-1.,0.));
#7391=DIRECTION('ref_axis',(0.,0.,-1.));
#7392=DIRECTION('',(0.,-1.,0.));
#7393=DIRECTION('center_axis',(1.,0.,0.));
#7394=DIRECTION('ref_axis',(0.,0.,1.));
#7395=DIRECTION('',(0.,-1.,0.));
#7396=DIRECTION('center_axis',(0.,-1.,0.));
#7397=DIRECTION('ref_axis',(-1.,0.,0.));
#7398=DIRECTION('',(0.,-1.,0.));
#7399=DIRECTION('center_axis',(0.,0.,-1.));
#7400=DIRECTION('ref_axis',(1.,0.,0.));
#7401=DIRECTION('center_axis',(0.,-1.,0.));
#7402=DIRECTION('ref_axis',(0.,0.,-1.));
#7403=DIRECTION('',(0.,-1.,0.));
#7404=DIRECTION('center_axis',(1.,0.,0.));
#7405=DIRECTION('ref_axis',(0.,0.,1.));
#7406=DIRECTION('',(0.,-1.,0.));
#7407=DIRECTION('center_axis',(0.,-1.,0.));
#7408=DIRECTION('ref_axis',(-1.,0.,0.));
#7409=DIRECTION('',(0.,-1.,0.));
#7410=DIRECTION('center_axis',(0.,0.,-1.));
#7411=DIRECTION('ref_axis',(1.,0.,0.));
#7412=DIRECTION('center_axis',(0.,-1.,0.));
#7413=DIRECTION('ref_axis',(0.,0.,-1.));
#7414=DIRECTION('',(0.,-1.,0.));
#7415=DIRECTION('center_axis',(1.,0.,0.));
#7416=DIRECTION('ref_axis',(0.,0.,1.));
#7417=DIRECTION('',(0.,-1.,0.));
#7418=DIRECTION('center_axis',(0.,-1.,0.));
#7419=DIRECTION('ref_axis',(-1.,0.,0.));
#7420=DIRECTION('',(0.,-1.,0.));
#7421=DIRECTION('center_axis',(0.,0.,-1.));
#7422=DIRECTION('ref_axis',(1.,0.,0.));
#7423=DIRECTION('center_axis',(0.,-1.,0.));
#7424=DIRECTION('ref_axis',(0.,0.,-1.));
#7425=DIRECTION('',(0.,-1.,0.));
#7426=DIRECTION('center_axis',(1.,0.,0.));
#7427=DIRECTION('ref_axis',(0.,0.,1.));
#7428=DIRECTION('',(0.,-1.,0.));
#7429=DIRECTION('center_axis',(0.,-1.,0.));
#7430=DIRECTION('ref_axis',(-1.,0.,0.));
#7431=DIRECTION('',(0.,-1.,0.));
#7432=DIRECTION('center_axis',(0.,0.,-1.));
#7433=DIRECTION('ref_axis',(1.,0.,0.));
#7434=DIRECTION('center_axis',(0.,-1.,0.));
#7435=DIRECTION('ref_axis',(0.,0.,-1.));
#7436=DIRECTION('',(0.,-1.,0.));
#7437=DIRECTION('center_axis',(1.,0.,0.));
#7438=DIRECTION('ref_axis',(0.,0.,1.));
#7439=DIRECTION('',(0.,-1.,0.));
#7440=DIRECTION('center_axis',(0.,-1.,0.));
#7441=DIRECTION('ref_axis',(-1.,0.,0.));
#7442=DIRECTION('',(0.,-1.,0.));
#7443=DIRECTION('center_axis',(0.,0.,-1.));
#7444=DIRECTION('ref_axis',(1.,0.,0.));
#7445=DIRECTION('center_axis',(0.,-1.,0.));
#7446=DIRECTION('ref_axis',(0.,0.,-1.));
#7447=DIRECTION('',(0.,-1.,0.));
#7448=DIRECTION('center_axis',(1.,0.,0.));
#7449=DIRECTION('ref_axis',(0.,0.,1.));
#7450=DIRECTION('',(0.,-1.,0.));
#7451=DIRECTION('center_axis',(0.,-1.,0.));
#7452=DIRECTION('ref_axis',(-1.,0.,0.));
#7453=DIRECTION('',(0.,-1.,0.));
#7454=DIRECTION('center_axis',(0.,0.,-1.));
#7455=DIRECTION('ref_axis',(1.,0.,0.));
#7456=DIRECTION('center_axis',(0.,-1.,0.));
#7457=DIRECTION('ref_axis',(0.,0.,-1.));
#7458=DIRECTION('',(0.,-1.,0.));
#7459=DIRECTION('center_axis',(1.,0.,0.));
#7460=DIRECTION('ref_axis',(0.,0.,1.));
#7461=DIRECTION('',(0.,-1.,0.));
#7462=DIRECTION('center_axis',(0.,-1.,0.));
#7463=DIRECTION('ref_axis',(-1.,0.,0.));
#7464=DIRECTION('',(0.,-1.,0.));
#7465=DIRECTION('center_axis',(0.,0.,-1.));
#7466=DIRECTION('ref_axis',(1.,0.,0.));
#7467=DIRECTION('center_axis',(0.,-1.,0.));
#7468=DIRECTION('ref_axis',(0.,0.,-1.));
#7469=DIRECTION('',(0.,-1.,0.));
#7470=DIRECTION('center_axis',(1.,0.,0.));
#7471=DIRECTION('ref_axis',(0.,0.,1.));
#7472=DIRECTION('',(0.,-1.,0.));
#7473=DIRECTION('center_axis',(0.,-1.,0.));
#7474=DIRECTION('ref_axis',(-1.,0.,0.));
#7475=DIRECTION('',(0.,-1.,0.));
#7476=DIRECTION('center_axis',(0.,0.,-1.));
#7477=DIRECTION('ref_axis',(1.,0.,0.));
#7478=DIRECTION('center_axis',(0.,-1.,0.));
#7479=DIRECTION('ref_axis',(0.,0.,-1.));
#7480=DIRECTION('',(0.,-1.,0.));
#7481=DIRECTION('center_axis',(1.,0.,0.));
#7482=DIRECTION('ref_axis',(0.,0.,1.));
#7483=DIRECTION('',(0.,-1.,0.));
#7484=DIRECTION('center_axis',(0.,-1.,0.));
#7485=DIRECTION('ref_axis',(-1.,0.,0.));
#7486=DIRECTION('',(0.,-1.,0.));
#7487=DIRECTION('center_axis',(0.,0.,-1.));
#7488=DIRECTION('ref_axis',(1.,0.,0.));
#7489=DIRECTION('center_axis',(0.,-1.,0.));
#7490=DIRECTION('ref_axis',(0.,0.,-1.));
#7491=DIRECTION('',(0.,-1.,0.));
#7492=DIRECTION('center_axis',(1.,0.,0.));
#7493=DIRECTION('ref_axis',(0.,0.,1.));
#7494=DIRECTION('',(0.,-1.,0.));
#7495=DIRECTION('center_axis',(0.,-1.,0.));
#7496=DIRECTION('ref_axis',(-1.,0.,0.));
#7497=DIRECTION('',(0.,-1.,0.));
#7498=DIRECTION('center_axis',(0.,0.,-1.));
#7499=DIRECTION('ref_axis',(1.,0.,0.));
#7500=DIRECTION('center_axis',(0.,0.,1.));
#7501=DIRECTION('ref_axis',(-1.,0.,0.));
#7502=DIRECTION('center_axis',(0.,-1.33226762955019E-14,1.));
#7503=DIRECTION('ref_axis',(-0.707106781186548,-0.707106781186547,-9.42055475210265E-15));
#7504=DIRECTION('center_axis',(0.,0.,-1.));
#7505=DIRECTION('ref_axis',(-0.707106781186548,-0.707106781186547,-9.42055475210265E-15));
#7506=DIRECTION('',(0.,-1.33226762955019E-14,1.));
#7507=DIRECTION('center_axis',(0.,0.,1.));
#7508=DIRECTION('ref_axis',(-0.707106781186548,-0.707106781186547,-9.42055475210265E-15));
#7509=DIRECTION('',(0.,1.33226762955019E-14,-1.));
#7510=DIRECTION('center_axis',(-1.,0.,0.));
#7511=DIRECTION('ref_axis',(0.,0.,1.));
#7512=DIRECTION('',(0.,-1.,0.));
#7513=DIRECTION('',(0.,0.,-1.));
#7514=DIRECTION('',(0.,-1.,0.));
#7515=DIRECTION('center_axis',(0.,1.33226762955019E-14,-1.));
#7516=DIRECTION('ref_axis',(0.707106781186548,-0.707106781186547,-9.42055475210265E-15));
#7517=DIRECTION('center_axis',(0.,0.,1.));
#7518=DIRECTION('ref_axis',(0.707106781186548,-0.707106781186547,-9.42055475210265E-15));
#7519=DIRECTION('',(0.,1.33226762955019E-14,-1.));
#7520=DIRECTION('center_axis',(0.,0.,-1.));
#7521=DIRECTION('ref_axis',(0.707106781186548,-0.707106781186547,-9.42055475210265E-15));
#7522=DIRECTION('',(0.,-1.33226762955019E-14,1.));
#7523=DIRECTION('center_axis',(1.,0.,0.));
#7524=DIRECTION('ref_axis',(0.,0.,-1.));
#7525=DIRECTION('',(0.,-1.,0.));
#7526=DIRECTION('',(0.,0.,1.));
#7527=DIRECTION('',(0.,1.,0.));
#7528=DIRECTION('center_axis',(0.,0.,1.));
#7529=DIRECTION('ref_axis',(1.,0.,0.));
#7530=DIRECTION('',(-1.,0.,0.));
#7531=DIRECTION('',(0.,1.,0.));
#7532=DIRECTION('',(-1.,0.,0.));
#7533=DIRECTION('',(0.,1.,0.));
#7534=DIRECTION('',(-1.,0.,0.));
#7535=DIRECTION('center_axis',(0.,0.,1.));
#7536=DIRECTION('ref_axis',(-0.707106781186548,0.707106781186547,0.));
#7537=DIRECTION('',(1.,0.,0.));
#7538=DIRECTION('center_axis',(0.,0.,1.));
#7539=DIRECTION('ref_axis',(0.707106781186548,0.707106781186547,0.));
#7540=DIRECTION('center_axis',(0.,-1.,-1.33226762955019E-14));
#7541=DIRECTION('ref_axis',(0.,1.33226762955019E-14,-1.));
#7542=DIRECTION('',(1.,0.,0.));
#7543=DIRECTION('center_axis',(0.,1.,0.));
#7544=DIRECTION('ref_axis',(-1.,0.,2.22044604925032E-15));
#7545=DIRECTION('center_axis',(0.,-1.,0.));
#7546=DIRECTION('ref_axis',(-1.,0.,2.22044604925032E-15));
#7547=DIRECTION('',(0.,1.,0.));
#7548=DIRECTION('center_axis',(0.,1.,0.));
#7549=DIRECTION('ref_axis',(-1.,0.,2.22044604925032E-15));
#7550=DIRECTION('',(0.,1.,0.));
#7551=DIRECTION('center_axis',(-1.,0.,-2.93133761939662E-63));
#7552=DIRECTION('ref_axis',(-2.93133761939662E-63,-2.77555756156289E-16,
1.));
#7553=DIRECTION('',(2.93133761939662E-63,0.,-1.));
#7554=DIRECTION('',(-2.93133761939662E-63,0.,1.));
#7555=DIRECTION('',(0.,1.,0.));
#7556=DIRECTION('center_axis',(0.,1.,0.));
#7557=DIRECTION('ref_axis',(3.03858167864286E-63,0.,-1.));
#7558=DIRECTION('center_axis',(0.,-1.,0.));
#7559=DIRECTION('ref_axis',(3.03858167864286E-63,0.,-1.));
#7560=DIRECTION('center_axis',(0.,1.,0.));
#7561=DIRECTION('ref_axis',(3.03858167864286E-63,0.,-1.));
#7562=DIRECTION('',(0.,1.,0.));
#7563=DIRECTION('center_axis',(-1.7105694144591E-48,0.,-1.));
#7564=DIRECTION('ref_axis',(-1.,6.16297582203953E-33,1.7105694144591E-48));
#7565=DIRECTION('',(1.,0.,-1.7105694144591E-48));
#7566=DIRECTION('',(-1.,0.,1.7105694144591E-48));
#7567=DIRECTION('',(0.,-1.,0.));
#7568=DIRECTION('center_axis',(0.,1.,0.));
#7569=DIRECTION('ref_axis',(1.,0.,-2.22044604925032E-15));
#7570=DIRECTION('center_axis',(0.,-1.,0.));
#7571=DIRECTION('ref_axis',(1.,0.,-2.22044604925032E-15));
#7572=DIRECTION('center_axis',(0.,1.,0.));
#7573=DIRECTION('ref_axis',(1.,0.,-2.22044604925032E-15));
#7574=DIRECTION('',(0.,1.,0.));
#7575=DIRECTION('center_axis',(1.,0.,2.93133761939662E-63));
#7576=DIRECTION('ref_axis',(2.93133761939662E-63,2.77555756156289E-16,-1.));
#7577=DIRECTION('',(-2.93133761939662E-63,0.,1.));
#7578=DIRECTION('',(2.93133761939662E-63,0.,-1.));
#7579=DIRECTION('',(0.,1.,0.));
#7580=DIRECTION('center_axis',(0.,1.,0.));
#7581=DIRECTION('ref_axis',(-3.64629801437152E-63,0.,1.));
#7582=DIRECTION('center_axis',(0.,-1.,0.));
#7583=DIRECTION('ref_axis',(-3.64629801437152E-63,0.,1.));
#7584=DIRECTION('center_axis',(0.,1.,0.));
#7585=DIRECTION('ref_axis',(-3.64629801437152E-63,0.,1.));
#7586=DIRECTION('',(0.,1.,0.));
#7587=DIRECTION('center_axis',(2.85094902409844E-48,0.,1.));
#7588=DIRECTION('ref_axis',(1.,-1.02716263700656E-32,-2.85094902409844E-48));
#7589=DIRECTION('',(-1.,0.,2.85094902409844E-48));
#7590=DIRECTION('',(1.,0.,-2.85094902409844E-48));
#7591=DIRECTION('center_axis',(-6.96490447408715E-16,0.,1.));
#7592=DIRECTION('ref_axis',(1.,0.,6.96490447408715E-16));
#7593=DIRECTION('',(0.,-1.,0.));
#7594=DIRECTION('',(1.,0.,6.96490447408715E-16));
#7595=DIRECTION('',(0.,1.,0.));
#7596=DIRECTION('',(-1.,0.,-6.96490447408715E-16));
#7597=DIRECTION('',(0.,-1.,0.));
#7598=DIRECTION('',(-1.,0.,-1.22464679914735E-16));
#7599=DIRECTION('',(0.,-1.,0.));
#7600=DIRECTION('',(-1.,0.,-6.96490447408715E-16));
#7601=DIRECTION('center_axis',(-1.,0.,0.));
#7602=DIRECTION('ref_axis',(0.,0.,1.));
#7603=DIRECTION('',(0.,0.,-1.));
#7604=DIRECTION('',(0.,0.,1.));
#7605=DIRECTION('',(0.,1.,0.));
#7606=DIRECTION('center_axis',(1.61337600764441E-16,0.,-1.));
#7607=DIRECTION('ref_axis',(-1.,0.,-1.61337600764441E-16));
#7608=DIRECTION('',(0.,1.,0.));
#7609=DIRECTION('',(1.,0.,1.61337600764441E-16));
#7610=DIRECTION('',(-1.,0.,-1.61337600764441E-16));
#7611=DIRECTION('center_axis',(-1.,0.,0.));
#7612=DIRECTION('ref_axis',(0.,0.,1.));
#7613=DIRECTION('',(0.,0.,-1.));
#7614=DIRECTION('',(0.,0.,-1.));
#7615=DIRECTION('',(0.,0.,-1.));
#7616=DIRECTION('',(0.,1.,0.));
#7617=DIRECTION('',(0.,0.,-1.));
#7618=DIRECTION('',(0.,1.,0.));
#7619=DIRECTION('',(0.,0.,-1.));
#7620=DIRECTION('center_axis',(1.22464679914735E-16,0.,-1.));
#7621=DIRECTION('ref_axis',(-1.,0.,-1.22464679914735E-16));
#7622=DIRECTION('',(0.,1.,0.));
#7623=DIRECTION('',(-1.,0.,-1.22464679914735E-16));
#7624=DIRECTION('',(0.,-1.,0.));
#7625=DIRECTION('',(1.,0.,1.22464679914735E-16));
#7626=DIRECTION('center_axis',(1.22464679914735E-16,0.,-1.));
#7627=DIRECTION('ref_axis',(-1.,0.,-1.22464679914735E-16));
#7628=DIRECTION('',(0.,-1.,0.));
#7629=DIRECTION('',(1.,0.,1.22464679914735E-16));
#7630=DIRECTION('',(0.,-1.,0.));
#7631=DIRECTION('',(-1.,0.,-1.22464679914735E-16));
#7632=DIRECTION('center_axis',(1.22464679914735E-16,0.,-1.));
#7633=DIRECTION('ref_axis',(-1.,0.,-1.22464679914735E-16));
#7634=DIRECTION('',(0.,-1.,0.));
#7635=DIRECTION('',(-1.,0.,-1.22464679914735E-16));
#7636=DIRECTION('',(0.,-1.,0.));
#7637=DIRECTION('',(1.,0.,1.22464679914735E-16));
#7638=DIRECTION('center_axis',(1.22464679914735E-16,0.,-1.));
#7639=DIRECTION('ref_axis',(-1.,0.,-1.22464679914735E-16));
#7640=DIRECTION('',(0.,-1.,0.));
#7641=DIRECTION('',(1.,0.,1.22464679914735E-16));
#7642=DIRECTION('',(0.,-1.,0.));
#7643=DIRECTION('',(-1.,0.,-1.22464679914735E-16));
#7644=DIRECTION('center_axis',(1.22464679914735E-16,0.,-1.));
#7645=DIRECTION('ref_axis',(-1.,0.,-1.22464679914735E-16));
#7646=DIRECTION('',(0.,-1.,0.));
#7647=DIRECTION('',(-1.,0.,-1.22464679914735E-16));
#7648=DIRECTION('',(0.,-1.,0.));
#7649=DIRECTION('',(1.,0.,1.22464679914735E-16));
#7650=DIRECTION('center_axis',(1.,0.,1.22464679914735E-16));
#7651=DIRECTION('ref_axis',(-1.22464679914735E-16,0.,1.));
#7652=DIRECTION('',(1.22464679914735E-16,0.,-1.));
#7653=DIRECTION('',(1.22464679914735E-16,0.,-1.));
#7654=DIRECTION('center_axis',(0.,1.,0.));
#7655=DIRECTION('ref_axis',(-1.,0.,-1.22464679914735E-16));
#7656=DIRECTION('',(0.,0.,-1.));
#7657=DIRECTION('center_axis',(0.,-1.,0.));
#7658=DIRECTION('ref_axis',(-1.,0.,-1.22464679914735E-16));
#7659=DIRECTION('',(1.22464679914735E-16,0.,-1.));
#7660=DIRECTION('center_axis',(0.,-1.,0.));
#7661=DIRECTION('ref_axis',(1.22464679914735E-16,0.,-1.));
#7662=DIRECTION('',(1.,0.,1.22464679914735E-16));
#7663=DIRECTION('center_axis',(0.,-1.,0.));
#7664=DIRECTION('ref_axis',(1.,0.,1.22464679914735E-16));
#7665=DIRECTION('',(-1.22464679914735E-16,0.,1.));
#7666=DIRECTION('center_axis',(0.,-1.,0.));
#7667=DIRECTION('ref_axis',(-1.22464679914735E-16,0.,1.));
#7668=DIRECTION('center_axis',(0.,-1.,0.));
#7669=DIRECTION('ref_axis',(-1.,0.,-1.22464679914735E-16));
#7670=DIRECTION('',(1.22464679914735E-16,0.,-1.));
#7671=DIRECTION('center_axis',(0.,-1.,0.));
#7672=DIRECTION('ref_axis',(1.22464679914735E-16,0.,-1.));
#7673=DIRECTION('',(1.,0.,1.22464679914735E-16));
#7674=DIRECTION('center_axis',(0.,-1.,0.));
#7675=DIRECTION('ref_axis',(1.,0.,1.22464679914735E-16));
#7676=DIRECTION('',(-1.22464679914735E-16,0.,1.));
#7677=DIRECTION('center_axis',(0.,-1.,0.));
#7678=DIRECTION('ref_axis',(-1.22464679914735E-16,0.,1.));
#7679=DIRECTION('center_axis',(0.,-1.,0.));
#7680=DIRECTION('ref_axis',(-1.,0.,-1.22464679914735E-16));
#7681=DIRECTION('',(1.22464679914735E-16,0.,-1.));
#7682=DIRECTION('center_axis',(0.,-1.,0.));
#7683=DIRECTION('ref_axis',(1.22464679914735E-16,0.,-1.));
#7684=DIRECTION('',(1.,0.,1.22464679914735E-16));
#7685=DIRECTION('center_axis',(0.,-1.,0.));
#7686=DIRECTION('ref_axis',(1.,0.,1.22464679914735E-16));
#7687=DIRECTION('',(-1.22464679914735E-16,0.,1.));
#7688=DIRECTION('center_axis',(0.,-1.,0.));
#7689=DIRECTION('ref_axis',(-1.22464679914735E-16,0.,1.));
#7690=DIRECTION('center_axis',(0.,-1.,0.));
#7691=DIRECTION('ref_axis',(-1.,0.,-1.22464679914735E-16));
#7692=DIRECTION('',(1.22464679914735E-16,0.,-1.));
#7693=DIRECTION('center_axis',(0.,-1.,0.));
#7694=DIRECTION('ref_axis',(1.22464679914735E-16,0.,-1.));
#7695=DIRECTION('',(1.,0.,1.22464679914735E-16));
#7696=DIRECTION('center_axis',(0.,-1.,0.));
#7697=DIRECTION('ref_axis',(1.,0.,1.22464679914735E-16));
#7698=DIRECTION('',(-1.22464679914735E-16,0.,1.));
#7699=DIRECTION('center_axis',(0.,-1.,0.));
#7700=DIRECTION('ref_axis',(-1.22464679914735E-16,0.,1.));
#7701=DIRECTION('',(-1.22464679914735E-16,0.,1.));
#7702=DIRECTION('',(-1.,0.,0.));
#7703=DIRECTION('',(1.,0.,1.22464679914735E-16));
#7704=DIRECTION('center_axis',(0.,-1.,0.));
#7705=DIRECTION('ref_axis',(1.,0.,1.22464679914735E-16));
#7706=DIRECTION('',(-1.22464679914735E-16,0.,1.));
#7707=DIRECTION('center_axis',(0.,-1.,0.));
#7708=DIRECTION('ref_axis',(-1.22464679914735E-16,0.,1.));
#7709=DIRECTION('',(-1.,0.,-1.22464679914735E-16));
#7710=DIRECTION('center_axis',(0.,-1.,0.));
#7711=DIRECTION('ref_axis',(-1.,0.,-1.22464679914735E-16));
#7712=DIRECTION('',(1.22464679914735E-16,0.,-1.));
#7713=DIRECTION('center_axis',(0.,-1.,0.));
#7714=DIRECTION('ref_axis',(1.22464679914735E-16,0.,-1.));
#7715=DIRECTION('',(1.,0.,1.22464679914735E-16));
#7716=DIRECTION('center_axis',(0.,-1.,0.));
#7717=DIRECTION('ref_axis',(1.,0.,1.22464679914735E-16));
#7718=DIRECTION('',(-1.22464679914735E-16,0.,1.));
#7719=DIRECTION('center_axis',(0.,-1.,0.));
#7720=DIRECTION('ref_axis',(-1.22464679914735E-16,0.,1.));
#7721=DIRECTION('',(-1.,0.,-1.22464679914735E-16));
#7722=DIRECTION('center_axis',(0.,-1.,0.));
#7723=DIRECTION('ref_axis',(-1.,0.,-1.22464679914735E-16));
#7724=DIRECTION('',(1.22464679914735E-16,0.,-1.));
#7725=DIRECTION('center_axis',(0.,-1.,0.));
#7726=DIRECTION('ref_axis',(1.22464679914735E-16,0.,-1.));
#7727=DIRECTION('',(1.,0.,1.22464679914735E-16));
#7728=DIRECTION('center_axis',(0.,-1.,0.));
#7729=DIRECTION('ref_axis',(1.,0.,1.22464679914735E-16));
#7730=DIRECTION('',(-1.22464679914735E-16,0.,1.));
#7731=DIRECTION('center_axis',(0.,-1.,0.));
#7732=DIRECTION('ref_axis',(-1.22464679914735E-16,0.,1.));
#7733=DIRECTION('',(-1.,0.,-1.22464679914735E-16));
#7734=DIRECTION('center_axis',(0.,-1.,0.));
#7735=DIRECTION('ref_axis',(-1.,0.,-1.22464679914735E-16));
#7736=DIRECTION('',(1.22464679914735E-16,0.,-1.));
#7737=DIRECTION('center_axis',(0.,-1.,0.));
#7738=DIRECTION('ref_axis',(1.22464679914735E-16,0.,-1.));
#7739=DIRECTION('',(1.,0.,1.22464679914735E-16));
#7740=DIRECTION('center_axis',(0.,-1.,0.));
#7741=DIRECTION('ref_axis',(1.,0.,1.22464679914735E-16));
#7742=DIRECTION('',(-1.22464679914735E-16,0.,1.));
#7743=DIRECTION('center_axis',(0.,-1.,0.));
#7744=DIRECTION('ref_axis',(-1.22464679914735E-16,0.,1.));
#7745=DIRECTION('',(-1.,0.,-1.22464679914735E-16));
#7746=DIRECTION('center_axis',(0.,-1.,0.));
#7747=DIRECTION('ref_axis',(-1.,0.,-1.22464679914735E-16));
#7748=DIRECTION('',(1.22464679914735E-16,0.,-1.));
#7749=DIRECTION('center_axis',(0.,-1.,0.));
#7750=DIRECTION('ref_axis',(1.22464679914735E-16,0.,-1.));
#7751=DIRECTION('',(1.,0.,1.22464679914735E-16));
#7752=DIRECTION('center_axis',(0.,-1.,0.));
#7753=DIRECTION('ref_axis',(1.,0.,1.22464679914735E-16));
#7754=DIRECTION('',(-1.22464679914735E-16,0.,1.));
#7755=DIRECTION('center_axis',(0.,-1.,0.));
#7756=DIRECTION('ref_axis',(-1.22464679914735E-16,0.,1.));
#7757=DIRECTION('',(-1.,0.,-1.22464679914735E-16));
#7758=DIRECTION('center_axis',(0.,-1.,0.));
#7759=DIRECTION('ref_axis',(-1.,0.,-1.22464679914735E-16));
#7760=DIRECTION('',(1.22464679914735E-16,0.,-1.));
#7761=DIRECTION('center_axis',(0.,-1.,0.));
#7762=DIRECTION('ref_axis',(1.22464679914735E-16,0.,-1.));
#7763=DIRECTION('',(1.,0.,1.22464679914735E-16));
#7764=DIRECTION('center_axis',(0.,-1.,0.));
#7765=DIRECTION('ref_axis',(1.,0.,1.22464679914735E-16));
#7766=DIRECTION('',(-1.22464679914735E-16,0.,1.));
#7767=DIRECTION('center_axis',(0.,-1.,0.));
#7768=DIRECTION('ref_axis',(-1.22464679914735E-16,0.,1.));
#7769=DIRECTION('',(-1.,0.,-1.22464679914735E-16));
#7770=DIRECTION('center_axis',(0.,-1.,0.));
#7771=DIRECTION('ref_axis',(-1.,0.,-1.22464679914735E-16));
#7772=DIRECTION('',(1.22464679914735E-16,0.,-1.));
#7773=DIRECTION('center_axis',(0.,-1.,0.));
#7774=DIRECTION('ref_axis',(1.22464679914735E-16,0.,-1.));
#7775=DIRECTION('',(1.,0.,1.22464679914735E-16));
#7776=DIRECTION('center_axis',(0.,-1.,0.));
#7777=DIRECTION('ref_axis',(1.,0.,1.22464679914735E-16));
#7778=DIRECTION('',(-1.22464679914735E-16,0.,1.));
#7779=DIRECTION('center_axis',(0.,-1.,0.));
#7780=DIRECTION('ref_axis',(-1.22464679914735E-16,0.,1.));
#7781=DIRECTION('',(-1.,0.,-1.22464679914735E-16));
#7782=DIRECTION('center_axis',(0.,-1.,0.));
#7783=DIRECTION('ref_axis',(-1.,0.,-1.22464679914735E-16));
#7784=DIRECTION('',(1.22464679914735E-16,0.,-1.));
#7785=DIRECTION('center_axis',(0.,-1.,0.));
#7786=DIRECTION('ref_axis',(1.22464679914735E-16,0.,-1.));
#7787=DIRECTION('',(1.,0.,1.22464679914735E-16));
#7788=DIRECTION('center_axis',(0.,-1.,0.));
#7789=DIRECTION('ref_axis',(1.,0.,1.22464679914735E-16));
#7790=DIRECTION('',(-1.22464679914735E-16,0.,1.));
#7791=DIRECTION('center_axis',(0.,-1.,0.));
#7792=DIRECTION('ref_axis',(-1.22464679914735E-16,0.,1.));
#7793=DIRECTION('',(-1.,0.,-1.22464679914735E-16));
#7794=DIRECTION('center_axis',(0.,-1.,0.));
#7795=DIRECTION('ref_axis',(-1.,0.,-1.22464679914735E-16));
#7796=DIRECTION('',(1.22464679914735E-16,0.,-1.));
#7797=DIRECTION('center_axis',(0.,-1.,0.));
#7798=DIRECTION('ref_axis',(1.22464679914735E-16,0.,-1.));
#7799=DIRECTION('center_axis',(0.,-1.,0.));
#7800=DIRECTION('ref_axis',(-1.,0.,-1.22464679914735E-16));
#7801=DIRECTION('center_axis',(0.,-1.,0.));
#7802=DIRECTION('ref_axis',(-1.,0.,-1.22464679914735E-16));
#7803=DIRECTION('',(0.,-1.,0.));
#7804=DIRECTION('center_axis',(1.,0.,1.22464679914735E-16));
#7805=DIRECTION('ref_axis',(-1.22464679914735E-16,0.,1.));
#7806=DIRECTION('',(1.22464679914735E-16,0.,-1.));
#7807=DIRECTION('',(0.,-1.,0.));
#7808=DIRECTION('center_axis',(0.,-1.,0.));
#7809=DIRECTION('ref_axis',(1.22464679914735E-16,0.,-1.));
#7810=DIRECTION('center_axis',(0.,-1.,0.));
#7811=DIRECTION('ref_axis',(1.22464679914735E-16,0.,-1.));
#7812=DIRECTION('',(0.,-1.,0.));
#7813=DIRECTION('center_axis',(0.,-1.,0.));
#7814=DIRECTION('ref_axis',(-1.,0.,-1.22464679914735E-16));
#7815=DIRECTION('center_axis',(0.,-1.,0.));
#7816=DIRECTION('ref_axis',(-1.,0.,-1.22464679914735E-16));
#7817=DIRECTION('',(0.,-1.,0.));
#7818=DIRECTION('center_axis',(1.,0.,1.22464679914735E-16));
#7819=DIRECTION('ref_axis',(-1.22464679914735E-16,0.,1.));
#7820=DIRECTION('',(1.22464679914735E-16,0.,-1.));
#7821=DIRECTION('',(0.,-1.,0.));
#7822=DIRECTION('center_axis',(0.,-1.,0.));
#7823=DIRECTION('ref_axis',(1.22464679914735E-16,0.,-1.));
#7824=DIRECTION('center_axis',(0.,-1.,0.));
#7825=DIRECTION('ref_axis',(1.22464679914735E-16,0.,-1.));
#7826=DIRECTION('',(0.,-1.,0.));
#7827=DIRECTION('center_axis',(1.22464679914735E-16,0.,-1.));
#7828=DIRECTION('ref_axis',(1.,0.,1.22464679914735E-16));
#7829=DIRECTION('',(-1.,0.,-1.22464679914735E-16));
#7830=DIRECTION('',(0.,-1.,0.));
#7831=DIRECTION('',(0.,-1.,0.));
#7832=DIRECTION('center_axis',(0.,-1.,0.));
#7833=DIRECTION('ref_axis',(-1.,0.,-1.22464679914735E-16));
#7834=DIRECTION('center_axis',(0.,-1.,0.));
#7835=DIRECTION('ref_axis',(-1.,0.,-1.22464679914735E-16));
#7836=DIRECTION('',(0.,-1.,0.));
#7837=DIRECTION('center_axis',(1.,0.,1.22464679914735E-16));
#7838=DIRECTION('ref_axis',(-1.22464679914735E-16,0.,1.));
#7839=DIRECTION('',(1.22464679914735E-16,0.,-1.));
#7840=DIRECTION('',(0.,-1.,0.));
#7841=DIRECTION('center_axis',(0.,-1.,0.));
#7842=DIRECTION('ref_axis',(1.22464679914735E-16,0.,-1.));
#7843=DIRECTION('center_axis',(0.,-1.,0.));
#7844=DIRECTION('ref_axis',(1.22464679914735E-16,0.,-1.));
#7845=DIRECTION('',(0.,-1.,0.));
#7846=DIRECTION('center_axis',(1.22464679914735E-16,0.,-1.));
#7847=DIRECTION('ref_axis',(1.,0.,1.22464679914735E-16));
#7848=DIRECTION('',(-1.,0.,-1.22464679914735E-16));
#7849=DIRECTION('',(0.,-1.,0.));
#7850=DIRECTION('',(0.,-1.,0.));
#7851=DIRECTION('center_axis',(0.,-1.,0.));
#7852=DIRECTION('ref_axis',(-1.,0.,-1.22464679914735E-16));
#7853=DIRECTION('center_axis',(0.,-1.,0.));
#7854=DIRECTION('ref_axis',(-1.,0.,-1.22464679914735E-16));
#7855=DIRECTION('',(0.,-1.,0.));
#7856=DIRECTION('center_axis',(1.,0.,1.22464679914735E-16));
#7857=DIRECTION('ref_axis',(-1.22464679914735E-16,0.,1.));
#7858=DIRECTION('',(1.22464679914735E-16,0.,-1.));
#7859=DIRECTION('',(0.,-1.,0.));
#7860=DIRECTION('center_axis',(0.,-1.,0.));
#7861=DIRECTION('ref_axis',(1.22464679914735E-16,0.,-1.));
#7862=DIRECTION('center_axis',(0.,-1.,0.));
#7863=DIRECTION('ref_axis',(1.22464679914735E-16,0.,-1.));
#7864=DIRECTION('',(0.,-1.,0.));
#7865=DIRECTION('center_axis',(0.,-1.,0.));
#7866=DIRECTION('ref_axis',(-1.,0.,-1.22464679914735E-16));
#7867=DIRECTION('center_axis',(0.,-1.,0.));
#7868=DIRECTION('ref_axis',(-1.,0.,-1.22464679914735E-16));
#7869=DIRECTION('',(0.,-1.,0.));
#7870=DIRECTION('center_axis',(1.,0.,1.22464679914735E-16));
#7871=DIRECTION('ref_axis',(-1.22464679914735E-16,0.,1.));
#7872=DIRECTION('',(1.22464679914735E-16,0.,-1.));
#7873=DIRECTION('',(0.,-1.,0.));
#7874=DIRECTION('center_axis',(0.,-1.,0.));
#7875=DIRECTION('ref_axis',(1.22464679914735E-16,0.,-1.));
#7876=DIRECTION('center_axis',(0.,-1.,0.));
#7877=DIRECTION('ref_axis',(1.22464679914735E-16,0.,-1.));
#7878=DIRECTION('',(0.,-1.,0.));
#7879=DIRECTION('center_axis',(0.,-1.,0.));
#7880=DIRECTION('ref_axis',(-1.,0.,-1.22464679914735E-16));
#7881=DIRECTION('center_axis',(0.,-1.,0.));
#7882=DIRECTION('ref_axis',(-1.,0.,-1.22464679914735E-16));
#7883=DIRECTION('',(0.,-1.,0.));
#7884=DIRECTION('center_axis',(1.,0.,1.22464679914735E-16));
#7885=DIRECTION('ref_axis',(-1.22464679914735E-16,0.,1.));
#7886=DIRECTION('',(1.22464679914735E-16,0.,-1.));
#7887=DIRECTION('',(0.,-1.,0.));
#7888=DIRECTION('center_axis',(0.,-1.,0.));
#7889=DIRECTION('ref_axis',(1.22464679914735E-16,0.,-1.));
#7890=DIRECTION('center_axis',(0.,-1.,0.));
#7891=DIRECTION('ref_axis',(1.22464679914735E-16,0.,-1.));
#7892=DIRECTION('',(0.,-1.,0.));
#7893=DIRECTION('center_axis',(1.22464679914735E-16,0.,-1.));
#7894=DIRECTION('ref_axis',(1.,0.,1.22464679914735E-16));
#7895=DIRECTION('',(-1.,0.,-1.22464679914735E-16));
#7896=DIRECTION('',(0.,-1.,0.));
#7897=DIRECTION('',(0.,-1.,0.));
#7898=DIRECTION('center_axis',(0.,-1.,0.));
#7899=DIRECTION('ref_axis',(-1.,0.,-1.22464679914735E-16));
#7900=DIRECTION('center_axis',(0.,-1.,0.));
#7901=DIRECTION('ref_axis',(-1.,0.,-1.22464679914735E-16));
#7902=DIRECTION('',(0.,-1.,0.));
#7903=DIRECTION('center_axis',(1.,0.,1.22464679914735E-16));
#7904=DIRECTION('ref_axis',(-1.22464679914735E-16,0.,1.));
#7905=DIRECTION('',(1.22464679914735E-16,0.,-1.));
#7906=DIRECTION('',(0.,-1.,0.));
#7907=DIRECTION('center_axis',(0.,-1.,0.));
#7908=DIRECTION('ref_axis',(1.22464679914735E-16,0.,-1.));
#7909=DIRECTION('center_axis',(0.,-1.,0.));
#7910=DIRECTION('ref_axis',(1.22464679914735E-16,0.,-1.));
#7911=DIRECTION('',(0.,-1.,0.));
#7912=DIRECTION('center_axis',(1.22464679914735E-16,0.,-1.));
#7913=DIRECTION('ref_axis',(1.,0.,1.22464679914735E-16));
#7914=DIRECTION('',(-1.,0.,-1.22464679914735E-16));
#7915=DIRECTION('',(0.,-1.,0.));
#7916=DIRECTION('',(0.,-1.,0.));
#7917=DIRECTION('center_axis',(0.,-1.,0.));
#7918=DIRECTION('ref_axis',(-1.,0.,-1.22464679914735E-16));
#7919=DIRECTION('center_axis',(0.,-1.,0.));
#7920=DIRECTION('ref_axis',(-1.,0.,-1.22464679914735E-16));
#7921=DIRECTION('',(0.,-1.,0.));
#7922=DIRECTION('center_axis',(1.,0.,1.22464679914735E-16));
#7923=DIRECTION('ref_axis',(-1.22464679914735E-16,0.,1.));
#7924=DIRECTION('',(1.22464679914735E-16,0.,-1.));
#7925=DIRECTION('',(0.,-1.,0.));
#7926=DIRECTION('center_axis',(0.,-1.,0.));
#7927=DIRECTION('ref_axis',(1.22464679914735E-16,0.,-1.));
#7928=DIRECTION('center_axis',(0.,-1.,0.));
#7929=DIRECTION('ref_axis',(1.22464679914735E-16,0.,-1.));
#7930=DIRECTION('',(0.,-1.,0.));
#7931=DIRECTION('center_axis',(1.22464679914735E-16,0.,-1.));
#7932=DIRECTION('ref_axis',(1.,0.,1.22464679914735E-16));
#7933=DIRECTION('',(-1.,0.,-1.22464679914735E-16));
#7934=DIRECTION('',(0.,-1.,0.));
#7935=DIRECTION('',(0.,-1.,0.));
#7936=DIRECTION('center_axis',(0.,-1.,0.));
#7937=DIRECTION('ref_axis',(-1.,0.,-1.22464679914735E-16));
#7938=DIRECTION('center_axis',(0.,-1.,0.));
#7939=DIRECTION('ref_axis',(-1.,0.,-1.22464679914735E-16));
#7940=DIRECTION('',(0.,-1.,0.));
#7941=DIRECTION('center_axis',(1.,0.,1.22464679914735E-16));
#7942=DIRECTION('ref_axis',(-1.22464679914735E-16,0.,1.));
#7943=DIRECTION('',(1.22464679914735E-16,0.,-1.));
#7944=DIRECTION('',(0.,-1.,0.));
#7945=DIRECTION('center_axis',(0.,-1.,0.));
#7946=DIRECTION('ref_axis',(1.22464679914735E-16,0.,-1.));
#7947=DIRECTION('center_axis',(0.,-1.,0.));
#7948=DIRECTION('ref_axis',(1.22464679914735E-16,0.,-1.));
#7949=DIRECTION('',(0.,-1.,0.));
#7950=DIRECTION('center_axis',(1.22464679914735E-16,0.,-1.));
#7951=DIRECTION('ref_axis',(1.,0.,1.22464679914735E-16));
#7952=DIRECTION('',(-1.,0.,-1.22464679914735E-16));
#7953=DIRECTION('',(0.,-1.,0.));
#7954=DIRECTION('',(0.,-1.,0.));
#7955=DIRECTION('center_axis',(0.,-1.,0.));
#7956=DIRECTION('ref_axis',(-1.,0.,-1.22464679914735E-16));
#7957=DIRECTION('center_axis',(0.,-1.,0.));
#7958=DIRECTION('ref_axis',(-1.,0.,-1.22464679914735E-16));
#7959=DIRECTION('',(0.,-1.,0.));
#7960=DIRECTION('center_axis',(1.,0.,1.22464679914735E-16));
#7961=DIRECTION('ref_axis',(-1.22464679914735E-16,0.,1.));
#7962=DIRECTION('',(1.22464679914735E-16,0.,-1.));
#7963=DIRECTION('',(0.,-1.,0.));
#7964=DIRECTION('center_axis',(0.,-1.,0.));
#7965=DIRECTION('ref_axis',(1.22464679914735E-16,0.,-1.));
#7966=DIRECTION('center_axis',(0.,-1.,0.));
#7967=DIRECTION('ref_axis',(1.22464679914735E-16,0.,-1.));
#7968=DIRECTION('',(0.,-1.,0.));
#7969=DIRECTION('center_axis',(1.22464679914735E-16,0.,-1.));
#7970=DIRECTION('ref_axis',(1.,0.,1.22464679914735E-16));
#7971=DIRECTION('',(-1.,0.,-1.22464679914735E-16));
#7972=DIRECTION('',(0.,-1.,0.));
#7973=DIRECTION('',(0.,-1.,0.));
#7974=DIRECTION('center_axis',(0.,-1.,0.));
#7975=DIRECTION('ref_axis',(-1.,0.,-1.22464679914735E-16));
#7976=DIRECTION('center_axis',(0.,-1.,0.));
#7977=DIRECTION('ref_axis',(-1.,0.,-1.22464679914735E-16));
#7978=DIRECTION('',(0.,-1.,0.));
#7979=DIRECTION('center_axis',(1.,0.,1.22464679914735E-16));
#7980=DIRECTION('ref_axis',(-1.22464679914735E-16,0.,1.));
#7981=DIRECTION('',(1.22464679914735E-16,0.,-1.));
#7982=DIRECTION('',(0.,-1.,0.));
#7983=DIRECTION('center_axis',(0.,-1.,0.));
#7984=DIRECTION('ref_axis',(1.22464679914735E-16,0.,-1.));
#7985=DIRECTION('center_axis',(0.,-1.,0.));
#7986=DIRECTION('ref_axis',(1.22464679914735E-16,0.,-1.));
#7987=DIRECTION('',(0.,-1.,0.));
#7988=DIRECTION('center_axis',(1.22464679914735E-16,0.,-1.));
#7989=DIRECTION('ref_axis',(1.,0.,1.22464679914735E-16));
#7990=DIRECTION('',(-1.,0.,-1.22464679914735E-16));
#7991=DIRECTION('',(0.,-1.,0.));
#7992=DIRECTION('',(0.,-1.,0.));
#7993=DIRECTION('center_axis',(0.,-1.,0.));
#7994=DIRECTION('ref_axis',(-1.,0.,-1.22464679914735E-16));
#7995=DIRECTION('center_axis',(0.,-1.,0.));
#7996=DIRECTION('ref_axis',(-1.,0.,-1.22464679914735E-16));
#7997=DIRECTION('',(0.,-1.,0.));
#7998=DIRECTION('center_axis',(1.,0.,1.22464679914735E-16));
#7999=DIRECTION('ref_axis',(-1.22464679914735E-16,0.,1.));
#8000=DIRECTION('',(1.22464679914735E-16,0.,-1.));
#8001=DIRECTION('',(0.,-1.,0.));
#8002=DIRECTION('center_axis',(0.,-1.,0.));
#8003=DIRECTION('ref_axis',(1.22464679914735E-16,0.,-1.));
#8004=DIRECTION('center_axis',(0.,-1.,0.));
#8005=DIRECTION('ref_axis',(1.22464679914735E-16,0.,-1.));
#8006=DIRECTION('',(0.,-1.,0.));
#8007=DIRECTION('center_axis',(-1.,0.,-1.22464679914735E-16));
#8008=DIRECTION('ref_axis',(1.22464679914735E-16,0.,-1.));
#8009=DIRECTION('',(0.,-1.,0.));
#8010=DIRECTION('',(-1.22464679914735E-16,0.,1.));
#8011=DIRECTION('center_axis',(0.,-1.,0.));
#8012=DIRECTION('ref_axis',(-1.22464679914735E-16,0.,1.));
#8013=DIRECTION('center_axis',(0.,-1.,0.));
#8014=DIRECTION('ref_axis',(-1.22464679914735E-16,0.,1.));
#8015=DIRECTION('',(0.,-1.,0.));
#8016=DIRECTION('center_axis',(-1.,0.,-1.22464679914735E-16));
#8017=DIRECTION('ref_axis',(1.22464679914735E-16,0.,-1.));
#8018=DIRECTION('',(-1.22464679914735E-16,0.,1.));
#8019=DIRECTION('',(0.,-1.,0.));
#8020=DIRECTION('center_axis',(0.,-1.,0.));
#8021=DIRECTION('ref_axis',(1.,0.,1.22464679914735E-16));
#8022=DIRECTION('center_axis',(0.,-1.,0.));
#8023=DIRECTION('ref_axis',(1.,0.,1.22464679914735E-16));
#8024=DIRECTION('',(0.,-1.,0.));
#8025=DIRECTION('center_axis',(-1.22464679914735E-16,0.,1.));
#8026=DIRECTION('ref_axis',(-1.,0.,-1.22464679914735E-16));
#8027=DIRECTION('',(1.,0.,1.22464679914735E-16));
#8028=DIRECTION('center_axis',(0.,-1.,0.));
#8029=DIRECTION('ref_axis',(-1.22464679914735E-16,0.,1.));
#8030=DIRECTION('center_axis',(0.,-1.,0.));
#8031=DIRECTION('ref_axis',(-1.22464679914735E-16,0.,1.));
#8032=DIRECTION('',(0.,-1.,0.));
#8033=DIRECTION('center_axis',(-1.,0.,-1.22464679914735E-16));
#8034=DIRECTION('ref_axis',(1.22464679914735E-16,0.,-1.));
#8035=DIRECTION('',(-1.22464679914735E-16,0.,1.));
#8036=DIRECTION('',(0.,-1.,0.));
#8037=DIRECTION('center_axis',(0.,-1.,0.));
#8038=DIRECTION('ref_axis',(1.,0.,1.22464679914735E-16));
#8039=DIRECTION('center_axis',(0.,-1.,0.));
#8040=DIRECTION('ref_axis',(1.,0.,1.22464679914735E-16));
#8041=DIRECTION('',(0.,-1.,0.));
#8042=DIRECTION('center_axis',(-1.22464679914735E-16,0.,1.));
#8043=DIRECTION('ref_axis',(-1.,0.,-1.22464679914735E-16));
#8044=DIRECTION('',(1.,0.,1.22464679914735E-16));
#8045=DIRECTION('center_axis',(0.,-1.,0.));
#8046=DIRECTION('ref_axis',(-1.22464679914735E-16,0.,1.));
#8047=DIRECTION('center_axis',(0.,-1.,0.));
#8048=DIRECTION('ref_axis',(-1.22464679914735E-16,0.,1.));
#8049=DIRECTION('',(0.,-1.,0.));
#8050=DIRECTION('center_axis',(-1.,0.,-1.22464679914735E-16));
#8051=DIRECTION('ref_axis',(1.22464679914735E-16,0.,-1.));
#8052=DIRECTION('',(-1.22464679914735E-16,0.,1.));
#8053=DIRECTION('',(0.,-1.,0.));
#8054=DIRECTION('center_axis',(0.,-1.,0.));
#8055=DIRECTION('ref_axis',(1.,0.,1.22464679914735E-16));
#8056=DIRECTION('center_axis',(0.,-1.,0.));
#8057=DIRECTION('ref_axis',(1.,0.,1.22464679914735E-16));
#8058=DIRECTION('',(0.,-1.,0.));
#8059=DIRECTION('center_axis',(-1.22464679914735E-16,0.,1.));
#8060=DIRECTION('ref_axis',(-1.,0.,-1.22464679914735E-16));
#8061=DIRECTION('',(1.,0.,1.22464679914735E-16));
#8062=DIRECTION('center_axis',(0.,-1.,0.));
#8063=DIRECTION('ref_axis',(-1.22464679914735E-16,0.,1.));
#8064=DIRECTION('center_axis',(0.,-1.,0.));
#8065=DIRECTION('ref_axis',(-1.22464679914735E-16,0.,1.));
#8066=DIRECTION('',(0.,-1.,0.));
#8067=DIRECTION('center_axis',(-1.,0.,-1.22464679914735E-16));
#8068=DIRECTION('ref_axis',(1.22464679914735E-16,0.,-1.));
#8069=DIRECTION('',(-1.22464679914735E-16,0.,1.));
#8070=DIRECTION('',(0.,-1.,0.));
#8071=DIRECTION('center_axis',(0.,-1.,0.));
#8072=DIRECTION('ref_axis',(1.,0.,1.22464679914735E-16));
#8073=DIRECTION('center_axis',(0.,-1.,0.));
#8074=DIRECTION('ref_axis',(1.,0.,1.22464679914735E-16));
#8075=DIRECTION('',(0.,-1.,0.));
#8076=DIRECTION('center_axis',(-1.22464679914735E-16,0.,1.));
#8077=DIRECTION('ref_axis',(-1.,0.,-1.22464679914735E-16));
#8078=DIRECTION('',(1.,0.,1.22464679914735E-16));
#8079=DIRECTION('center_axis',(0.,-1.,0.));
#8080=DIRECTION('ref_axis',(-1.22464679914735E-16,0.,1.));
#8081=DIRECTION('center_axis',(0.,-1.,0.));
#8082=DIRECTION('ref_axis',(-1.22464679914735E-16,0.,1.));
#8083=DIRECTION('',(0.,-1.,0.));
#8084=DIRECTION('center_axis',(-1.,0.,-1.22464679914735E-16));
#8085=DIRECTION('ref_axis',(1.22464679914735E-16,0.,-1.));
#8086=DIRECTION('',(-1.22464679914735E-16,0.,1.));
#8087=DIRECTION('',(0.,-1.,0.));
#8088=DIRECTION('center_axis',(0.,-1.,0.));
#8089=DIRECTION('ref_axis',(1.,0.,1.22464679914735E-16));
#8090=DIRECTION('center_axis',(0.,-1.,0.));
#8091=DIRECTION('ref_axis',(1.,0.,1.22464679914735E-16));
#8092=DIRECTION('',(0.,-1.,0.));
#8093=DIRECTION('center_axis',(-1.22464679914735E-16,0.,1.));
#8094=DIRECTION('ref_axis',(-1.,0.,-1.22464679914735E-16));
#8095=DIRECTION('',(1.,0.,1.22464679914735E-16));
#8096=DIRECTION('center_axis',(0.,-1.,0.));
#8097=DIRECTION('ref_axis',(-1.22464679914735E-16,0.,1.));
#8098=DIRECTION('center_axis',(0.,-1.,0.));
#8099=DIRECTION('ref_axis',(-1.22464679914735E-16,0.,1.));
#8100=DIRECTION('',(0.,-1.,0.));
#8101=DIRECTION('center_axis',(-1.,0.,-1.22464679914735E-16));
#8102=DIRECTION('ref_axis',(1.22464679914735E-16,0.,-1.));
#8103=DIRECTION('',(-1.22464679914735E-16,0.,1.));
#8104=DIRECTION('',(0.,-1.,0.));
#8105=DIRECTION('center_axis',(0.,-1.,0.));
#8106=DIRECTION('ref_axis',(1.,0.,1.22464679914735E-16));
#8107=DIRECTION('center_axis',(0.,-1.,0.));
#8108=DIRECTION('ref_axis',(1.,0.,1.22464679914735E-16));
#8109=DIRECTION('',(0.,-1.,0.));
#8110=DIRECTION('center_axis',(-1.22464679914735E-16,0.,1.));
#8111=DIRECTION('ref_axis',(-1.,0.,-1.22464679914735E-16));
#8112=DIRECTION('',(1.,0.,1.22464679914735E-16));
#8113=DIRECTION('center_axis',(0.,-1.,0.));
#8114=DIRECTION('ref_axis',(-1.22464679914735E-16,0.,1.));
#8115=DIRECTION('center_axis',(0.,-1.,0.));
#8116=DIRECTION('ref_axis',(-1.22464679914735E-16,0.,1.));
#8117=DIRECTION('',(0.,-1.,0.));
#8118=DIRECTION('center_axis',(-1.,0.,-1.22464679914735E-16));
#8119=DIRECTION('ref_axis',(1.22464679914735E-16,0.,-1.));
#8120=DIRECTION('',(-1.22464679914735E-16,0.,1.));
#8121=DIRECTION('',(0.,-1.,0.));
#8122=DIRECTION('center_axis',(0.,-1.,0.));
#8123=DIRECTION('ref_axis',(1.,0.,1.22464679914735E-16));
#8124=DIRECTION('center_axis',(0.,-1.,0.));
#8125=DIRECTION('ref_axis',(1.,0.,1.22464679914735E-16));
#8126=DIRECTION('',(0.,-1.,0.));
#8127=DIRECTION('center_axis',(-1.22464679914735E-16,0.,1.));
#8128=DIRECTION('ref_axis',(-1.,0.,-1.22464679914735E-16));
#8129=DIRECTION('',(1.,0.,1.22464679914735E-16));
#8130=DIRECTION('center_axis',(0.,-1.,0.));
#8131=DIRECTION('ref_axis',(-1.22464679914735E-16,0.,1.));
#8132=DIRECTION('center_axis',(0.,-1.,0.));
#8133=DIRECTION('ref_axis',(-1.22464679914735E-16,0.,1.));
#8134=DIRECTION('',(0.,-1.,0.));
#8135=DIRECTION('center_axis',(-1.,0.,-1.22464679914735E-16));
#8136=DIRECTION('ref_axis',(1.22464679914735E-16,0.,-1.));
#8137=DIRECTION('',(-1.22464679914735E-16,0.,1.));
#8138=DIRECTION('',(0.,-1.,0.));
#8139=DIRECTION('center_axis',(0.,-1.,0.));
#8140=DIRECTION('ref_axis',(1.,0.,1.22464679914735E-16));
#8141=DIRECTION('center_axis',(0.,-1.,0.));
#8142=DIRECTION('ref_axis',(1.,0.,1.22464679914735E-16));
#8143=DIRECTION('',(0.,-1.,0.));
#8144=DIRECTION('center_axis',(-1.22464679914735E-16,0.,1.));
#8145=DIRECTION('ref_axis',(-1.,0.,-1.22464679914735E-16));
#8146=DIRECTION('',(1.,0.,1.22464679914735E-16));
#8147=DIRECTION('center_axis',(0.,-1.,0.));
#8148=DIRECTION('ref_axis',(-1.22464679914735E-16,0.,1.));
#8149=DIRECTION('center_axis',(0.,-1.,0.));
#8150=DIRECTION('ref_axis',(-1.22464679914735E-16,0.,1.));
#8151=DIRECTION('',(0.,-1.,0.));
#8152=DIRECTION('center_axis',(-1.,0.,-1.22464679914735E-16));
#8153=DIRECTION('ref_axis',(1.22464679914735E-16,0.,-1.));
#8154=DIRECTION('',(-1.22464679914735E-16,0.,1.));
#8155=DIRECTION('',(0.,-1.,0.));
#8156=DIRECTION('center_axis',(0.,-1.,0.));
#8157=DIRECTION('ref_axis',(1.,0.,1.22464679914735E-16));
#8158=DIRECTION('center_axis',(0.,-1.,0.));
#8159=DIRECTION('ref_axis',(1.,0.,1.22464679914735E-16));
#8160=DIRECTION('',(0.,-1.,0.));
#8161=DIRECTION('center_axis',(-1.22464679914735E-16,0.,1.));
#8162=DIRECTION('ref_axis',(-1.,0.,-1.22464679914735E-16));
#8163=DIRECTION('',(1.,0.,1.22464679914735E-16));
#8164=DIRECTION('center_axis',(0.,-1.,0.));
#8165=DIRECTION('ref_axis',(-1.22464679914735E-16,0.,1.));
#8166=DIRECTION('center_axis',(0.,-1.,0.));
#8167=DIRECTION('ref_axis',(-1.22464679914735E-16,0.,1.));
#8168=DIRECTION('',(0.,-1.,0.));
#8169=DIRECTION('center_axis',(-1.,0.,-1.22464679914735E-16));
#8170=DIRECTION('ref_axis',(1.22464679914735E-16,0.,-1.));
#8171=DIRECTION('',(-1.22464679914735E-16,0.,1.));
#8172=DIRECTION('',(0.,-1.,0.));
#8173=DIRECTION('center_axis',(0.,-1.,0.));
#8174=DIRECTION('ref_axis',(1.,0.,1.22464679914735E-16));
#8175=DIRECTION('center_axis',(0.,-1.,0.));
#8176=DIRECTION('ref_axis',(1.,0.,1.22464679914735E-16));
#8177=DIRECTION('',(0.,-1.,0.));
#8178=DIRECTION('center_axis',(-1.22464679914735E-16,0.,1.));
#8179=DIRECTION('ref_axis',(-1.,0.,-1.22464679914735E-16));
#8180=DIRECTION('',(1.,0.,1.22464679914735E-16));
#8181=DIRECTION('center_axis',(0.,-1.,0.));
#8182=DIRECTION('ref_axis',(-1.22464679914735E-16,0.,1.));
#8183=DIRECTION('center_axis',(0.,-1.,0.));
#8184=DIRECTION('ref_axis',(-1.22464679914735E-16,0.,1.));
#8185=DIRECTION('',(0.,-1.,0.));
#8186=DIRECTION('center_axis',(-1.,0.,-1.22464679914735E-16));
#8187=DIRECTION('ref_axis',(1.22464679914735E-16,0.,-1.));
#8188=DIRECTION('',(-1.22464679914735E-16,0.,1.));
#8189=DIRECTION('',(0.,-1.,0.));
#8190=DIRECTION('center_axis',(0.,-1.,0.));
#8191=DIRECTION('ref_axis',(1.,0.,1.22464679914735E-16));
#8192=DIRECTION('center_axis',(0.,-1.,0.));
#8193=DIRECTION('ref_axis',(1.,0.,1.22464679914735E-16));
#8194=DIRECTION('',(0.,-1.,0.));
#8195=DIRECTION('center_axis',(-1.22464679914735E-16,0.,1.));
#8196=DIRECTION('ref_axis',(-1.,0.,-1.22464679914735E-16));
#8197=DIRECTION('',(1.,0.,1.22464679914735E-16));
#8198=DIRECTION('center_axis',(0.,-1.,0.));
#8199=DIRECTION('ref_axis',(-1.22464679914735E-16,0.,1.));
#8200=DIRECTION('center_axis',(0.,-1.,0.));
#8201=DIRECTION('ref_axis',(-1.22464679914735E-16,0.,1.));
#8202=DIRECTION('',(0.,-1.,0.));
#8203=DIRECTION('center_axis',(-1.,0.,-1.22464679914735E-16));
#8204=DIRECTION('ref_axis',(1.22464679914735E-16,0.,-1.));
#8205=DIRECTION('',(-1.22464679914735E-16,0.,1.));
#8206=DIRECTION('',(0.,-1.,0.));
#8207=DIRECTION('center_axis',(0.,-1.,0.));
#8208=DIRECTION('ref_axis',(1.,0.,1.22464679914735E-16));
#8209=DIRECTION('center_axis',(0.,-1.,0.));
#8210=DIRECTION('ref_axis',(1.,0.,1.22464679914735E-16));
#8211=DIRECTION('',(0.,-1.,0.));
#8212=DIRECTION('center_axis',(-1.22464679914735E-16,0.,1.));
#8213=DIRECTION('ref_axis',(-1.,0.,-1.22464679914735E-16));
#8214=DIRECTION('',(1.,0.,1.22464679914735E-16));
#8215=DIRECTION('center_axis',(0.,0.,-1.));
#8216=DIRECTION('ref_axis',(0.,-1.,0.));
#8217=DIRECTION('',(-1.,0.,0.));
#8218=DIRECTION('',(0.,-1.,0.));
#8219=DIRECTION('',(-1.,0.,0.));
#8220=DIRECTION('',(0.,-1.,0.));
#8221=DIRECTION('center_axis',(0.,0.,-1.));
#8222=DIRECTION('ref_axis',(-1.,0.,0.));
#8223=DIRECTION('',(-1.,0.,0.));
#8224=DIRECTION('',(0.,-1.,0.));
#8225=DIRECTION('',(1.,0.,0.));
#8226=DIRECTION('',(0.,1.,0.));
#8227=DIRECTION('center_axis',(0.,-1.,0.));
#8228=DIRECTION('ref_axis',(0.,0.,1.));
#8229=DIRECTION('',(0.,0.,1.));
#8230=DIRECTION('',(1.,0.,0.));
#8231=DIRECTION('',(0.,0.,1.));
#8232=DIRECTION('center_axis',(0.,1.,0.));
#8233=DIRECTION('ref_axis',(1.,0.,0.));
#8234=DIRECTION('center_axis',(0.,-1.,0.));
#8235=DIRECTION('ref_axis',(-0.707106781186549,0.,0.707106781186546));
#8236=DIRECTION('',(-1.,0.,0.));
#8237=DIRECTION('center_axis',(0.,-1.,0.));
#8238=DIRECTION('ref_axis',(0.707106781186547,0.,0.707106781186547));
#8239=DIRECTION('',(0.,0.,1.));
#8240=DIRECTION('center_axis',(0.,-1.,0.));
#8241=DIRECTION('ref_axis',(0.707106781186547,0.,-0.707106781186548));
#8242=DIRECTION('',(1.,0.,0.));
#8243=DIRECTION('center_axis',(0.,-1.,0.));
#8244=DIRECTION('ref_axis',(-0.707106781186547,0.,-0.707106781186547));
#8245=DIRECTION('',(0.,0.,-1.));
#8246=DIRECTION('center_axis',(0.,-1.,0.));
#8247=DIRECTION('ref_axis',(-1.,0.,0.));
#8248=DIRECTION('center_axis',(0.,-1.,0.));
#8249=DIRECTION('ref_axis',(1.,0.,0.));
#8250=DIRECTION('',(0.,0.,-1.));
#8251=DIRECTION('',(0.,0.,1.));
#8252=DIRECTION('',(-1.,0.,0.));
#8253=DIRECTION('center_axis',(0.,0.,1.));
#8254=DIRECTION('ref_axis',(1.,0.,0.));
#8255=DIRECTION('',(-1.,0.,0.));
#8256=DIRECTION('',(0.,-1.,0.));
#8257=DIRECTION('',(1.,0.,0.));
#8258=DIRECTION('',(0.,1.,0.));
#8259=DIRECTION('center_axis',(1.,0.,0.));
#8260=DIRECTION('ref_axis',(0.,-4.1855721381956E-17,-1.));
#8261=DIRECTION('',(0.,-1.,0.));
#8262=DIRECTION('',(0.,0.,1.));
#8263=DIRECTION('',(0.,0.,-1.));
#8264=DIRECTION('center_axis',(0.,0.,1.));
#8265=DIRECTION('ref_axis',(1.,0.,0.));
#8266=DIRECTION('',(-1.,0.,0.));
#8267=DIRECTION('',(0.,1.,0.));
#8268=DIRECTION('',(1.,0.,0.));
#8269=DIRECTION('',(0.,1.,0.));
#8270=DIRECTION('center_axis',(-1.,0.,0.));
#8271=DIRECTION('ref_axis',(0.,0.,1.));
#8272=DIRECTION('',(0.,0.,1.));
#8273=DIRECTION('',(0.,1.,0.));
#8274=DIRECTION('',(0.,0.,1.));
#8275=DIRECTION('center_axis',(0.,0.,-1.));
#8276=DIRECTION('ref_axis',(-1.,0.,0.));
#8277=DIRECTION('',(1.,0.,0.));
#8278=DIRECTION('',(0.,1.,0.));
#8279=DIRECTION('',(-1.,0.,0.));
#8280=DIRECTION('center_axis',(1.,0.,0.));
#8281=DIRECTION('ref_axis',(0.,0.,-1.));
#8282=DIRECTION('',(0.,0.,1.));
#8283=DIRECTION('',(0.,0.,-1.));
#8284=DIRECTION('center_axis',(0.,1.,0.));
#8285=DIRECTION('ref_axis',(0.,0.,1.));
#8286=DIRECTION('center_axis',(0.,1.,0.));
#8287=DIRECTION('ref_axis',(1.,0.,0.));
#8288=DIRECTION('',(-1.,0.,0.));
#8289=DIRECTION('',(0.,0.,1.));
#8290=DIRECTION('',(0.,0.,1.));
#8291=DIRECTION('',(0.,0.,1.));
#8292=DIRECTION('center_axis',(0.,-1.,0.));
#8293=DIRECTION('ref_axis',(1.,0.,0.));
#8294=DIRECTION('center_axis',(-1.,0.,0.));
#8295=DIRECTION('ref_axis',(0.,0.,-1.));
#8296=DIRECTION('',(0.,-1.,0.));
#8297=DIRECTION('',(0.,0.,1.));
#8298=DIRECTION('',(0.,1.,0.));
#8299=DIRECTION('center_axis',(0.,0.,1.));
#8300=DIRECTION('ref_axis',(1.,0.,0.));
#8301=DIRECTION('',(1.,0.,0.));
#8302=DIRECTION('',(1.,0.,0.));
#8303=DIRECTION('',(0.,-1.,0.));
#8304=DIRECTION('center_axis',(0.,1.,0.));
#8305=DIRECTION('ref_axis',(0.,0.,1.));
#8306=DIRECTION('',(1.,0.,0.));
#8307=DIRECTION('',(1.,0.,0.));
#8308=DIRECTION('',(0.,0.,-1.));
#8309=DIRECTION('center_axis',(0.,0.,-1.));
#8310=DIRECTION('ref_axis',(-1.,0.,0.));
#8311=DIRECTION('center_axis',(-1.,0.,0.));
#8312=DIRECTION('ref_axis',(0.,0.,1.));
#8313=DIRECTION('',(0.,1.,0.));
#8314=DIRECTION('center_axis',(1.,0.,0.));
#8315=DIRECTION('ref_axis',(0.,0.,-1.));
#8316=DIRECTION('',(0.,0.,1.));
#8317=DIRECTION('center_axis',(0.,1.,0.));
#8318=DIRECTION('ref_axis',(1.,0.,0.));
#8319=DIRECTION('',(0.,1.,0.));
#8320=DIRECTION('center_axis',(0.,-1.,0.));
#8321=DIRECTION('ref_axis',(1.,0.,0.));
#8322=DIRECTION('',(0.,-1.,0.));
#8323=DIRECTION('center_axis',(0.,-1.,0.));
#8324=DIRECTION('ref_axis',(1.,0.,0.));
#8325=DIRECTION('',(0.,1.,0.));
#8326=DIRECTION('center_axis',(-1.,0.,0.));
#8327=DIRECTION('ref_axis',(0.,0.,1.));
#8328=DIRECTION('',(0.,0.,1.));
#8329=DIRECTION('',(0.,1.,0.));
#8330=DIRECTION('',(0.,0.,-1.));
#8331=DIRECTION('',(0.,-1.,0.));
#8332=DIRECTION('center_axis',(0.,1.,0.));
#8333=DIRECTION('ref_axis',(-0.707106781186547,0.,-0.707106781186548));
#8334=DIRECTION('center_axis',(0.,1.,0.));
#8335=DIRECTION('ref_axis',(-0.707106781186548,0.,-0.707106781186548));
#8336=DIRECTION('',(0.,-1.,0.));
#8337=DIRECTION('center_axis',(0.,-1.,0.));
#8338=DIRECTION('ref_axis',(-0.707106781186547,0.,-0.707106781186548));
#8339=DIRECTION('center_axis',(0.,1.,0.));
#8340=DIRECTION('ref_axis',(0.707106781186547,0.,-0.707106781186547));
#8341=DIRECTION('center_axis',(0.,1.,0.));
#8342=DIRECTION('ref_axis',(0.707106781186547,0.,-0.707106781186548));
#8343=DIRECTION('',(0.,-1.,0.));
#8344=DIRECTION('center_axis',(0.,-1.,0.));
#8345=DIRECTION('ref_axis',(0.707106781186547,0.,-0.707106781186547));
#8346=DIRECTION('',(0.,1.,0.));
#8347=DIRECTION('center_axis',(0.,1.,0.));
#8348=DIRECTION('ref_axis',(-0.707106781186547,0.,0.707106781186547));
#8349=DIRECTION('center_axis',(0.,1.,0.));
#8350=DIRECTION('ref_axis',(-0.707106781186549,0.,0.707106781186546));
#8351=DIRECTION('center_axis',(0.,-1.,0.));
#8352=DIRECTION('ref_axis',(-0.707106781186547,0.,0.707106781186547));
#8353=DIRECTION('',(0.,1.,0.));
#8354=DIRECTION('center_axis',(0.,0.,1.));
#8355=DIRECTION('ref_axis',(1.,0.,0.));
#8356=DIRECTION('',(1.,0.,0.));
#8357=DIRECTION('',(-1.,0.,0.));
#8358=DIRECTION('',(0.,-1.,0.));
#8359=DIRECTION('center_axis',(0.,1.,0.));
#8360=DIRECTION('ref_axis',(0.707106781186547,0.,0.707106781186547));
#8361=DIRECTION('center_axis',(0.,1.,0.));
#8362=DIRECTION('ref_axis',(0.707106781186547,0.,0.707106781186547));
#8363=DIRECTION('center_axis',(0.,-1.,0.));
#8364=DIRECTION('ref_axis',(0.707106781186547,0.,0.707106781186547));
#8365=DIRECTION('',(0.,1.,0.));
#8366=DIRECTION('center_axis',(1.,0.,0.));
#8367=DIRECTION('ref_axis',(0.,0.,-1.));
#8368=DIRECTION('',(0.,0.,-1.));
#8369=DIRECTION('',(0.,0.,1.));
#8370=DIRECTION('center_axis',(1.,0.,0.));
#8371=DIRECTION('ref_axis',(0.,0.707106781186548,0.707106781186548));
#8372=DIRECTION('center_axis',(1.,0.,0.));
#8373=DIRECTION('ref_axis',(0.,1.,0.));
#8374=DIRECTION('center_axis',(-1.,0.,0.));
#8375=DIRECTION('ref_axis',(0.,0.,1.));
#8376=DIRECTION('center_axis',(0.,0.,-1.));
#8377=DIRECTION('ref_axis',(0.,1.,0.));
#8378=DIRECTION('center_axis',(0.,0.,-1.));
#8379=DIRECTION('ref_axis',(0.707106781186544,0.707106781186551,0.));
#8380=DIRECTION('center_axis',(0.,0.,-1.));
#8381=DIRECTION('ref_axis',(0.,1.,0.));
#8382=DIRECTION('center_axis',(-1.,0.,0.));
#8383=DIRECTION('ref_axis',(0.,1.,0.));
#8384=DIRECTION('center_axis',(-1.,0.,0.));
#8385=DIRECTION('ref_axis',(0.,0.707106781186548,-0.707106781186548));
#8386=DIRECTION('',(-1.,0.,0.));
#8387=DIRECTION('center_axis',(-1.,0.,0.));
#8388=DIRECTION('ref_axis',(0.,1.,0.));
#8389=DIRECTION('center_axis',(0.,0.,1.));
#8390=DIRECTION('ref_axis',(0.,1.,0.));
#8391=DIRECTION('center_axis',(0.,0.,1.));
#8392=DIRECTION('ref_axis',(-0.707106781186548,0.707106781186548,0.));
#8393=DIRECTION('center_axis',(0.,0.,1.));
#8394=DIRECTION('ref_axis',(0.,1.,0.));
#8395=DIRECTION('center_axis',(0.,0.,-1.));
#8396=DIRECTION('ref_axis',(-1.,0.,0.));
#8397=DIRECTION('',(1.,0.,0.));
#8398=DIRECTION('center_axis',(0.,0.,-1.));
#8399=DIRECTION('ref_axis',(0.707106781186548,0.707106781186547,0.));
#8400=DIRECTION('',(-1.,0.,0.));
#8401=DIRECTION('center_axis',(0.,0.,-1.));
#8402=DIRECTION('ref_axis',(-0.707106781186548,0.707106781186547,0.));
#8403=DIRECTION('center_axis',(0.,0.,1.));
#8404=DIRECTION('ref_axis',(-0.707106781186548,0.707106781186547,0.));
#8405=DIRECTION('',(0.,0.,1.));
#8406=DIRECTION('center_axis',(0.,1.,0.));
#8407=DIRECTION('ref_axis',(0.,0.,1.));
#8408=DIRECTION('',(0.,0.,-1.));
#8409=DIRECTION('center_axis',(0.,0.,-1.));
#8410=DIRECTION('ref_axis',(0.707106781186548,0.707106781186547,0.));
#8411=DIRECTION('center_axis',(0.,1.,0.));
#8412=DIRECTION('ref_axis',(1.,0.,0.));
#8413=DIRECTION('center_axis',(0.,1.,0.));
#8414=DIRECTION('ref_axis',(-1.,0.,0.));
#8415=DIRECTION('center_axis',(0.,0.,-1.));
#8416=DIRECTION('ref_axis',(-1.,0.,0.));
#8417=DIRECTION('center_axis',(0.,1.,0.));
#8418=DIRECTION('ref_axis',(-1.,0.,0.));
#8419=DIRECTION('center_axis',(0.,-1.,0.));
#8420=DIRECTION('ref_axis',(1.,0.,0.));
#8421=DIRECTION('center_axis',(0.,1.,0.));
#8422=DIRECTION('ref_axis',(1.,0.,0.));
#8423=DIRECTION('center_axis',(0.,1.,0.));
#8424=DIRECTION('ref_axis',(1.,0.,0.));
#8425=DIRECTION('center_axis',(0.,-1.,0.));
#8426=DIRECTION('ref_axis',(1.,0.,0.));
#8427=DIRECTION('',(0.,1.,0.));
#8428=DIRECTION('center_axis',(0.,-1.,0.));
#8429=DIRECTION('ref_axis',(1.,0.,0.));
#8430=DIRECTION('center_axis',(0.,1.,0.));
#8431=DIRECTION('ref_axis',(1.,0.,0.));
#8432=DIRECTION('center_axis',(0.,1.,0.));
#8433=DIRECTION('ref_axis',(1.,0.,0.));
#8434=DIRECTION('center_axis',(0.,-1.,0.));
#8435=DIRECTION('ref_axis',(1.,0.,0.));
#8436=DIRECTION('',(0.,1.,0.));
#8437=DIRECTION('center_axis',(0.,-1.,0.));
#8438=DIRECTION('ref_axis',(1.,0.,0.));
#8439=DIRECTION('center_axis',(0.,1.,0.));
#8440=DIRECTION('ref_axis',(1.,0.,0.));
#8441=DIRECTION('center_axis',(0.,1.,0.));
#8442=DIRECTION('ref_axis',(1.,0.,0.));
#8443=DIRECTION('center_axis',(0.,-1.,0.));
#8444=DIRECTION('ref_axis',(1.,0.,0.));
#8445=DIRECTION('',(0.,1.,0.));
#8446=DIRECTION('center_axis',(0.,-1.,0.));
#8447=DIRECTION('ref_axis',(1.,0.,0.));
#8448=DIRECTION('center_axis',(0.,1.,0.));
#8449=DIRECTION('ref_axis',(1.,0.,0.));
#8450=DIRECTION('center_axis',(0.,1.,0.));
#8451=DIRECTION('ref_axis',(1.,0.,0.));
#8452=DIRECTION('center_axis',(0.,-1.,0.));
#8453=DIRECTION('ref_axis',(1.,0.,0.));
#8454=DIRECTION('',(0.,1.,0.));
#8455=DIRECTION('center_axis',(0.,-1.,0.));
#8456=DIRECTION('ref_axis',(1.,0.,0.));
#8457=DIRECTION('center_axis',(0.,1.,0.));
#8458=DIRECTION('ref_axis',(1.,0.,0.));
#8459=DIRECTION('center_axis',(0.,1.,0.));
#8460=DIRECTION('ref_axis',(1.,0.,0.));
#8461=DIRECTION('center_axis',(0.,1.,0.));
#8462=DIRECTION('ref_axis',(1.,0.,0.));
#8463=DIRECTION('',(0.,1.,0.));
#8464=DIRECTION('center_axis',(0.,-1.,0.));
#8465=DIRECTION('ref_axis',(1.,0.,0.));
#8466=DIRECTION('center_axis',(0.,1.,0.));
#8467=DIRECTION('ref_axis',(1.,0.,0.));
#8468=DIRECTION('center_axis',(0.,1.,0.));
#8469=DIRECTION('ref_axis',(1.,0.,0.));
#8470=DIRECTION('center_axis',(0.,1.,0.));
#8471=DIRECTION('ref_axis',(1.,0.,0.));
#8472=DIRECTION('',(0.,1.,0.));
#8473=DIRECTION('center_axis',(0.,-1.,0.));
#8474=DIRECTION('ref_axis',(1.,0.,0.));
#8475=DIRECTION('center_axis',(0.,1.,0.));
#8476=DIRECTION('ref_axis',(1.,0.,0.));
#8477=DIRECTION('center_axis',(0.,1.,0.));
#8478=DIRECTION('ref_axis',(1.,0.,0.));
#8479=DIRECTION('center_axis',(0.,1.,0.));
#8480=DIRECTION('ref_axis',(1.,0.,0.));
#8481=DIRECTION('',(0.,1.,0.));
#8482=DIRECTION('center_axis',(0.,-1.,0.));
#8483=DIRECTION('ref_axis',(1.,0.,0.));
#8484=DIRECTION('center_axis',(0.,1.,0.));
#8485=DIRECTION('ref_axis',(1.,0.,0.));
#8486=DIRECTION('center_axis',(0.,1.,0.));
#8487=DIRECTION('ref_axis',(1.,0.,0.));
#8488=DIRECTION('center_axis',(0.,1.,0.));
#8489=DIRECTION('ref_axis',(1.,0.,0.));
#8490=DIRECTION('',(0.,1.,0.));
#8491=DIRECTION('center_axis',(0.,1.,0.));
#8492=DIRECTION('ref_axis',(1.,0.,0.));
#8493=DIRECTION('center_axis',(0.,-1.,4.1855721381956E-17));
#8494=DIRECTION('ref_axis',(0.,4.1855721381956E-17,1.));
#8495=DIRECTION('',(1.,0.,0.));
#8496=DIRECTION('',(0.,-4.1855721381956E-17,-1.));
#8497=DIRECTION('',(-1.,0.,0.));
#8498=DIRECTION('',(0.,4.1855721381956E-17,1.));
#8499=DIRECTION('center_axis',(1.,0.,0.));
#8500=DIRECTION('ref_axis',(0.,-4.1855721381956E-17,-1.));
#8501=DIRECTION('',(0.,1.,0.));
#8502=DIRECTION('',(0.,1.,0.));
#8503=DIRECTION('',(0.,0.,1.));
#8504=DIRECTION('center_axis',(0.,0.,1.));
#8505=DIRECTION('ref_axis',(1.,0.,0.));
#8506=DIRECTION('',(-1.,0.,0.));
#8507=DIRECTION('',(0.,-1.,0.));
#8508=DIRECTION('center_axis',(0.,0.,-1.));
#8509=DIRECTION('ref_axis',(0.,1.,0.));
#8510=DIRECTION('',(1.,0.,0.));
#8511=DIRECTION('',(0.,1.,0.));
#8512=DIRECTION('',(1.,0.,0.));
#8513=DIRECTION('',(0.,-1.,0.));
#8514=DIRECTION('center_axis',(0.,-1.,0.));
#8515=DIRECTION('ref_axis',(0.,0.,-1.));
#8516=DIRECTION('',(0.,0.,-1.));
#8517=DIRECTION('',(1.,0.,0.));
#8518=DIRECTION('',(0.,0.,-1.));
#8519=DIRECTION('center_axis',(0.,0.,1.));
#8520=DIRECTION('ref_axis',(0.,-1.,0.));
#8521=DIRECTION('',(0.,-1.,0.));
#8522=DIRECTION('',(1.,0.,0.));
#8523=DIRECTION('',(0.,-1.,0.));
#8524=DIRECTION('center_axis',(0.,1.,0.));
#8525=DIRECTION('ref_axis',(0.,0.,1.));
#8526=DIRECTION('',(0.,0.,-1.));
#8527=DIRECTION('',(0.,0.,1.));
#8528=DIRECTION('center_axis',(1.,0.,0.));
#8529=DIRECTION('ref_axis',(0.,0.,1.));
#8530=DIRECTION('center_axis',(-1.,0.,0.));
#8531=DIRECTION('ref_axis',(0.,0.,1.));
#8532=DIRECTION('center_axis',(1.,0.,0.));
#8533=DIRECTION('ref_axis',(0.,1.,0.));
#8534=DIRECTION('',(0.,1.,0.));
#8535=DIRECTION('',(0.,0.,1.));
#8536=DIRECTION('',(0.,-1.,0.));
#8537=DIRECTION('',(0.,0.,1.));
#8538=DIRECTION('center_axis',(0.,-1.,0.));
#8539=DIRECTION('ref_axis',(1.,0.,0.));
#8540=DIRECTION('',(1.,0.,0.));
#8541=DIRECTION('',(0.,0.,1.));
#8542=DIRECTION('',(1.,0.,0.));
#8543=DIRECTION('center_axis',(-1.,0.,0.));
#8544=DIRECTION('ref_axis',(0.,-1.,0.));
#8545=DIRECTION('',(0.,-1.,0.));
#8546=DIRECTION('',(0.,0.,1.));
#8547=DIRECTION('',(0.,-1.,0.));
#8548=DIRECTION('center_axis',(0.,1.,0.));
#8549=DIRECTION('ref_axis',(-1.,0.,0.));
#8550=DIRECTION('',(-1.,0.,0.));
#8551=DIRECTION('',(1.,0.,0.));
#8552=DIRECTION('center_axis',(0.,0.,1.));
#8553=DIRECTION('ref_axis',(0.,-1.,0.));
#8554=DIRECTION('center_axis',(0.,0.,-1.));
#8555=DIRECTION('ref_axis',(-1.,0.,0.));
#8556=DIRECTION('center_axis',(0.,-1.,0.));
#8557=DIRECTION('ref_axis',(1.,0.,0.));
#8558=DIRECTION('',(1.,0.,0.));
#8559=DIRECTION('',(0.,0.,1.));
#8560=DIRECTION('',(1.,0.,0.));
#8561=DIRECTION('',(0.,0.,1.));
#8562=DIRECTION('center_axis',(-1.,0.,0.));
#8563=DIRECTION('ref_axis',(0.,-1.,0.));
#8564=DIRECTION('',(0.,-1.,0.));
#8565=DIRECTION('',(0.,0.,1.));
#8566=DIRECTION('',(0.,-1.,0.));
#8567=DIRECTION('center_axis',(0.,1.,0.));
#8568=DIRECTION('ref_axis',(-1.,0.,0.));
#8569=DIRECTION('',(-1.,0.,0.));
#8570=DIRECTION('',(0.,0.,1.));
#8571=DIRECTION('',(1.,0.,0.));
#8572=DIRECTION('center_axis',(1.,0.,0.));
#8573=DIRECTION('ref_axis',(0.,1.,0.));
#8574=DIRECTION('',(0.,1.,0.));
#8575=DIRECTION('',(0.,-1.,0.));
#8576=DIRECTION('center_axis',(0.,0.,1.));
#8577=DIRECTION('ref_axis',(-1.,0.,0.));
#8578=DIRECTION('center_axis',(0.,0.,-1.));
#8579=DIRECTION('ref_axis',(-1.,0.,0.));
#8580=DIRECTION('center_axis',(0.,-1.,0.));
#8581=DIRECTION('ref_axis',(0.,0.,1.));
#8582=DIRECTION('',(0.,0.,1.));
#8583=DIRECTION('',(-1.,0.,0.));
#8584=DIRECTION('',(0.,0.,1.));
#8585=DIRECTION('',(-1.,0.,0.));
#8586=DIRECTION('center_axis',(0.,0.,-1.));
#8587=DIRECTION('ref_axis',(0.,-1.,0.));
#8588=DIRECTION('',(0.,-1.,0.));
#8589=DIRECTION('',(-1.,0.,0.));
#8590=DIRECTION('',(0.,-1.,0.));
#8591=DIRECTION('center_axis',(0.,1.,0.));
#8592=DIRECTION('ref_axis',(0.,0.,-1.));
#8593=DIRECTION('',(0.,0.,-1.));
#8594=DIRECTION('',(-1.,0.,0.));
#8595=DIRECTION('',(0.,0.,1.));
#8596=DIRECTION('center_axis',(0.,0.,1.));
#8597=DIRECTION('ref_axis',(0.,1.,0.));
#8598=DIRECTION('',(0.,1.,0.));
#8599=DIRECTION('',(0.,-1.,0.));
#8600=DIRECTION('center_axis',(-1.,0.,0.));
#8601=DIRECTION('ref_axis',(0.,0.,-1.));
#8602=DIRECTION('center_axis',(1.,0.,0.));
#8603=DIRECTION('ref_axis',(0.,0.,-1.));
#8604=DIRECTION('center_axis',(-1.,0.,0.));
#8605=DIRECTION('ref_axis',(0.,-1.,0.));
#8606=DIRECTION('',(0.,-1.,0.));
#8607=DIRECTION('',(0.,0.,1.));
#8608=DIRECTION('',(0.,1.,0.));
#8609=DIRECTION('',(0.,0.,1.));
#8610=DIRECTION('center_axis',(0.,1.,0.));
#8611=DIRECTION('ref_axis',(-1.,0.,0.));
#8612=DIRECTION('',(-1.,0.,0.));
#8613=DIRECTION('',(0.,0.,1.));
#8614=DIRECTION('',(-1.,0.,0.));
#8615=DIRECTION('center_axis',(1.,0.,0.));
#8616=DIRECTION('ref_axis',(0.,1.,0.));
#8617=DIRECTION('',(0.,1.,0.));
#8618=DIRECTION('',(0.,0.,1.));
#8619=DIRECTION('',(0.,-1.,0.));
#8620=DIRECTION('center_axis',(0.,-1.,0.));
#8621=DIRECTION('ref_axis',(1.,0.,0.));
#8622=DIRECTION('',(1.,0.,0.));
#8623=DIRECTION('',(-1.,0.,0.));
#8624=DIRECTION('center_axis',(0.,0.,1.));
#8625=DIRECTION('ref_axis',(0.,1.,0.));
#8626=DIRECTION('center_axis',(0.,0.,-1.));
#8627=DIRECTION('ref_axis',(-1.,0.,0.));
#8628=DIRECTION('center_axis',(1.,0.,0.));
#8629=DIRECTION('ref_axis',(0.,-4.1855721381956E-17,-1.));
#8630=DIRECTION('',(0.,0.,-1.));
#8631=DIRECTION('',(0.,1.,0.));
#8632=DIRECTION('',(0.,0.,-1.));
#8633=DIRECTION('',(0.,1.,0.));
#8634=DIRECTION('center_axis',(0.,-1.,0.));
#8635=DIRECTION('ref_axis',(0.,0.,-1.));
#8636=DIRECTION('',(-1.,0.,0.));
#8637=DIRECTION('',(1.,0.,0.));
#8638=DIRECTION('',(0.,0.,1.));
#8639=DIRECTION('center_axis',(0.,0.,1.));
#8640=DIRECTION('ref_axis',(1.,0.,0.));
#8641=DIRECTION('',(1.,0.,0.));
#8642=DIRECTION('',(0.,-1.,0.));
#8643=DIRECTION('center_axis',(0.,0.,-1.));
#8644=DIRECTION('ref_axis',(-1.,0.,0.));
#8645=DIRECTION('',(0.,1.,0.));
#8646=DIRECTION('',(-1.,0.,0.));
#8647=DIRECTION('',(0.,1.,0.));
#8648=DIRECTION('',(1.,0.,0.));
#8649=DIRECTION('center_axis',(0.,0.,1.));
#8650=DIRECTION('ref_axis',(1.,0.,0.));
#8651=DIRECTION('',(1.,0.,0.));
#8652=DIRECTION('',(0.,1.,0.));
#8653=DIRECTION('',(1.,0.,0.));
#8654=DIRECTION('',(0.,1.,0.));
#8655=DIRECTION('center_axis',(-1.,0.,0.));
#8656=DIRECTION('ref_axis',(0.,0.,1.));
#8657=DIRECTION('',(0.,0.,-1.));
#8658=DIRECTION('',(0.,0.,1.));
#8659=DIRECTION('center_axis',(1.,0.,0.));
#8660=DIRECTION('ref_axis',(0.,0.,-1.));
#8661=DIRECTION('',(0.,0.,1.));
#8662=DIRECTION('',(0.,0.,-1.));
#8663=DIRECTION('center_axis',(0.,1.,0.));
#8664=DIRECTION('ref_axis',(0.,0.,1.));
#8665=DIRECTION('center_axis',(0.,1.,0.));
#8666=DIRECTION('ref_axis',(0.,0.,1.));
#8667=DIRECTION('center_axis',(0.,0.,-1.));
#8668=DIRECTION('ref_axis',(-1.,0.,0.));
#8669=DIRECTION('',(-1.,0.,0.));
#8670=DIRECTION('',(0.,1.,0.));
#8671=DIRECTION('',(-1.,0.,0.));
#8672=DIRECTION('',(0.,1.,0.));
#8673=DIRECTION('center_axis',(1.,0.,0.));
#8674=DIRECTION('ref_axis',(0.,0.,-1.));
#8675=DIRECTION('',(0.,0.,1.));
#8676=DIRECTION('',(0.,0.,-1.));
#8677=DIRECTION('',(0.,1.,0.));
#8678=DIRECTION('center_axis',(-1.,0.,0.));
#8679=DIRECTION('ref_axis',(0.,0.,1.));
#8680=DIRECTION('',(0.,0.,-1.));
#8681=DIRECTION('',(0.,1.,0.));
#8682=DIRECTION('',(0.,0.,1.));
#8683=DIRECTION('center_axis',(0.,1.,0.));
#8684=DIRECTION('ref_axis',(0.,0.,1.));
#8685=DIRECTION('',(1.,0.,0.));
#8686=DIRECTION('',(0.,0.,-1.));
#8687=DIRECTION('',(-1.,0.,0.));
#8688=DIRECTION('center_axis',(0.,1.,0.));
#8689=DIRECTION('ref_axis',(0.,0.,-1.));
#8690=DIRECTION('',(1.,0.,0.));
#8691=DIRECTION('',(0.,0.,1.));
#8692=DIRECTION('',(-1.,0.,0.));
#8693=DIRECTION('center_axis',(1.,0.,0.));
#8694=DIRECTION('ref_axis',(0.,0.,-1.));
#8695=DIRECTION('',(0.,1.,0.));
#8696=DIRECTION('',(0.,1.,0.));
#8697=DIRECTION('center_axis',(0.,0.,-1.));
#8698=DIRECTION('ref_axis',(-1.,0.,0.));
#8699=DIRECTION('center_axis',(0.,0.,1.));
#8700=DIRECTION('ref_axis',(1.,0.,0.));
#8701=DIRECTION('',(0.,0.,1.));
#8702=DIRECTION('',(1.,0.,0.));
#8703=CARTESIAN_POINT('',(0.,0.,0.));
#8704=CARTESIAN_POINT('',(0.,0.,0.));
#8705=CARTESIAN_POINT('Origin',(-0.0371931782090318,3.,2.525));
#8706=CARTESIAN_POINT('',(76.2,4.5,2.525));
#8707=CARTESIAN_POINT('',(73.175,4.5,2.525));
#8708=CARTESIAN_POINT('',(19.2736534108955,4.5,2.525));
#8709=CARTESIAN_POINT('',(76.2,3.,2.525));
#8710=CARTESIAN_POINT('',(76.2,5.75,2.525));
#8711=CARTESIAN_POINT('',(73.175,3.,2.525));
#8712=CARTESIAN_POINT('',(19.2736534108955,3.,2.525));
#8713=CARTESIAN_POINT('',(73.175,8.5,2.525));
#8714=CARTESIAN_POINT('Origin',(-0.0371931782090318,3.,2.525));
#8715=CARTESIAN_POINT('',(54.125,4.5,2.525));
#8716=CARTESIAN_POINT('',(54.125,3.,2.525));
#8717=CARTESIAN_POINT('',(54.125,8.5,2.525));
#8718=CARTESIAN_POINT('',(60.175,4.5,2.525));
#8719=CARTESIAN_POINT('',(19.2736534108955,4.5,2.525));
#8720=CARTESIAN_POINT('',(60.175,3.,2.525));
#8721=CARTESIAN_POINT('',(60.175,8.5,2.525));
#8722=CARTESIAN_POINT('',(19.2736534108955,3.,2.525));
#8723=CARTESIAN_POINT('Origin',(-0.0371931782090318,3.,2.525));
#8724=CARTESIAN_POINT('',(3.025,4.5,2.525));
#8725=CARTESIAN_POINT('',(3.025,3.,2.525));
#8726=CARTESIAN_POINT('',(3.025,8.5,2.525));
#8727=CARTESIAN_POINT('',(-0.0371931782090318,3.,2.525));
#8728=CARTESIAN_POINT('',(19.2736534108955,3.,2.525));
#8729=CARTESIAN_POINT('',(-0.0371931782090318,4.5,2.525));
#8730=CARTESIAN_POINT('',(-0.0371931782090318,5.75,2.525));
#8731=CARTESIAN_POINT('',(19.2736534108955,4.5,2.525));
#8732=CARTESIAN_POINT('Origin',(-0.0371931782090318,3.,2.525));
#8733=CARTESIAN_POINT('',(35.075,4.5,2.525));
#8734=CARTESIAN_POINT('',(35.075,3.,2.525));
#8735=CARTESIAN_POINT('',(35.075,8.5,2.525));
#8736=CARTESIAN_POINT('',(41.125,4.5,2.525));
#8737=CARTESIAN_POINT('',(19.2736534108955,4.5,2.525));
#8738=CARTESIAN_POINT('',(41.125,3.,2.525));
#8739=CARTESIAN_POINT('',(41.125,8.5,2.525));
#8740=CARTESIAN_POINT('',(19.2736534108955,3.,2.525));
#8741=CARTESIAN_POINT('Origin',(-0.0371931782090318,3.,2.525));
#8742=CARTESIAN_POINT('',(22.075,4.5,2.525));
#8743=CARTESIAN_POINT('',(22.075,3.,2.525));
#8744=CARTESIAN_POINT('',(22.075,8.5,2.525));
#8745=CARTESIAN_POINT('',(16.025,3.,2.525));
#8746=CARTESIAN_POINT('',(19.2736534108955,3.,2.525));
#8747=CARTESIAN_POINT('',(16.025,4.5,2.525));
#8748=CARTESIAN_POINT('',(16.025,8.5,2.525));
#8749=CARTESIAN_POINT('',(19.2736534108955,4.5,2.525));
#8750=CARTESIAN_POINT('Origin',(-0.0371931782090318,8.5,57.15));
#8751=CARTESIAN_POINT('',(-0.0371931782090318,3.,57.15));
#8752=CARTESIAN_POINT('',(-0.0371931782090318,3.,37.953));
#8753=CARTESIAN_POINT('',(-0.0371931782090318,4.5,57.15));
#8754=CARTESIAN_POINT('',(-0.0371931782090323,8.5,57.15));
#8755=CARTESIAN_POINT('',(-0.0371931782090318,4.5,37.953));
#8756=CARTESIAN_POINT('Origin',(38.5845,4.5,18.756));
#8757=CARTESIAN_POINT('',(16.525,4.5,3.025));
#8758=CARTESIAN_POINT('Origin',(16.025,4.5,3.025));
#8759=CARTESIAN_POINT('',(16.525,4.5,16.025));
#8760=CARTESIAN_POINT('',(16.525,4.5,17.3905));
#8761=CARTESIAN_POINT('',(16.025,4.5,16.525));
#8762=CARTESIAN_POINT('Origin',(16.025,4.5,16.025));
#8763=CARTESIAN_POINT('',(3.025,4.5,16.525));
#8764=CARTESIAN_POINT('',(20.80475,4.5,16.525));
#8765=CARTESIAN_POINT('',(2.525,4.5,16.025));
#8766=CARTESIAN_POINT('Origin',(3.025,4.5,16.025));
#8767=CARTESIAN_POINT('',(2.525,4.5,3.025));
#8768=CARTESIAN_POINT('',(2.525,4.5,10.8905));
#8769=CARTESIAN_POINT('Origin',(3.025,4.5,3.025));
#8770=CARTESIAN_POINT('',(76.2,4.5,57.15));
#8771=CARTESIAN_POINT('',(57.39225,4.5,57.15));
#8772=CARTESIAN_POINT('',(76.2,4.5,9.378));
#8773=CARTESIAN_POINT('',(73.675,4.5,3.025));
#8774=CARTESIAN_POINT('Origin',(73.175,4.5,3.025));
#8775=CARTESIAN_POINT('',(73.675,4.5,16.025));
#8776=CARTESIAN_POINT('',(73.675,4.5,17.3905));
#8777=CARTESIAN_POINT('',(73.175,4.5,16.525));
#8778=CARTESIAN_POINT('Origin',(73.175,4.5,16.025));
#8779=CARTESIAN_POINT('',(60.175,4.5,16.525));
#8780=CARTESIAN_POINT('',(49.37975,4.5,16.525));
#8781=CARTESIAN_POINT('',(59.675,4.5,16.025));
#8782=CARTESIAN_POINT('Origin',(60.175,4.5,16.025));
#8783=CARTESIAN_POINT('',(59.675,4.5,3.025));
#8784=CARTESIAN_POINT('',(59.675,4.5,10.8905));
#8785=CARTESIAN_POINT('Origin',(60.175,4.5,3.025));
#8786=CARTESIAN_POINT('',(54.625,4.5,3.025));
#8787=CARTESIAN_POINT('Origin',(54.125,4.5,3.025));
#8788=CARTESIAN_POINT('',(54.625,4.5,16.025));
#8789=CARTESIAN_POINT('',(54.625,4.5,17.3905));
#8790=CARTESIAN_POINT('',(54.125,4.5,16.525));
#8791=CARTESIAN_POINT('Origin',(54.125,4.5,16.025));
#8792=CARTESIAN_POINT('',(41.125,4.5,16.525));
#8793=CARTESIAN_POINT('',(39.85475,4.5,16.525));
#8794=CARTESIAN_POINT('',(40.625,4.5,16.025));
#8795=CARTESIAN_POINT('Origin',(41.125,4.5,16.025));
#8796=CARTESIAN_POINT('',(40.625,4.5,3.025));
#8797=CARTESIAN_POINT('',(40.625,4.5,10.8905));
#8798=CARTESIAN_POINT('Origin',(41.125,4.5,3.025));
#8799=CARTESIAN_POINT('',(35.575,4.5,3.025));
#8800=CARTESIAN_POINT('Origin',(35.075,4.5,3.025));
#8801=CARTESIAN_POINT('',(35.575,4.5,16.025));
#8802=CARTESIAN_POINT('',(35.575,4.5,17.3905));
#8803=CARTESIAN_POINT('',(35.075,4.5,16.525));
#8804=CARTESIAN_POINT('Origin',(35.075,4.5,16.025));
#8805=CARTESIAN_POINT('',(22.075,4.5,16.525));
#8806=CARTESIAN_POINT('',(30.32975,4.5,16.525));
#8807=CARTESIAN_POINT('',(21.575,4.5,16.025));
#8808=CARTESIAN_POINT('Origin',(22.075,4.5,16.025));
#8809=CARTESIAN_POINT('',(21.575,4.5,3.025));
#8810=CARTESIAN_POINT('',(21.575,4.5,10.8905));
#8811=CARTESIAN_POINT('Origin',(22.075,4.5,3.025));
#8812=CARTESIAN_POINT('',(73.175,4.5,54.625));
#8813=CARTESIAN_POINT('',(60.175,4.5,54.625));
#8814=CARTESIAN_POINT('',(49.37975,4.5,54.625));
#8815=CARTESIAN_POINT('',(59.675,4.5,54.125));
#8816=CARTESIAN_POINT('Origin',(60.175,4.5,54.125));
#8817=CARTESIAN_POINT('',(59.675,4.5,41.125));
#8818=CARTESIAN_POINT('',(59.675,4.5,29.9405));
#8819=CARTESIAN_POINT('',(60.175,4.5,40.625));
#8820=CARTESIAN_POINT('Origin',(60.175,4.5,41.125));
#8821=CARTESIAN_POINT('',(73.175,4.5,40.625));
#8822=CARTESIAN_POINT('',(55.87975,4.5,40.625));
#8823=CARTESIAN_POINT('',(73.675,4.5,41.125));
#8824=CARTESIAN_POINT('Origin',(73.175,4.5,41.125));
#8825=CARTESIAN_POINT('',(73.675,4.5,54.125));
#8826=CARTESIAN_POINT('',(73.675,4.5,36.4405));
#8827=CARTESIAN_POINT('Origin',(73.175,4.5,54.125));
#8828=CARTESIAN_POINT('',(16.025,4.5,54.625));
#8829=CARTESIAN_POINT('',(3.025,4.5,54.625));
#8830=CARTESIAN_POINT('',(20.80475,4.5,54.625));
#8831=CARTESIAN_POINT('',(2.525,4.5,54.125));
#8832=CARTESIAN_POINT('Origin',(3.025,4.5,54.125));
#8833=CARTESIAN_POINT('',(2.525,4.5,41.125));
#8834=CARTESIAN_POINT('',(2.525,4.5,29.9405));
#8835=CARTESIAN_POINT('',(3.025,4.5,40.625));
#8836=CARTESIAN_POINT('Origin',(3.025,4.5,41.125));
#8837=CARTESIAN_POINT('',(16.025,4.5,40.625));
#8838=CARTESIAN_POINT('',(27.30475,4.5,40.625));
#8839=CARTESIAN_POINT('',(16.525,4.5,41.125));
#8840=CARTESIAN_POINT('Origin',(16.025,4.5,41.125));
#8841=CARTESIAN_POINT('',(16.525,4.5,54.125));
#8842=CARTESIAN_POINT('',(16.525,4.5,36.4405));
#8843=CARTESIAN_POINT('Origin',(16.025,4.5,54.125));
#8844=CARTESIAN_POINT('',(35.075,4.5,54.625));
#8845=CARTESIAN_POINT('',(22.075,4.5,54.625));
#8846=CARTESIAN_POINT('',(30.32975,4.5,54.625));
#8847=CARTESIAN_POINT('',(21.575,4.5,54.125));
#8848=CARTESIAN_POINT('Origin',(22.075,4.5,54.125));
#8849=CARTESIAN_POINT('',(21.575,4.5,41.125));
#8850=CARTESIAN_POINT('',(21.575,4.5,29.9405));
#8851=CARTESIAN_POINT('',(22.075,4.5,40.625));
#8852=CARTESIAN_POINT('Origin',(22.075,4.5,41.125));
#8853=CARTESIAN_POINT('',(35.075,4.5,40.625));
#8854=CARTESIAN_POINT('',(36.82975,4.5,40.625));
#8855=CARTESIAN_POINT('',(35.575,4.5,41.125));
#8856=CARTESIAN_POINT('Origin',(35.075,4.5,41.125));
#8857=CARTESIAN_POINT('',(35.575,4.5,54.125));
#8858=CARTESIAN_POINT('',(35.575,4.5,36.4405));
#8859=CARTESIAN_POINT('Origin',(35.075,4.5,54.125));
#8860=CARTESIAN_POINT('',(16.025,4.5,35.575));
#8861=CARTESIAN_POINT('',(3.025,4.5,35.575));
#8862=CARTESIAN_POINT('',(20.80475,4.5,35.575));
#8863=CARTESIAN_POINT('',(2.525,4.5,35.075));
#8864=CARTESIAN_POINT('Origin',(3.025,4.5,35.075));
#8865=CARTESIAN_POINT('',(2.525,4.5,22.075));
#8866=CARTESIAN_POINT('',(2.525,4.5,20.4155));
#8867=CARTESIAN_POINT('',(3.025,4.5,21.575));
#8868=CARTESIAN_POINT('Origin',(3.025,4.5,22.075));
#8869=CARTESIAN_POINT('',(16.025,4.5,21.575));
#8870=CARTESIAN_POINT('',(27.30475,4.5,21.575));
#8871=CARTESIAN_POINT('',(16.525,4.5,22.075));
#8872=CARTESIAN_POINT('Origin',(16.025,4.5,22.075));
#8873=CARTESIAN_POINT('',(16.525,4.5,35.075));
#8874=CARTESIAN_POINT('',(16.525,4.5,26.9155));
#8875=CARTESIAN_POINT('Origin',(16.025,4.5,35.075));
#8876=CARTESIAN_POINT('',(73.175,4.5,35.575));
#8877=CARTESIAN_POINT('',(60.175,4.5,35.575));
#8878=CARTESIAN_POINT('',(49.37975,4.5,35.575));
#8879=CARTESIAN_POINT('',(59.675,4.5,35.075));
#8880=CARTESIAN_POINT('Origin',(60.175,4.5,35.075));
#8881=CARTESIAN_POINT('',(59.675,4.5,22.075));
#8882=CARTESIAN_POINT('',(59.675,4.5,20.4155));
#8883=CARTESIAN_POINT('',(60.175,4.5,21.575));
#8884=CARTESIAN_POINT('Origin',(60.175,4.5,22.075));
#8885=CARTESIAN_POINT('',(73.175,4.5,21.575));
#8886=CARTESIAN_POINT('',(55.87975,4.5,21.575));
#8887=CARTESIAN_POINT('',(73.675,4.5,22.075));
#8888=CARTESIAN_POINT('Origin',(73.175,4.5,22.075));
#8889=CARTESIAN_POINT('',(73.675,4.5,35.075));
#8890=CARTESIAN_POINT('',(73.675,4.5,26.9155));
#8891=CARTESIAN_POINT('Origin',(73.175,4.5,35.075));
#8892=CARTESIAN_POINT('',(54.125,4.5,54.625));
#8893=CARTESIAN_POINT('',(41.125,4.5,54.625));
#8894=CARTESIAN_POINT('',(39.85475,4.5,54.625));
#8895=CARTESIAN_POINT('',(40.625,4.5,54.125));
#8896=CARTESIAN_POINT('Origin',(41.125,4.5,54.125));
#8897=CARTESIAN_POINT('',(40.625,4.5,41.125));
#8898=CARTESIAN_POINT('',(40.625,4.5,29.9405));
#8899=CARTESIAN_POINT('',(41.125,4.5,40.625));
#8900=CARTESIAN_POINT('Origin',(41.125,4.5,41.125));
#8901=CARTESIAN_POINT('',(54.125,4.5,40.625));
#8902=CARTESIAN_POINT('',(46.35475,4.5,40.625));
#8903=CARTESIAN_POINT('',(54.625,4.5,41.125));
#8904=CARTESIAN_POINT('Origin',(54.125,4.5,41.125));
#8905=CARTESIAN_POINT('',(54.625,4.5,54.125));
#8906=CARTESIAN_POINT('',(54.625,4.5,36.4405));
#8907=CARTESIAN_POINT('Origin',(54.125,4.5,54.125));
#8908=CARTESIAN_POINT('',(35.075,4.5,35.575));
#8909=CARTESIAN_POINT('',(22.075,4.5,35.575));
#8910=CARTESIAN_POINT('',(30.32975,4.5,35.575));
#8911=CARTESIAN_POINT('',(21.575,4.5,35.075));
#8912=CARTESIAN_POINT('Origin',(22.075,4.5,35.075));
#8913=CARTESIAN_POINT('',(21.575,4.5,22.075));
#8914=CARTESIAN_POINT('',(21.575,4.5,20.4155));
#8915=CARTESIAN_POINT('',(22.075,4.5,21.575));
#8916=CARTESIAN_POINT('Origin',(22.075,4.5,22.075));
#8917=CARTESIAN_POINT('',(35.075,4.5,21.575));
#8918=CARTESIAN_POINT('',(36.82975,4.5,21.575));
#8919=CARTESIAN_POINT('',(35.575,4.5,22.075));
#8920=CARTESIAN_POINT('Origin',(35.075,4.5,22.075));
#8921=CARTESIAN_POINT('',(35.575,4.5,35.075));
#8922=CARTESIAN_POINT('',(35.575,4.5,26.9155));
#8923=CARTESIAN_POINT('Origin',(35.075,4.5,35.075));
#8924=CARTESIAN_POINT('',(54.125,4.5,35.575));
#8925=CARTESIAN_POINT('',(41.125,4.5,35.575));
#8926=CARTESIAN_POINT('',(39.85475,4.5,35.575));
#8927=CARTESIAN_POINT('',(40.625,4.5,35.075));
#8928=CARTESIAN_POINT('Origin',(41.125,4.5,35.075));
#8929=CARTESIAN_POINT('',(40.625,4.5,22.075));
#8930=CARTESIAN_POINT('',(40.625,4.5,20.4155));
#8931=CARTESIAN_POINT('',(41.125,4.5,21.575));
#8932=CARTESIAN_POINT('Origin',(41.125,4.5,22.075));
#8933=CARTESIAN_POINT('',(54.125,4.5,21.575));
#8934=CARTESIAN_POINT('',(46.35475,4.5,21.575));
#8935=CARTESIAN_POINT('',(54.625,4.5,22.075));
#8936=CARTESIAN_POINT('Origin',(54.125,4.5,22.075));
#8937=CARTESIAN_POINT('',(54.625,4.5,35.075));
#8938=CARTESIAN_POINT('',(54.625,4.5,26.9155));
#8939=CARTESIAN_POINT('Origin',(54.125,4.5,35.075));
#8940=CARTESIAN_POINT('Origin',(38.5845,3.,18.756));
#8941=CARTESIAN_POINT('',(21.575,3.,3.025));
#8942=CARTESIAN_POINT('Origin',(22.075,3.,3.025));
#8943=CARTESIAN_POINT('',(21.575,3.,16.025));
#8944=CARTESIAN_POINT('',(21.575,3.,10.8905));
#8945=CARTESIAN_POINT('',(22.075,3.,16.525));
#8946=CARTESIAN_POINT('Origin',(22.075,3.,16.025));
#8947=CARTESIAN_POINT('',(35.075,3.,16.525));
#8948=CARTESIAN_POINT('',(30.32975,3.,16.525));
#8949=CARTESIAN_POINT('',(35.575,3.,16.025));
#8950=CARTESIAN_POINT('Origin',(35.075,3.,16.025));
#8951=CARTESIAN_POINT('',(35.575,3.,3.025));
#8952=CARTESIAN_POINT('',(35.575,3.,17.3905));
#8953=CARTESIAN_POINT('Origin',(35.075,3.,3.025));
#8954=CARTESIAN_POINT('',(40.625,3.,3.025));
#8955=CARTESIAN_POINT('Origin',(41.125,3.,3.025));
#8956=CARTESIAN_POINT('',(40.625,3.,16.025));
#8957=CARTESIAN_POINT('',(40.625,3.,10.8905));
#8958=CARTESIAN_POINT('',(41.125,3.,16.525));
#8959=CARTESIAN_POINT('Origin',(41.125,3.,16.025));
#8960=CARTESIAN_POINT('',(54.125,3.,16.525));
#8961=CARTESIAN_POINT('',(39.85475,3.,16.525));
#8962=CARTESIAN_POINT('',(54.625,3.,16.025));
#8963=CARTESIAN_POINT('Origin',(54.125,3.,16.025));
#8964=CARTESIAN_POINT('',(54.625,3.,3.025));
#8965=CARTESIAN_POINT('',(54.625,3.,17.3905));
#8966=CARTESIAN_POINT('Origin',(54.125,3.,3.025));
#8967=CARTESIAN_POINT('',(59.675,3.,3.025));
#8968=CARTESIAN_POINT('Origin',(60.175,3.,3.025));
#8969=CARTESIAN_POINT('',(59.675,3.,16.025));
#8970=CARTESIAN_POINT('',(59.675,3.,10.8905));
#8971=CARTESIAN_POINT('',(60.175,3.,16.525));
#8972=CARTESIAN_POINT('Origin',(60.175,3.,16.025));
#8973=CARTESIAN_POINT('',(73.175,3.,16.525));
#8974=CARTESIAN_POINT('',(49.37975,3.,16.525));
#8975=CARTESIAN_POINT('',(73.675,3.,16.025));
#8976=CARTESIAN_POINT('Origin',(73.175,3.,16.025));
#8977=CARTESIAN_POINT('',(73.675,3.,3.025));
#8978=CARTESIAN_POINT('',(73.675,3.,17.3905));
#8979=CARTESIAN_POINT('Origin',(73.175,3.,3.025));
#8980=CARTESIAN_POINT('',(76.2,3.,57.15));
#8981=CARTESIAN_POINT('',(76.2,3.,9.378));
#8982=CARTESIAN_POINT('',(57.39225,3.,57.15));
#8983=CARTESIAN_POINT('',(2.525,3.,3.025));
#8984=CARTESIAN_POINT('Origin',(3.025,3.,3.025));
#8985=CARTESIAN_POINT('',(2.525,3.,16.025));
#8986=CARTESIAN_POINT('',(2.525,3.,10.8905));
#8987=CARTESIAN_POINT('',(3.025,3.,16.525));
#8988=CARTESIAN_POINT('Origin',(3.025,3.,16.025));
#8989=CARTESIAN_POINT('',(16.025,3.,16.525));
#8990=CARTESIAN_POINT('',(20.80475,3.,16.525));
#8991=CARTESIAN_POINT('',(16.525,3.,16.025));
#8992=CARTESIAN_POINT('Origin',(16.025,3.,16.025));
#8993=CARTESIAN_POINT('',(16.525,3.,3.025));
#8994=CARTESIAN_POINT('',(16.525,3.,17.3905));
#8995=CARTESIAN_POINT('Origin',(16.025,3.,3.025));
#8996=CARTESIAN_POINT('',(54.125,3.,35.575));
#8997=CARTESIAN_POINT('',(41.125,3.,35.575));
#8998=CARTESIAN_POINT('',(39.85475,3.,35.575));
#8999=CARTESIAN_POINT('',(54.625,3.,35.075));
#9000=CARTESIAN_POINT('Origin',(54.125,3.,35.075));
#9001=CARTESIAN_POINT('',(54.625,3.,22.075));
#9002=CARTESIAN_POINT('',(54.625,3.,26.9155));
#9003=CARTESIAN_POINT('',(54.125,3.,21.575));
#9004=CARTESIAN_POINT('Origin',(54.125,3.,22.075));
#9005=CARTESIAN_POINT('',(41.125,3.,21.575));
#9006=CARTESIAN_POINT('',(46.35475,3.,21.575));
#9007=CARTESIAN_POINT('',(40.625,3.,22.075));
#9008=CARTESIAN_POINT('Origin',(41.125,3.,22.075));
#9009=CARTESIAN_POINT('',(40.625,3.,35.075));
#9010=CARTESIAN_POINT('',(40.625,3.,20.4155));
#9011=CARTESIAN_POINT('Origin',(41.125,3.,35.075));
#9012=CARTESIAN_POINT('',(35.075,3.,35.575));
#9013=CARTESIAN_POINT('',(22.075,3.,35.575));
#9014=CARTESIAN_POINT('',(30.32975,3.,35.575));
#9015=CARTESIAN_POINT('',(35.575,3.,35.075));
#9016=CARTESIAN_POINT('Origin',(35.075,3.,35.075));
#9017=CARTESIAN_POINT('',(35.575,3.,22.075));
#9018=CARTESIAN_POINT('',(35.575,3.,26.9155));
#9019=CARTESIAN_POINT('',(35.075,3.,21.575));
#9020=CARTESIAN_POINT('Origin',(35.075,3.,22.075));
#9021=CARTESIAN_POINT('',(22.075,3.,21.575));
#9022=CARTESIAN_POINT('',(36.82975,3.,21.575));
#9023=CARTESIAN_POINT('',(21.575,3.,22.075));
#9024=CARTESIAN_POINT('Origin',(22.075,3.,22.075));
#9025=CARTESIAN_POINT('',(21.575,3.,35.075));
#9026=CARTESIAN_POINT('',(21.575,3.,20.4155));
#9027=CARTESIAN_POINT('Origin',(22.075,3.,35.075));
#9028=CARTESIAN_POINT('',(54.125,3.,54.625));
#9029=CARTESIAN_POINT('',(41.125,3.,54.625));
#9030=CARTESIAN_POINT('',(39.85475,3.,54.625));
#9031=CARTESIAN_POINT('',(54.625,3.,54.125));
#9032=CARTESIAN_POINT('Origin',(54.125,3.,54.125));
#9033=CARTESIAN_POINT('',(54.625,3.,41.125));
#9034=CARTESIAN_POINT('',(54.625,3.,36.4405));
#9035=CARTESIAN_POINT('',(54.125,3.,40.625));
#9036=CARTESIAN_POINT('Origin',(54.125,3.,41.125));
#9037=CARTESIAN_POINT('',(41.125,3.,40.625));
#9038=CARTESIAN_POINT('',(46.35475,3.,40.625));
#9039=CARTESIAN_POINT('',(40.625,3.,41.125));
#9040=CARTESIAN_POINT('Origin',(41.125,3.,41.125));
#9041=CARTESIAN_POINT('',(40.625,3.,54.125));
#9042=CARTESIAN_POINT('',(40.625,3.,29.9405));
#9043=CARTESIAN_POINT('Origin',(41.125,3.,54.125));
#9044=CARTESIAN_POINT('',(73.175,3.,35.575));
#9045=CARTESIAN_POINT('',(60.175,3.,35.575));
#9046=CARTESIAN_POINT('',(49.37975,3.,35.575));
#9047=CARTESIAN_POINT('',(73.675,3.,35.075));
#9048=CARTESIAN_POINT('Origin',(73.175,3.,35.075));
#9049=CARTESIAN_POINT('',(73.675,3.,22.075));
#9050=CARTESIAN_POINT('',(73.675,3.,26.9155));
#9051=CARTESIAN_POINT('',(73.175,3.,21.575));
#9052=CARTESIAN_POINT('Origin',(73.175,3.,22.075));
#9053=CARTESIAN_POINT('',(60.175,3.,21.575));
#9054=CARTESIAN_POINT('',(55.87975,3.,21.575));
#9055=CARTESIAN_POINT('',(59.675,3.,22.075));
#9056=CARTESIAN_POINT('Origin',(60.175,3.,22.075));
#9057=CARTESIAN_POINT('',(59.675,3.,35.075));
#9058=CARTESIAN_POINT('',(59.675,3.,20.4155));
#9059=CARTESIAN_POINT('Origin',(60.175,3.,35.075));
#9060=CARTESIAN_POINT('',(16.025,3.,35.575));
#9061=CARTESIAN_POINT('',(3.025,3.,35.575));
#9062=CARTESIAN_POINT('',(20.80475,3.,35.575));
#9063=CARTESIAN_POINT('',(16.525,3.,35.075));
#9064=CARTESIAN_POINT('Origin',(16.025,3.,35.075));
#9065=CARTESIAN_POINT('',(16.525,3.,22.075));
#9066=CARTESIAN_POINT('',(16.525,3.,26.9155));
#9067=CARTESIAN_POINT('',(16.025,3.,21.575));
#9068=CARTESIAN_POINT('Origin',(16.025,3.,22.075));
#9069=CARTESIAN_POINT('',(3.025,3.,21.575));
#9070=CARTESIAN_POINT('',(27.30475,3.,21.575));
#9071=CARTESIAN_POINT('',(2.525,3.,22.075));
#9072=CARTESIAN_POINT('Origin',(3.025,3.,22.075));
#9073=CARTESIAN_POINT('',(2.525,3.,35.075));
#9074=CARTESIAN_POINT('',(2.525,3.,20.4155));
#9075=CARTESIAN_POINT('Origin',(3.025,3.,35.075));
#9076=CARTESIAN_POINT('',(35.075,3.,54.625));
#9077=CARTESIAN_POINT('',(22.075,3.,54.625));
#9078=CARTESIAN_POINT('',(30.32975,3.,54.625));
#9079=CARTESIAN_POINT('',(35.575,3.,54.125));
#9080=CARTESIAN_POINT('Origin',(35.075,3.,54.125));
#9081=CARTESIAN_POINT('',(35.575,3.,41.125));
#9082=CARTESIAN_POINT('',(35.575,3.,36.4405));
#9083=CARTESIAN_POINT('',(35.075,3.,40.625));
#9084=CARTESIAN_POINT('Origin',(35.075,3.,41.125));
#9085=CARTESIAN_POINT('',(22.075,3.,40.625));
#9086=CARTESIAN_POINT('',(36.82975,3.,40.625));
#9087=CARTESIAN_POINT('',(21.575,3.,41.125));
#9088=CARTESIAN_POINT('Origin',(22.075,3.,41.125));
#9089=CARTESIAN_POINT('',(21.575,3.,54.125));
#9090=CARTESIAN_POINT('',(21.575,3.,29.9405));
#9091=CARTESIAN_POINT('Origin',(22.075,3.,54.125));
#9092=CARTESIAN_POINT('',(16.025,3.,54.625));
#9093=CARTESIAN_POINT('',(3.025,3.,54.625));
#9094=CARTESIAN_POINT('',(20.80475,3.,54.625));
#9095=CARTESIAN_POINT('',(16.525,3.,54.125));
#9096=CARTESIAN_POINT('Origin',(16.025,3.,54.125));
#9097=CARTESIAN_POINT('',(16.525,3.,41.125));
#9098=CARTESIAN_POINT('',(16.525,3.,36.4405));
#9099=CARTESIAN_POINT('',(16.025,3.,40.625));
#9100=CARTESIAN_POINT('Origin',(16.025,3.,41.125));
#9101=CARTESIAN_POINT('',(3.025,3.,40.625));
#9102=CARTESIAN_POINT('',(27.30475,3.,40.625));
#9103=CARTESIAN_POINT('',(2.525,3.,41.125));
#9104=CARTESIAN_POINT('Origin',(3.025,3.,41.125));
#9105=CARTESIAN_POINT('',(2.525,3.,54.125));
#9106=CARTESIAN_POINT('',(2.525,3.,29.9405));
#9107=CARTESIAN_POINT('Origin',(3.025,3.,54.125));
#9108=CARTESIAN_POINT('',(73.175,3.,54.625));
#9109=CARTESIAN_POINT('',(60.175,3.,54.625));
#9110=CARTESIAN_POINT('',(49.37975,3.,54.625));
#9111=CARTESIAN_POINT('',(73.675,3.,54.125));
#9112=CARTESIAN_POINT('Origin',(73.175,3.,54.125));
#9113=CARTESIAN_POINT('',(73.675,3.,41.125));
#9114=CARTESIAN_POINT('',(73.675,3.,36.4405));
#9115=CARTESIAN_POINT('',(73.175,3.,40.625));
#9116=CARTESIAN_POINT('Origin',(73.175,3.,41.125));
#9117=CARTESIAN_POINT('',(60.175,3.,40.625));
#9118=CARTESIAN_POINT('',(55.87975,3.,40.625));
#9119=CARTESIAN_POINT('',(59.675,3.,41.125));
#9120=CARTESIAN_POINT('Origin',(60.175,3.,41.125));
#9121=CARTESIAN_POINT('',(59.675,3.,54.125));
#9122=CARTESIAN_POINT('',(59.675,3.,29.9405));
#9123=CARTESIAN_POINT('Origin',(60.175,3.,54.125));
#9124=CARTESIAN_POINT('Origin',(35.075,8.5,3.025));
#9125=CARTESIAN_POINT('',(35.575,8.5,3.025));
#9126=CARTESIAN_POINT('Origin',(35.575,8.5,16.025));
#9127=CARTESIAN_POINT('',(35.575,8.5,16.025));
#9128=CARTESIAN_POINT('Origin',(35.075,8.5,16.025));
#9129=CARTESIAN_POINT('',(35.075,8.5,16.525));
#9130=CARTESIAN_POINT('Origin',(54.125,8.5,3.025));
#9131=CARTESIAN_POINT('',(54.625,8.5,3.025));
#9132=CARTESIAN_POINT('Origin',(54.625,8.5,16.025));
#9133=CARTESIAN_POINT('',(54.625,8.5,16.025));
#9134=CARTESIAN_POINT('Origin',(54.125,8.5,16.025));
#9135=CARTESIAN_POINT('',(54.125,8.5,16.525));
#9136=CARTESIAN_POINT('Origin',(73.175,8.5,40.625));
#9137=CARTESIAN_POINT('',(73.175,8.5,40.625));
#9138=CARTESIAN_POINT('',(60.175,8.5,40.625));
#9139=CARTESIAN_POINT('Origin',(73.175,8.5,41.125));
#9140=CARTESIAN_POINT('',(73.675,8.5,41.125));
#9141=CARTESIAN_POINT('Origin',(73.675,8.5,54.125));
#9142=CARTESIAN_POINT('',(73.675,8.5,54.125));
#9143=CARTESIAN_POINT('Origin',(73.175,8.5,54.125));
#9144=CARTESIAN_POINT('',(73.175,8.5,54.625));
#9145=CARTESIAN_POINT('Origin',(16.025,8.5,40.625));
#9146=CARTESIAN_POINT('',(16.025,8.5,40.625));
#9147=CARTESIAN_POINT('',(3.025,8.5,40.625));
#9148=CARTESIAN_POINT('Origin',(16.025,8.5,41.125));
#9149=CARTESIAN_POINT('',(16.525,8.5,41.125));
#9150=CARTESIAN_POINT('Origin',(16.525,8.5,54.125));
#9151=CARTESIAN_POINT('',(16.525,8.5,54.125));
#9152=CARTESIAN_POINT('Origin',(16.025,8.5,54.125));
#9153=CARTESIAN_POINT('',(16.025,8.5,54.625));
#9154=CARTESIAN_POINT('Origin',(16.025,8.5,3.025));
#9155=CARTESIAN_POINT('',(16.525,8.5,3.025));
#9156=CARTESIAN_POINT('Origin',(16.525,8.5,16.025));
#9157=CARTESIAN_POINT('',(16.525,8.5,16.025));
#9158=CARTESIAN_POINT('Origin',(16.025,8.5,16.025));
#9159=CARTESIAN_POINT('',(16.025,8.5,16.525));
#9160=CARTESIAN_POINT('Origin',(73.175,8.5,3.025));
#9161=CARTESIAN_POINT('',(73.675,8.5,3.025));
#9162=CARTESIAN_POINT('Origin',(73.675,8.5,16.025));
#9163=CARTESIAN_POINT('',(73.675,8.5,16.025));
#9164=CARTESIAN_POINT('Origin',(73.175,8.5,16.025));
#9165=CARTESIAN_POINT('',(73.175,8.5,16.525));
#9166=CARTESIAN_POINT('Origin',(35.075,8.5,40.625));
#9167=CARTESIAN_POINT('',(35.075,8.5,40.625));
#9168=CARTESIAN_POINT('',(22.075,8.5,40.625));
#9169=CARTESIAN_POINT('Origin',(35.075,8.5,41.125));
#9170=CARTESIAN_POINT('',(35.575,8.5,41.125));
#9171=CARTESIAN_POINT('Origin',(35.575,8.5,54.125));
#9172=CARTESIAN_POINT('',(35.575,8.5,54.125));
#9173=CARTESIAN_POINT('Origin',(35.075,8.5,54.125));
#9174=CARTESIAN_POINT('',(35.075,8.5,54.625));
#9175=CARTESIAN_POINT('Origin',(16.025,8.5,21.575));
#9176=CARTESIAN_POINT('',(16.025,8.5,21.575));
#9177=CARTESIAN_POINT('',(3.025,8.5,21.575));
#9178=CARTESIAN_POINT('Origin',(16.025,8.5,22.075));
#9179=CARTESIAN_POINT('',(16.525,8.5,22.075));
#9180=CARTESIAN_POINT('Origin',(16.525,8.5,35.075));
#9181=CARTESIAN_POINT('',(16.525,8.5,35.075));
#9182=CARTESIAN_POINT('Origin',(16.025,8.5,35.075));
#9183=CARTESIAN_POINT('',(16.025,8.5,35.575));
#9184=CARTESIAN_POINT('Origin',(73.175,8.5,21.575));
#9185=CARTESIAN_POINT('',(73.175,8.5,21.575));
#9186=CARTESIAN_POINT('',(60.175,8.5,21.575));
#9187=CARTESIAN_POINT('Origin',(73.175,8.5,22.075));
#9188=CARTESIAN_POINT('',(73.675,8.5,22.075));
#9189=CARTESIAN_POINT('Origin',(73.675,8.5,35.075));
#9190=CARTESIAN_POINT('',(73.675,8.5,35.075));
#9191=CARTESIAN_POINT('Origin',(73.175,8.5,35.075));
#9192=CARTESIAN_POINT('',(73.175,8.5,35.575));
#9193=CARTESIAN_POINT('Origin',(54.125,8.5,40.625));
#9194=CARTESIAN_POINT('',(54.125,8.5,40.625));
#9195=CARTESIAN_POINT('',(41.125,8.5,40.625));
#9196=CARTESIAN_POINT('Origin',(54.125,8.5,41.125));
#9197=CARTESIAN_POINT('',(54.625,8.5,41.125));
#9198=CARTESIAN_POINT('Origin',(54.625,8.5,54.125));
#9199=CARTESIAN_POINT('',(54.625,8.5,54.125));
#9200=CARTESIAN_POINT('Origin',(54.125,8.5,54.125));
#9201=CARTESIAN_POINT('',(54.125,8.5,54.625));
#9202=CARTESIAN_POINT('Origin',(35.075,8.5,21.575));
#9203=CARTESIAN_POINT('',(35.075,8.5,21.575));
#9204=CARTESIAN_POINT('',(22.075,8.5,21.575));
#9205=CARTESIAN_POINT('Origin',(35.075,8.5,22.075));
#9206=CARTESIAN_POINT('',(35.575,8.5,22.075));
#9207=CARTESIAN_POINT('Origin',(35.575,8.5,35.075));
#9208=CARTESIAN_POINT('',(35.575,8.5,35.075));
#9209=CARTESIAN_POINT('Origin',(35.075,8.5,35.075));
#9210=CARTESIAN_POINT('',(35.075,8.5,35.575));
#9211=CARTESIAN_POINT('Origin',(54.125,8.5,21.575));
#9212=CARTESIAN_POINT('',(54.125,8.5,21.575));
#9213=CARTESIAN_POINT('',(41.125,8.5,21.575));
#9214=CARTESIAN_POINT('Origin',(54.125,8.5,22.075));
#9215=CARTESIAN_POINT('',(54.625,8.5,22.075));
#9216=CARTESIAN_POINT('Origin',(54.625,8.5,35.075));
#9217=CARTESIAN_POINT('',(54.625,8.5,35.075));
#9218=CARTESIAN_POINT('Origin',(54.125,8.5,35.075));
#9219=CARTESIAN_POINT('',(54.125,8.5,35.575));
#9220=CARTESIAN_POINT('Origin',(76.2,8.5,3.33066907387547E-15));
#9221=CARTESIAN_POINT('',(76.2,8.5,57.15));
#9222=CARTESIAN_POINT('Origin',(22.075,8.5,3.025));
#9223=CARTESIAN_POINT('',(21.575,8.5,3.025));
#9224=CARTESIAN_POINT('Origin',(21.575,8.5,3.025));
#9225=CARTESIAN_POINT('',(21.575,8.5,16.025));
#9226=CARTESIAN_POINT('Origin',(22.075,8.5,16.025));
#9227=CARTESIAN_POINT('',(22.075,8.5,16.525));
#9228=CARTESIAN_POINT('Origin',(22.075,8.5,16.525));
#9229=CARTESIAN_POINT('Origin',(41.125,8.5,3.025));
#9230=CARTESIAN_POINT('',(40.625,8.5,3.025));
#9231=CARTESIAN_POINT('Origin',(40.625,8.5,3.025));
#9232=CARTESIAN_POINT('',(40.625,8.5,16.025));
#9233=CARTESIAN_POINT('Origin',(41.125,8.5,16.025));
#9234=CARTESIAN_POINT('',(41.125,8.5,16.525));
#9235=CARTESIAN_POINT('Origin',(41.125,8.5,16.525));
#9236=CARTESIAN_POINT('Origin',(60.175,8.5,41.125));
#9237=CARTESIAN_POINT('',(59.675,8.5,41.125));
#9238=CARTESIAN_POINT('Origin',(59.675,8.5,41.125));
#9239=CARTESIAN_POINT('',(59.675,8.5,54.125));
#9240=CARTESIAN_POINT('Origin',(60.175,8.5,54.125));
#9241=CARTESIAN_POINT('',(60.175,8.5,54.625));
#9242=CARTESIAN_POINT('Origin',(60.175,8.5,54.625));
#9243=CARTESIAN_POINT('Origin',(3.025,8.5,41.125));
#9244=CARTESIAN_POINT('',(2.525,8.5,41.125));
#9245=CARTESIAN_POINT('Origin',(2.525,8.5,41.125));
#9246=CARTESIAN_POINT('',(2.525,8.5,54.125));
#9247=CARTESIAN_POINT('Origin',(3.025,8.5,54.125));
#9248=CARTESIAN_POINT('',(3.025,8.5,54.625));
#9249=CARTESIAN_POINT('Origin',(3.025,8.5,54.625));
#9250=CARTESIAN_POINT('Origin',(3.025,8.5,3.025));
#9251=CARTESIAN_POINT('',(2.525,8.5,3.025));
#9252=CARTESIAN_POINT('Origin',(2.525,8.5,3.025));
#9253=CARTESIAN_POINT('',(2.525,8.5,16.025));
#9254=CARTESIAN_POINT('Origin',(3.025,8.5,16.025));
#9255=CARTESIAN_POINT('',(3.025,8.5,16.525));
#9256=CARTESIAN_POINT('Origin',(3.025,8.5,16.525));
#9257=CARTESIAN_POINT('Origin',(60.175,8.5,3.025));
#9258=CARTESIAN_POINT('',(59.675,8.5,3.025));
#9259=CARTESIAN_POINT('Origin',(59.675,8.5,3.025));
#9260=CARTESIAN_POINT('',(59.675,8.5,16.025));
#9261=CARTESIAN_POINT('Origin',(60.175,8.5,16.025));
#9262=CARTESIAN_POINT('',(60.175,8.5,16.525));
#9263=CARTESIAN_POINT('Origin',(60.175,8.5,16.525));
#9264=CARTESIAN_POINT('Origin',(22.075,8.5,41.125));
#9265=CARTESIAN_POINT('',(21.575,8.5,41.125));
#9266=CARTESIAN_POINT('Origin',(21.575,8.5,41.125));
#9267=CARTESIAN_POINT('',(21.575,8.5,54.125));
#9268=CARTESIAN_POINT('Origin',(22.075,8.5,54.125));
#9269=CARTESIAN_POINT('',(22.075,8.5,54.625));
#9270=CARTESIAN_POINT('Origin',(22.075,8.5,54.625));
#9271=CARTESIAN_POINT('Origin',(3.025,8.5,22.075));
#9272=CARTESIAN_POINT('',(2.525,8.5,22.075));
#9273=CARTESIAN_POINT('Origin',(2.525,8.5,22.075));
#9274=CARTESIAN_POINT('',(2.525,8.5,35.075));
#9275=CARTESIAN_POINT('Origin',(3.025,8.5,35.075));
#9276=CARTESIAN_POINT('',(3.025,8.5,35.575));
#9277=CARTESIAN_POINT('Origin',(3.025,8.5,35.575));
#9278=CARTESIAN_POINT('Origin',(60.175,8.5,22.075));
#9279=CARTESIAN_POINT('',(59.675,8.5,22.075));
#9280=CARTESIAN_POINT('Origin',(59.675,8.5,22.075));
#9281=CARTESIAN_POINT('',(59.675,8.5,35.075));
#9282=CARTESIAN_POINT('Origin',(60.175,8.5,35.075));
#9283=CARTESIAN_POINT('',(60.175,8.5,35.575));
#9284=CARTESIAN_POINT('Origin',(60.175,8.5,35.575));
#9285=CARTESIAN_POINT('Origin',(41.125,8.5,41.125));
#9286=CARTESIAN_POINT('',(40.625,8.5,41.125));
#9287=CARTESIAN_POINT('Origin',(40.625,8.5,41.125));
#9288=CARTESIAN_POINT('',(40.625,8.5,54.125));
#9289=CARTESIAN_POINT('Origin',(41.125,8.5,54.125));
#9290=CARTESIAN_POINT('',(41.125,8.5,54.625));
#9291=CARTESIAN_POINT('Origin',(41.125,8.5,54.625));
#9292=CARTESIAN_POINT('Origin',(22.075,8.5,22.075));
#9293=CARTESIAN_POINT('',(21.575,8.5,22.075));
#9294=CARTESIAN_POINT('Origin',(21.575,8.5,22.075));
#9295=CARTESIAN_POINT('',(21.575,8.5,35.075));
#9296=CARTESIAN_POINT('Origin',(22.075,8.5,35.075));
#9297=CARTESIAN_POINT('',(22.075,8.5,35.575));
#9298=CARTESIAN_POINT('Origin',(22.075,8.5,35.575));
#9299=CARTESIAN_POINT('Origin',(41.125,8.5,22.075));
#9300=CARTESIAN_POINT('',(40.625,8.5,22.075));
#9301=CARTESIAN_POINT('Origin',(40.625,8.5,22.075));
#9302=CARTESIAN_POINT('',(40.625,8.5,35.075));
#9303=CARTESIAN_POINT('Origin',(41.125,8.5,35.075));
#9304=CARTESIAN_POINT('',(41.125,8.5,35.575));
#9305=CARTESIAN_POINT('Origin',(41.125,8.5,35.575));
#9306=CARTESIAN_POINT('Origin',(76.2,8.5,57.15));
#9307=CARTESIAN_POINT('Origin',(23.4025,-0.422494590282144,-31.741));
#9308=CARTESIAN_POINT('',(23.4025,-2.42249459028212,-32.916));
#9309=CARTESIAN_POINT('',(21.4025,-0.422494590282128,-32.916));
#9310=CARTESIAN_POINT('Origin',(23.4025,-0.422494590282128,-32.916));
#9311=CARTESIAN_POINT('',(21.4025,-0.422494590282254,-23.416));
#9312=CARTESIAN_POINT('',(21.4025,-0.422494590282144,-31.741));
#9313=CARTESIAN_POINT('',(23.4025,-2.42249459028225,-23.416));
#9314=CARTESIAN_POINT('Origin',(23.4025,-0.422494590282254,-23.416));
#9315=CARTESIAN_POINT('',(23.4025,-2.42249459028214,-31.741));
#9316=CARTESIAN_POINT('Origin',(21.4025,0.,-35.316));
#9317=CARTESIAN_POINT('',(21.4025,4.,-32.916));
#9318=CARTESIAN_POINT('',(21.4025,-1.21124729514106,-32.916));
#9319=CARTESIAN_POINT('',(21.4025,4.,-23.416));
#9320=CARTESIAN_POINT('',(21.4025,4.,-32.341));
#9321=CARTESIAN_POINT('',(21.4025,0.,-23.416));
#9322=CARTESIAN_POINT('Origin',(34.4025,-0.422494590282223,-25.791));
#9323=CARTESIAN_POINT('',(34.4025,-2.42249459028225,-23.416));
#9324=CARTESIAN_POINT('',(36.4025,-0.422494590282254,-23.416));
#9325=CARTESIAN_POINT('Origin',(34.4025,-0.422494590282254,-23.416));
#9326=CARTESIAN_POINT('',(36.4025,-0.422494590282128,-32.916));
#9327=CARTESIAN_POINT('',(36.4025,-0.422494590282223,-25.791));
#9328=CARTESIAN_POINT('',(34.4025,-2.42249459028212,-32.916));
#9329=CARTESIAN_POINT('Origin',(34.4025,-0.422494590282128,-32.916));
#9330=CARTESIAN_POINT('',(34.4025,-2.42249459028222,-25.791));
#9331=CARTESIAN_POINT('Origin',(36.4025,0.,-23.416));
#9332=CARTESIAN_POINT('',(36.4025,4.,-23.416));
#9333=CARTESIAN_POINT('',(36.4025,-1.21124729514113,-23.416));
#9334=CARTESIAN_POINT('',(36.4025,4.,-32.916));
#9335=CARTESIAN_POINT('',(36.4025,4.,-26.391));
#9336=CARTESIAN_POINT('',(36.4025,0.,-32.916));
#9337=CARTESIAN_POINT('Origin',(-5.278,0.,-23.416));
#9338=CARTESIAN_POINT('',(82.447,7.,-23.416));
#9339=CARTESIAN_POINT('',(-5.278,7.,-23.416));
#9340=CARTESIAN_POINT('',(60.51575,7.,-23.416));
#9341=CARTESIAN_POINT('',(-5.278,-6.,-23.416));
#9342=CARTESIAN_POINT('',(-5.278,0.,-23.416));
#9343=CARTESIAN_POINT('',(82.447,-6.,-23.416));
#9344=CARTESIAN_POINT('',(-5.278,-6.,-23.416));
#9345=CARTESIAN_POINT('',(82.447,0.,-23.416));
#9346=CARTESIAN_POINT('',(9.06225,-2.42249459028225,-23.416));
#9347=CARTESIAN_POINT('',(23.4025,6.,-23.416));
#9348=CARTESIAN_POINT('Origin',(23.4025,4.,-23.416));
#9349=CARTESIAN_POINT('',(34.4025,6.,-23.416));
#9350=CARTESIAN_POINT('',(11.81225,6.,-23.416));
#9351=CARTESIAN_POINT('Origin',(34.4025,4.,-23.416));
#9352=CARTESIAN_POINT('Origin',(28.9025,-2.42249459028219,-28.166));
#9353=CARTESIAN_POINT('',(57.67475,-2.42249459028212,-32.916));
#9354=CARTESIAN_POINT('Origin',(46.6,14.4,-8.49999999999996));
#9355=CARTESIAN_POINT('',(46.6,15.,-7.49999999999996));
#9356=CARTESIAN_POINT('',(45.6,15.,-8.49999999999996));
#9357=CARTESIAN_POINT('Origin',(46.6,15.,-8.49999999999996));
#9358=CARTESIAN_POINT('',(46.6,12.0068818149226,-7.49999999999996));
#9359=CARTESIAN_POINT('',(46.6,14.4,-7.49999999999996));
#9360=CARTESIAN_POINT('',(45.6,12.0068818149226,-8.49999999999996));
#9361=CARTESIAN_POINT('Origin',(46.6,12.0068818149226,-8.49999999999996));
#9362=CARTESIAN_POINT('',(45.6,14.4,-8.49999999999996));
#9363=CARTESIAN_POINT('Origin',(45.6,14.4,-17.));
#9364=CARTESIAN_POINT('',(45.6,15.,-17.));
#9365=CARTESIAN_POINT('',(45.6,15.,1.20450000000002));
#9366=CARTESIAN_POINT('',(45.6,12.0068818149226,-17.));
#9367=CARTESIAN_POINT('',(45.6,12.0068818149226,-15.));
#9368=CARTESIAN_POINT('',(45.6,14.4,-17.));
#9369=CARTESIAN_POINT('Origin',(46.6,14.4,-17.));
#9370=CARTESIAN_POINT('',(46.6,15.,-18.));
#9371=CARTESIAN_POINT('Origin',(46.6,15.,-17.));
#9372=CARTESIAN_POINT('',(46.6,12.0068818149226,-18.));
#9373=CARTESIAN_POINT('Origin',(46.6,12.0068818149226,-17.));
#9374=CARTESIAN_POINT('',(46.6,14.4,-18.));
#9375=CARTESIAN_POINT('Origin',(70.6,14.4,-18.));
#9376=CARTESIAN_POINT('',(70.6,15.,-18.));
#9377=CARTESIAN_POINT('',(54.59225,15.,-18.));
#9378=CARTESIAN_POINT('',(70.6,12.0068818149226,-18.));
#9379=CARTESIAN_POINT('',(64.8,12.0068818149226,-18.));
#9380=CARTESIAN_POINT('',(70.6,14.4,-18.));
#9381=CARTESIAN_POINT('Origin',(70.6,14.4,-17.));
#9382=CARTESIAN_POINT('',(71.6,15.,-17.));
#9383=CARTESIAN_POINT('Origin',(70.6,15.,-17.));
#9384=CARTESIAN_POINT('',(71.6,12.0068818149226,-17.));
#9385=CARTESIAN_POINT('Origin',(70.6,12.0068818149226,-17.));
#9386=CARTESIAN_POINT('',(71.6,14.4,-17.));
#9387=CARTESIAN_POINT('Origin',(71.6,14.4,-8.49999999999996));
#9388=CARTESIAN_POINT('',(71.6,15.,-8.49999999999996));
#9389=CARTESIAN_POINT('',(71.6,15.,5.45450000000002));
#9390=CARTESIAN_POINT('',(71.6,12.0068818149226,-8.49999999999996));
#9391=CARTESIAN_POINT('',(71.6,12.0068818149226,-10.75));
#9392=CARTESIAN_POINT('',(71.6,14.4,-8.49999999999996));
#9393=CARTESIAN_POINT('Origin',(70.6,14.4,-8.49999999999996));
#9394=CARTESIAN_POINT('',(70.6,15.,-7.49999999999996));
#9395=CARTESIAN_POINT('Origin',(70.6,15.,-8.49999999999996));
#9396=CARTESIAN_POINT('',(70.6,12.0068818149226,-7.49999999999996));
#9397=CARTESIAN_POINT('Origin',(70.6,12.0068818149226,-8.49999999999996));
#9398=CARTESIAN_POINT('',(70.6,14.4,-7.49999999999996));
#9399=CARTESIAN_POINT('Origin',(46.6,14.4,-7.49999999999996));
#9400=CARTESIAN_POINT('',(42.59225,15.,-7.49999999999996));
#9401=CARTESIAN_POINT('',(52.8,12.0068818149226,-7.49999999999996));
#9402=CARTESIAN_POINT('Origin',(-5.00000000000002,3.,-0.100000000000063));
#9403=CARTESIAN_POINT('',(82.447,7.,-0.100000000000002));
#9404=CARTESIAN_POINT('',(82.447,3.,-0.100000000000002));
#9405=CARTESIAN_POINT('',(82.447,1.5,-0.100000000000003));
#9406=CARTESIAN_POINT('',(-5.,7.,-0.100000000000016));
#9407=CARTESIAN_POINT('',(16.79225,7.,-0.100000000000047));
#9408=CARTESIAN_POINT('',(-5.,3.,-0.100000000000016));
#9409=CARTESIAN_POINT('',(-5.,3.,-0.100000000000016));
#9410=CARTESIAN_POINT('',(-0.274386356418068,3.,-0.100000000000016));
#9411=CARTESIAN_POINT('',(82.7374120905522,3.,-0.100000000000002));
#9412=CARTESIAN_POINT('',(-0.274386356418068,4.5,-0.100000000000016));
#9413=CARTESIAN_POINT('',(-0.274386356418068,8.5,-0.100000000000016));
#9414=CARTESIAN_POINT('',(75.962806821791,4.5,-0.100000000000007));
#9415=CARTESIAN_POINT('',(18.533363643582,4.5,-0.100000000000016));
#9416=CARTESIAN_POINT('',(75.962806821791,3.,-0.100000000000007));
#9417=CARTESIAN_POINT('',(75.962806821791,8.5,-0.100000000000007));
#9418=CARTESIAN_POINT('',(82.7374120905522,3.,-0.100000000000002));
#9419=CARTESIAN_POINT('Origin',(-5.,3.,-2.10000000000002));
#9420=CARTESIAN_POINT('',(-5.,3.,-2.10000000000002));
#9421=CARTESIAN_POINT('',(-5.,3.,-0.100000000000016));
#9422=CARTESIAN_POINT('',(-5.,7.,-2.10000000000002));
#9423=CARTESIAN_POINT('',(-5.,7.,8.32799999999999));
#9424=CARTESIAN_POINT('',(-5.,3.,-2.10000000000002));
#9425=CARTESIAN_POINT('Origin',(82.7374120905522,3.,-2.1));
#9426=CARTESIAN_POINT('',(82.447,3.,-2.1));
#9427=CARTESIAN_POINT('',(82.447,7.,-2.1));
#9428=CARTESIAN_POINT('',(82.447,1.5,-2.1));
#9429=CARTESIAN_POINT('',(-5.,3.,-2.10000000000002));
#9430=CARTESIAN_POINT('',(60.6609560452761,7.,-2.10000000000001));
#9431=CARTESIAN_POINT('Origin',(82.447,0.,-23.416));
#9432=CARTESIAN_POINT('',(82.447,3.,-12.258));
#9433=CARTESIAN_POINT('',(82.447,7.,39.842));
#9434=CARTESIAN_POINT('',(82.447,-6.,61.428));
#9435=CARTESIAN_POINT('',(82.447,-6.,40.1685));
#9436=CARTESIAN_POINT('',(82.447,4.5,61.428));
#9437=CARTESIAN_POINT('',(82.447,0.,61.428));
#9438=CARTESIAN_POINT('',(82.447,4.5,4.44089209850063E-15));
#9439=CARTESIAN_POINT('',(82.447,4.5,16.867));
#9440=CARTESIAN_POINT('',(82.447,7.,4.44089209850063E-15));
#9441=CARTESIAN_POINT('',(82.447,2.25,4.44089209850063E-15));
#9442=CARTESIAN_POINT('',(82.447,7.,39.842));
#9443=CARTESIAN_POINT('Origin',(75.962806821791,3.,54.525));
#9444=CARTESIAN_POINT('',(-0.0371931782090318,3.,54.525));
#9445=CARTESIAN_POINT('',(-0.0371931782090318,4.5,54.525));
#9446=CARTESIAN_POINT('',(-0.0371931782090318,5.75,54.525));
#9447=CARTESIAN_POINT('',(2.75061364358195,3.,54.525));
#9448=CARTESIAN_POINT('',(56.6519602326865,3.,54.525));
#9449=CARTESIAN_POINT('',(2.75061364358195,4.5,54.525));
#9450=CARTESIAN_POINT('',(2.75061364358195,8.5,54.525));
#9451=CARTESIAN_POINT('',(56.6519602326865,4.5,54.525));
#9452=CARTESIAN_POINT('Origin',(75.962806821791,3.,54.525));
#9453=CARTESIAN_POINT('',(21.8006136435819,4.5,54.525));
#9454=CARTESIAN_POINT('',(21.8006136435819,3.,54.525));
#9455=CARTESIAN_POINT('',(21.8006136435819,8.5,54.525));
#9456=CARTESIAN_POINT('',(15.7506136435819,4.5,54.525));
#9457=CARTESIAN_POINT('',(56.6519602326865,4.5,54.525));
#9458=CARTESIAN_POINT('',(15.7506136435819,3.,54.525));
#9459=CARTESIAN_POINT('',(15.7506136435819,8.5,54.525));
#9460=CARTESIAN_POINT('',(56.6519602326865,3.,54.525));
#9461=CARTESIAN_POINT('Origin',(75.962806821791,3.,54.525));
#9462=CARTESIAN_POINT('',(72.9006136435819,4.5,54.525));
#9463=CARTESIAN_POINT('',(72.9006136435819,3.,54.525));
#9464=CARTESIAN_POINT('',(72.9006136435819,8.5,54.525));
#9465=CARTESIAN_POINT('',(75.962806821791,3.,54.525));
#9466=CARTESIAN_POINT('',(56.6519602326865,3.,54.525));
#9467=CARTESIAN_POINT('',(75.962806821791,4.5,54.525));
#9468=CARTESIAN_POINT('',(75.962806821791,5.75,54.525));
#9469=CARTESIAN_POINT('',(56.6519602326865,4.5,54.525));
#9470=CARTESIAN_POINT('Origin',(75.962806821791,3.,54.525));
#9471=CARTESIAN_POINT('',(40.8506136435819,4.5,54.525));
#9472=CARTESIAN_POINT('',(40.8506136435819,3.,54.525));
#9473=CARTESIAN_POINT('',(40.8506136435819,8.5,54.525));
#9474=CARTESIAN_POINT('',(34.8006136435819,4.5,54.525));
#9475=CARTESIAN_POINT('',(56.6519602326865,4.5,54.525));
#9476=CARTESIAN_POINT('',(34.8006136435819,3.,54.525));
#9477=CARTESIAN_POINT('',(34.8006136435819,8.5,54.525));
#9478=CARTESIAN_POINT('',(56.6519602326865,3.,54.525));
#9479=CARTESIAN_POINT('Origin',(75.962806821791,3.,54.525));
#9480=CARTESIAN_POINT('',(53.8506136435819,4.5,54.525));
#9481=CARTESIAN_POINT('',(53.8506136435819,3.,54.525));
#9482=CARTESIAN_POINT('',(53.8506136435819,8.5,54.525));
#9483=CARTESIAN_POINT('',(59.9006136435819,3.,54.525));
#9484=CARTESIAN_POINT('',(56.6519602326865,3.,54.525));
#9485=CARTESIAN_POINT('',(59.9006136435819,4.5,54.525));
#9486=CARTESIAN_POINT('',(59.9006136435819,8.5,54.525));
#9487=CARTESIAN_POINT('',(56.6519602326865,4.5,54.525));
#9488=CARTESIAN_POINT('Origin',(75.962806821791,8.5,-0.100000000000007));
#9489=CARTESIAN_POINT('',(75.962806821791,3.,19.097));
#9490=CARTESIAN_POINT('',(75.962806821791,4.5,19.097));
#9491=CARTESIAN_POINT('Origin',(37.3411136435819,4.5,38.294));
#9492=CARTESIAN_POINT('',(-0.0371931782090318,4.5,3.33066907387547E-15));
#9493=CARTESIAN_POINT('',(-0.0371931782090318,4.5,47.722));
#9494=CARTESIAN_POINT('',(2.25061364358194,4.5,54.025));
#9495=CARTESIAN_POINT('Origin',(2.75061364358195,4.5,54.025));
#9496=CARTESIAN_POINT('',(2.25061364358194,4.5,41.025));
#9497=CARTESIAN_POINT('',(2.25061364358194,4.5,39.6595));
#9498=CARTESIAN_POINT('',(2.75061364358195,4.5,40.525));
#9499=CARTESIAN_POINT('Origin',(2.75061364358195,4.5,41.025));
#9500=CARTESIAN_POINT('',(15.7506136435819,4.5,40.525));
#9501=CARTESIAN_POINT('',(26.5458636435819,4.5,40.525));
#9502=CARTESIAN_POINT('',(16.2506136435819,4.5,41.025));
#9503=CARTESIAN_POINT('Origin',(15.7506136435819,4.5,41.025));
#9504=CARTESIAN_POINT('',(16.2506136435819,4.5,54.025));
#9505=CARTESIAN_POINT('',(16.2506136435819,4.5,46.1595));
#9506=CARTESIAN_POINT('Origin',(15.7506136435819,4.5,54.025));
#9507=CARTESIAN_POINT('',(21.3006136435819,4.5,54.025));
#9508=CARTESIAN_POINT('Origin',(21.8006136435819,4.5,54.025));
#9509=CARTESIAN_POINT('',(21.3006136435819,4.5,41.025));
#9510=CARTESIAN_POINT('',(21.3006136435819,4.5,39.6595));
#9511=CARTESIAN_POINT('',(21.8006136435819,4.5,40.525));
#9512=CARTESIAN_POINT('Origin',(21.8006136435819,4.5,41.025));
#9513=CARTESIAN_POINT('',(34.8006136435819,4.5,40.525));
#9514=CARTESIAN_POINT('',(36.0708636435819,4.5,40.525));
#9515=CARTESIAN_POINT('',(35.3006136435819,4.5,41.025));
#9516=CARTESIAN_POINT('Origin',(34.8006136435819,4.5,41.025));
#9517=CARTESIAN_POINT('',(35.3006136435819,4.5,54.025));
#9518=CARTESIAN_POINT('',(35.3006136435819,4.5,46.1595));
#9519=CARTESIAN_POINT('Origin',(34.8006136435819,4.5,54.025));
#9520=CARTESIAN_POINT('',(40.3506136435819,4.5,54.025));
#9521=CARTESIAN_POINT('Origin',(40.8506136435819,4.5,54.025));
#9522=CARTESIAN_POINT('',(40.3506136435819,4.5,41.025));
#9523=CARTESIAN_POINT('',(40.3506136435819,4.5,39.6595));
#9524=CARTESIAN_POINT('',(40.8506136435819,4.5,40.525));
#9525=CARTESIAN_POINT('Origin',(40.8506136435819,4.5,41.025));
#9526=CARTESIAN_POINT('',(53.8506136435819,4.5,40.525));
#9527=CARTESIAN_POINT('',(45.5958636435819,4.5,40.525));
#9528=CARTESIAN_POINT('',(54.3506136435819,4.5,41.025));
#9529=CARTESIAN_POINT('Origin',(53.8506136435819,4.5,41.025));
#9530=CARTESIAN_POINT('',(54.3506136435819,4.5,54.025));
#9531=CARTESIAN_POINT('',(54.3506136435819,4.5,46.1595));
#9532=CARTESIAN_POINT('Origin',(53.8506136435819,4.5,54.025));
#9533=CARTESIAN_POINT('',(59.4006136435819,4.5,54.025));
#9534=CARTESIAN_POINT('Origin',(59.9006136435819,4.5,54.025));
#9535=CARTESIAN_POINT('',(59.4006136435819,4.5,41.025));
#9536=CARTESIAN_POINT('',(59.4006136435819,4.5,39.6595));
#9537=CARTESIAN_POINT('',(59.9006136435819,4.5,40.525));
#9538=CARTESIAN_POINT('Origin',(59.9006136435819,4.5,41.025));
#9539=CARTESIAN_POINT('',(72.9006136435819,4.5,40.525));
#9540=CARTESIAN_POINT('',(55.1208636435819,4.5,40.525));
#9541=CARTESIAN_POINT('',(73.4006136435819,4.5,41.025));
#9542=CARTESIAN_POINT('Origin',(72.9006136435819,4.5,41.025));
#9543=CARTESIAN_POINT('',(73.4006136435819,4.5,54.025));
#9544=CARTESIAN_POINT('',(73.4006136435819,4.5,46.1595));
#9545=CARTESIAN_POINT('Origin',(72.9006136435819,4.5,54.025));
#9546=CARTESIAN_POINT('',(-0.274386356418062,4.5,0.));
#9547=CARTESIAN_POINT('',(-0.274386356418068,4.5,47.672));
#9548=CARTESIAN_POINT('',(18.6519602326865,4.5,2.22044604925031E-15));
#9549=CARTESIAN_POINT('',(2.75061364358195,4.5,2.42499999999999));
#9550=CARTESIAN_POINT('',(15.7506136435819,4.5,2.42499999999999));
#9551=CARTESIAN_POINT('',(26.545863643582,4.5,2.42499999999999));
#9552=CARTESIAN_POINT('',(16.2506136435819,4.5,2.92499999999999));
#9553=CARTESIAN_POINT('Origin',(15.7506136435819,4.5,2.92499999999999));
#9554=CARTESIAN_POINT('',(16.2506136435819,4.5,15.925));
#9555=CARTESIAN_POINT('',(16.2506136435819,4.5,27.1095));
#9556=CARTESIAN_POINT('',(15.7506136435819,4.5,16.425));
#9557=CARTESIAN_POINT('Origin',(15.7506136435819,4.5,15.925));
#9558=CARTESIAN_POINT('',(2.75061364358195,4.5,16.425));
#9559=CARTESIAN_POINT('',(20.045863643582,4.5,16.425));
#9560=CARTESIAN_POINT('',(2.25061364358194,4.5,15.925));
#9561=CARTESIAN_POINT('Origin',(2.75061364358195,4.5,15.925));
#9562=CARTESIAN_POINT('',(2.25061364358194,4.5,2.92499999999999));
#9563=CARTESIAN_POINT('',(2.25061364358194,4.5,20.6095));
#9564=CARTESIAN_POINT('Origin',(2.75061364358195,4.5,2.92499999999999));
#9565=CARTESIAN_POINT('',(59.9006136435819,4.5,2.425));
#9566=CARTESIAN_POINT('',(72.9006136435819,4.5,2.425));
#9567=CARTESIAN_POINT('',(55.120863643582,4.5,2.42499999999999));
#9568=CARTESIAN_POINT('',(73.4006136435819,4.5,2.925));
#9569=CARTESIAN_POINT('Origin',(72.9006136435819,4.5,2.925));
#9570=CARTESIAN_POINT('',(73.4006136435819,4.5,15.925));
#9571=CARTESIAN_POINT('',(73.4006136435819,4.5,27.1095));
#9572=CARTESIAN_POINT('',(72.9006136435819,4.5,16.425));
#9573=CARTESIAN_POINT('Origin',(72.9006136435819,4.5,15.925));
#9574=CARTESIAN_POINT('',(59.9006136435819,4.5,16.425));
#9575=CARTESIAN_POINT('',(48.6208636435819,4.5,16.425));
#9576=CARTESIAN_POINT('',(59.4006136435819,4.5,15.925));
#9577=CARTESIAN_POINT('Origin',(59.9006136435819,4.5,15.925));
#9578=CARTESIAN_POINT('',(59.4006136435819,4.5,2.92499999999999));
#9579=CARTESIAN_POINT('',(59.4006136435819,4.5,20.6095));
#9580=CARTESIAN_POINT('Origin',(59.9006136435819,4.5,2.925));
#9581=CARTESIAN_POINT('',(40.850613643582,4.5,2.42499999999999));
#9582=CARTESIAN_POINT('',(53.850613643582,4.5,2.42499999999999));
#9583=CARTESIAN_POINT('',(45.595863643582,4.5,2.42499999999999));
#9584=CARTESIAN_POINT('',(54.3506136435819,4.5,2.92499999999999));
#9585=CARTESIAN_POINT('Origin',(53.850613643582,4.5,2.92499999999999));
#9586=CARTESIAN_POINT('',(54.3506136435819,4.5,15.925));
#9587=CARTESIAN_POINT('',(54.3506136435819,4.5,27.1095));
#9588=CARTESIAN_POINT('',(53.850613643582,4.5,16.425));
#9589=CARTESIAN_POINT('Origin',(53.850613643582,4.5,15.925));
#9590=CARTESIAN_POINT('',(40.850613643582,4.5,16.425));
#9591=CARTESIAN_POINT('',(39.0958636435819,4.5,16.425));
#9592=CARTESIAN_POINT('',(40.3506136435819,4.5,15.925));
#9593=CARTESIAN_POINT('Origin',(40.850613643582,4.5,15.925));
#9594=CARTESIAN_POINT('',(40.3506136435819,4.5,2.92499999999999));
#9595=CARTESIAN_POINT('',(40.3506136435819,4.5,20.6095));
#9596=CARTESIAN_POINT('Origin',(40.850613643582,4.5,2.92499999999999));
#9597=CARTESIAN_POINT('',(59.9006136435819,4.5,21.475));
#9598=CARTESIAN_POINT('',(72.9006136435819,4.5,21.475));
#9599=CARTESIAN_POINT('',(55.1208636435819,4.5,21.475));
#9600=CARTESIAN_POINT('',(73.4006136435819,4.5,21.975));
#9601=CARTESIAN_POINT('Origin',(72.9006136435819,4.5,21.975));
#9602=CARTESIAN_POINT('',(73.4006136435819,4.5,34.975));
#9603=CARTESIAN_POINT('',(73.4006136435819,4.5,36.6345));
#9604=CARTESIAN_POINT('',(72.9006136435819,4.5,35.475));
#9605=CARTESIAN_POINT('Origin',(72.9006136435819,4.5,34.975));
#9606=CARTESIAN_POINT('',(59.9006136435819,4.5,35.475));
#9607=CARTESIAN_POINT('',(48.6208636435819,4.5,35.475));
#9608=CARTESIAN_POINT('',(59.4006136435819,4.5,34.975));
#9609=CARTESIAN_POINT('Origin',(59.9006136435819,4.5,34.975));
#9610=CARTESIAN_POINT('',(59.4006136435819,4.5,21.975));
#9611=CARTESIAN_POINT('',(59.4006136435819,4.5,30.1345));
#9612=CARTESIAN_POINT('Origin',(59.9006136435819,4.5,21.975));
#9613=CARTESIAN_POINT('',(2.75061364358194,4.5,21.475));
#9614=CARTESIAN_POINT('',(15.7506136435819,4.5,21.475));
#9615=CARTESIAN_POINT('',(26.5458636435819,4.5,21.475));
#9616=CARTESIAN_POINT('',(16.2506136435819,4.5,21.975));
#9617=CARTESIAN_POINT('Origin',(15.7506136435819,4.5,21.975));
#9618=CARTESIAN_POINT('',(16.2506136435819,4.5,34.975));
#9619=CARTESIAN_POINT('',(16.2506136435819,4.5,36.6345));
#9620=CARTESIAN_POINT('',(15.7506136435819,4.5,35.475));
#9621=CARTESIAN_POINT('Origin',(15.7506136435819,4.5,34.975));
#9622=CARTESIAN_POINT('',(2.75061364358194,4.5,35.475));
#9623=CARTESIAN_POINT('',(20.0458636435819,4.5,35.475));
#9624=CARTESIAN_POINT('',(2.25061364358194,4.5,34.975));
#9625=CARTESIAN_POINT('Origin',(2.75061364358194,4.5,34.975));
#9626=CARTESIAN_POINT('',(2.25061364358194,4.5,21.975));
#9627=CARTESIAN_POINT('',(2.25061364358194,4.5,30.1345));
#9628=CARTESIAN_POINT('Origin',(2.75061364358194,4.5,21.975));
#9629=CARTESIAN_POINT('',(21.8006136435819,4.5,2.42499999999999));
#9630=CARTESIAN_POINT('',(34.800613643582,4.5,2.42499999999999));
#9631=CARTESIAN_POINT('',(36.070863643582,4.5,2.42499999999999));
#9632=CARTESIAN_POINT('',(35.300613643582,4.5,2.92499999999998));
#9633=CARTESIAN_POINT('Origin',(34.800613643582,4.5,2.92499999999999));
#9634=CARTESIAN_POINT('',(35.300613643582,4.5,15.925));
#9635=CARTESIAN_POINT('',(35.3006136435819,4.5,27.1095));
#9636=CARTESIAN_POINT('',(34.800613643582,4.5,16.425));
#9637=CARTESIAN_POINT('Origin',(34.800613643582,4.5,15.925));
#9638=CARTESIAN_POINT('',(21.8006136435819,4.5,16.425));
#9639=CARTESIAN_POINT('',(29.570863643582,4.5,16.425));
#9640=CARTESIAN_POINT('',(21.3006136435819,4.5,15.925));
#9641=CARTESIAN_POINT('Origin',(21.8006136435819,4.5,15.925));
#9642=CARTESIAN_POINT('',(21.3006136435819,4.5,2.92499999999999));
#9643=CARTESIAN_POINT('',(21.300613643582,4.5,20.6095));
#9644=CARTESIAN_POINT('Origin',(21.8006136435819,4.5,2.92499999999999));
#9645=CARTESIAN_POINT('',(40.8506136435819,4.5,21.475));
#9646=CARTESIAN_POINT('',(53.8506136435819,4.5,21.475));
#9647=CARTESIAN_POINT('',(45.5958636435819,4.5,21.475));
#9648=CARTESIAN_POINT('',(54.3506136435819,4.5,21.975));
#9649=CARTESIAN_POINT('Origin',(53.8506136435819,4.5,21.975));
#9650=CARTESIAN_POINT('',(54.3506136435819,4.5,34.975));
#9651=CARTESIAN_POINT('',(54.3506136435819,4.5,36.6345));
#9652=CARTESIAN_POINT('',(53.8506136435819,4.5,35.475));
#9653=CARTESIAN_POINT('Origin',(53.8506136435819,4.5,34.975));
#9654=CARTESIAN_POINT('',(40.8506136435819,4.5,35.475));
#9655=CARTESIAN_POINT('',(39.0958636435819,4.5,35.475));
#9656=CARTESIAN_POINT('',(40.3506136435819,4.5,34.975));
#9657=CARTESIAN_POINT('Origin',(40.8506136435819,4.5,34.975));
#9658=CARTESIAN_POINT('',(40.3506136435819,4.5,21.975));
#9659=CARTESIAN_POINT('',(40.3506136435819,4.5,30.1345));
#9660=CARTESIAN_POINT('Origin',(40.8506136435819,4.5,21.975));
#9661=CARTESIAN_POINT('',(21.8006136435819,4.5,21.475));
#9662=CARTESIAN_POINT('',(34.8006136435819,4.5,21.475));
#9663=CARTESIAN_POINT('',(36.070863643582,4.5,21.475));
#9664=CARTESIAN_POINT('',(35.3006136435819,4.5,21.975));
#9665=CARTESIAN_POINT('Origin',(34.8006136435819,4.5,21.975));
#9666=CARTESIAN_POINT('',(35.3006136435819,4.5,34.975));
#9667=CARTESIAN_POINT('',(35.3006136435819,4.5,36.6345));
#9668=CARTESIAN_POINT('',(34.8006136435819,4.5,35.475));
#9669=CARTESIAN_POINT('Origin',(34.8006136435819,4.5,34.975));
#9670=CARTESIAN_POINT('',(21.8006136435819,4.5,35.475));
#9671=CARTESIAN_POINT('',(29.5708636435819,4.5,35.475));
#9672=CARTESIAN_POINT('',(21.3006136435819,4.5,34.975));
#9673=CARTESIAN_POINT('Origin',(21.8006136435819,4.5,34.975));
#9674=CARTESIAN_POINT('',(21.3006136435819,4.5,21.975));
#9675=CARTESIAN_POINT('',(21.3006136435819,4.5,30.1345));
#9676=CARTESIAN_POINT('Origin',(21.8006136435819,4.5,21.975));
#9677=CARTESIAN_POINT('Origin',(40.8506136435819,8.5,54.025));
#9678=CARTESIAN_POINT('',(40.3506136435819,3.,54.025));
#9679=CARTESIAN_POINT('Origin',(40.8506136435819,3.,54.025));
#9680=CARTESIAN_POINT('',(40.3506136435819,8.5,54.025));
#9681=CARTESIAN_POINT('Origin',(40.3506136435819,8.5,41.025));
#9682=CARTESIAN_POINT('',(40.3506136435819,3.,41.025));
#9683=CARTESIAN_POINT('',(40.3506136435819,3.,39.6595));
#9684=CARTESIAN_POINT('',(40.3506136435819,8.5,41.025));
#9685=CARTESIAN_POINT('Origin',(40.8506136435819,8.5,41.025));
#9686=CARTESIAN_POINT('',(40.8506136435819,3.,40.525));
#9687=CARTESIAN_POINT('Origin',(40.8506136435819,3.,41.025));
#9688=CARTESIAN_POINT('',(40.8506136435819,8.5,40.525));
#9689=CARTESIAN_POINT('Origin',(21.8006136435819,8.5,54.025));
#9690=CARTESIAN_POINT('',(21.3006136435819,3.,54.025));
#9691=CARTESIAN_POINT('Origin',(21.8006136435819,3.,54.025));
#9692=CARTESIAN_POINT('',(21.3006136435819,8.5,54.025));
#9693=CARTESIAN_POINT('Origin',(21.3006136435819,8.5,41.025));
#9694=CARTESIAN_POINT('',(21.3006136435819,3.,41.025));
#9695=CARTESIAN_POINT('',(21.3006136435819,3.,39.6595));
#9696=CARTESIAN_POINT('',(21.3006136435819,8.5,41.025));
#9697=CARTESIAN_POINT('Origin',(21.8006136435819,8.5,41.025));
#9698=CARTESIAN_POINT('',(21.8006136435819,3.,40.525));
#9699=CARTESIAN_POINT('Origin',(21.8006136435819,3.,41.025));
#9700=CARTESIAN_POINT('',(21.8006136435819,8.5,40.525));
#9701=CARTESIAN_POINT('Origin',(2.75061364358195,8.5,16.425));
#9702=CARTESIAN_POINT('',(15.7506136435819,3.,16.425));
#9703=CARTESIAN_POINT('',(2.75061364358195,3.,16.425));
#9704=CARTESIAN_POINT('',(20.045863643582,3.,16.425));
#9705=CARTESIAN_POINT('',(2.75061364358195,8.5,16.425));
#9706=CARTESIAN_POINT('',(15.7506136435819,8.5,16.425));
#9707=CARTESIAN_POINT('Origin',(2.75061364358195,8.5,15.925));
#9708=CARTESIAN_POINT('',(2.25061364358194,3.,15.925));
#9709=CARTESIAN_POINT('Origin',(2.75061364358195,3.,15.925));
#9710=CARTESIAN_POINT('',(2.25061364358194,8.5,15.925));
#9711=CARTESIAN_POINT('Origin',(2.25061364358194,8.5,2.92499999999999));
#9712=CARTESIAN_POINT('',(2.25061364358194,3.,2.92499999999999));
#9713=CARTESIAN_POINT('',(2.25061364358194,3.,20.6095));
#9714=CARTESIAN_POINT('',(2.25061364358194,8.5,2.92499999999999));
#9715=CARTESIAN_POINT('Origin',(2.75061364358195,8.5,2.92499999999999));
#9716=CARTESIAN_POINT('',(2.75061364358195,3.,2.42499999999999));
#9717=CARTESIAN_POINT('Origin',(2.75061364358195,3.,2.92499999999999));
#9718=CARTESIAN_POINT('',(2.75061364358195,8.5,2.42499999999999));
#9719=CARTESIAN_POINT('Origin',(59.9006136435819,8.5,16.425));
#9720=CARTESIAN_POINT('',(72.9006136435819,3.,16.425));
#9721=CARTESIAN_POINT('',(59.9006136435819,3.,16.425));
#9722=CARTESIAN_POINT('',(48.6208636435819,3.,16.425));
#9723=CARTESIAN_POINT('',(59.9006136435819,8.5,16.425));
#9724=CARTESIAN_POINT('',(72.9006136435819,8.5,16.425));
#9725=CARTESIAN_POINT('Origin',(59.9006136435819,8.5,15.925));
#9726=CARTESIAN_POINT('',(59.4006136435819,3.,15.925));
#9727=CARTESIAN_POINT('Origin',(59.9006136435819,3.,15.925));
#9728=CARTESIAN_POINT('',(59.4006136435819,8.5,15.925));
#9729=CARTESIAN_POINT('Origin',(59.4006136435819,8.5,2.92499999999999));
#9730=CARTESIAN_POINT('',(59.4006136435819,3.,2.92499999999999));
#9731=CARTESIAN_POINT('',(59.4006136435819,3.,20.6095));
#9732=CARTESIAN_POINT('',(59.4006136435819,8.5,2.92499999999999));
#9733=CARTESIAN_POINT('Origin',(59.9006136435819,8.5,2.925));
#9734=CARTESIAN_POINT('',(59.9006136435819,3.,2.425));
#9735=CARTESIAN_POINT('Origin',(59.9006136435819,3.,2.925));
#9736=CARTESIAN_POINT('',(59.9006136435819,8.5,2.425));
#9737=CARTESIAN_POINT('Origin',(59.9006136435819,8.5,54.025));
#9738=CARTESIAN_POINT('',(59.4006136435819,3.,54.025));
#9739=CARTESIAN_POINT('Origin',(59.9006136435819,3.,54.025));
#9740=CARTESIAN_POINT('',(59.4006136435819,8.5,54.025));
#9741=CARTESIAN_POINT('Origin',(59.4006136435819,8.5,41.025));
#9742=CARTESIAN_POINT('',(59.4006136435819,3.,41.025));
#9743=CARTESIAN_POINT('',(59.4006136435819,3.,39.6595));
#9744=CARTESIAN_POINT('',(59.4006136435819,8.5,41.025));
#9745=CARTESIAN_POINT('Origin',(59.9006136435819,8.5,41.025));
#9746=CARTESIAN_POINT('',(59.9006136435819,3.,40.525));
#9747=CARTESIAN_POINT('Origin',(59.9006136435819,3.,41.025));
#9748=CARTESIAN_POINT('',(59.9006136435819,8.5,40.525));
#9749=CARTESIAN_POINT('Origin',(2.75061364358195,8.5,54.025));
#9750=CARTESIAN_POINT('',(2.25061364358194,3.,54.025));
#9751=CARTESIAN_POINT('Origin',(2.75061364358195,3.,54.025));
#9752=CARTESIAN_POINT('',(2.25061364358194,8.5,54.025));
#9753=CARTESIAN_POINT('Origin',(2.25061364358194,8.5,41.025));
#9754=CARTESIAN_POINT('',(2.25061364358194,3.,41.025));
#9755=CARTESIAN_POINT('',(2.25061364358194,3.,39.6595));
#9756=CARTESIAN_POINT('',(2.25061364358194,8.5,41.025));
#9757=CARTESIAN_POINT('Origin',(2.75061364358195,8.5,41.025));
#9758=CARTESIAN_POINT('',(2.75061364358195,3.,40.525));
#9759=CARTESIAN_POINT('Origin',(2.75061364358195,3.,41.025));
#9760=CARTESIAN_POINT('',(2.75061364358195,8.5,40.525));
#9761=CARTESIAN_POINT('Origin',(40.850613643582,8.5,16.425));
#9762=CARTESIAN_POINT('',(53.850613643582,3.,16.425));
#9763=CARTESIAN_POINT('',(40.850613643582,3.,16.425));
#9764=CARTESIAN_POINT('',(39.0958636435819,3.,16.425));
#9765=CARTESIAN_POINT('',(40.850613643582,8.5,16.425));
#9766=CARTESIAN_POINT('',(53.850613643582,8.5,16.425));
#9767=CARTESIAN_POINT('Origin',(40.850613643582,8.5,15.925));
#9768=CARTESIAN_POINT('',(40.3506136435819,3.,15.925));
#9769=CARTESIAN_POINT('Origin',(40.850613643582,3.,15.925));
#9770=CARTESIAN_POINT('',(40.3506136435819,8.5,15.925));
#9771=CARTESIAN_POINT('Origin',(40.3506136435819,8.5,2.92499999999999));
#9772=CARTESIAN_POINT('',(40.3506136435819,3.,2.92499999999999));
#9773=CARTESIAN_POINT('',(40.3506136435819,3.,20.6095));
#9774=CARTESIAN_POINT('',(40.3506136435819,8.5,2.92499999999999));
#9775=CARTESIAN_POINT('Origin',(40.850613643582,8.5,2.92499999999999));
#9776=CARTESIAN_POINT('',(40.850613643582,3.,2.42499999999999));
#9777=CARTESIAN_POINT('Origin',(40.850613643582,3.,2.92499999999999));
#9778=CARTESIAN_POINT('',(40.850613643582,8.5,2.42499999999999));
#9779=CARTESIAN_POINT('Origin',(59.9006136435819,8.5,35.475));
#9780=CARTESIAN_POINT('',(72.9006136435819,3.,35.475));
#9781=CARTESIAN_POINT('',(59.9006136435819,3.,35.475));
#9782=CARTESIAN_POINT('',(48.6208636435819,3.,35.475));
#9783=CARTESIAN_POINT('',(59.9006136435819,8.5,35.475));
#9784=CARTESIAN_POINT('',(72.9006136435819,8.5,35.475));
#9785=CARTESIAN_POINT('Origin',(59.9006136435819,8.5,34.975));
#9786=CARTESIAN_POINT('',(59.4006136435819,3.,34.975));
#9787=CARTESIAN_POINT('Origin',(59.9006136435819,3.,34.975));
#9788=CARTESIAN_POINT('',(59.4006136435819,8.5,34.975));
#9789=CARTESIAN_POINT('Origin',(59.4006136435819,8.5,21.975));
#9790=CARTESIAN_POINT('',(59.4006136435819,3.,21.975));
#9791=CARTESIAN_POINT('',(59.4006136435819,3.,30.1345));
#9792=CARTESIAN_POINT('',(59.4006136435819,8.5,21.975));
#9793=CARTESIAN_POINT('Origin',(59.9006136435819,8.5,21.975));
#9794=CARTESIAN_POINT('',(59.9006136435819,3.,21.475));
#9795=CARTESIAN_POINT('Origin',(59.9006136435819,3.,21.975));
#9796=CARTESIAN_POINT('',(59.9006136435819,8.5,21.475));
#9797=CARTESIAN_POINT('Origin',(2.75061364358194,8.5,35.475));
#9798=CARTESIAN_POINT('',(15.7506136435819,3.,35.475));
#9799=CARTESIAN_POINT('',(2.75061364358194,3.,35.475));
#9800=CARTESIAN_POINT('',(20.0458636435819,3.,35.475));
#9801=CARTESIAN_POINT('',(2.75061364358194,8.5,35.475));
#9802=CARTESIAN_POINT('',(15.7506136435819,8.5,35.475));
#9803=CARTESIAN_POINT('Origin',(2.75061364358194,8.5,34.975));
#9804=CARTESIAN_POINT('',(2.25061364358194,3.,34.975));
#9805=CARTESIAN_POINT('Origin',(2.75061364358194,3.,34.975));
#9806=CARTESIAN_POINT('',(2.25061364358194,8.5,34.975));
#9807=CARTESIAN_POINT('Origin',(2.25061364358194,8.5,21.975));
#9808=CARTESIAN_POINT('',(2.25061364358194,3.,21.975));
#9809=CARTESIAN_POINT('',(2.25061364358194,3.,30.1345));
#9810=CARTESIAN_POINT('',(2.25061364358194,8.5,21.975));
#9811=CARTESIAN_POINT('Origin',(2.75061364358194,8.5,21.975));
#9812=CARTESIAN_POINT('',(2.75061364358194,3.,21.475));
#9813=CARTESIAN_POINT('Origin',(2.75061364358194,3.,21.975));
#9814=CARTESIAN_POINT('',(2.75061364358194,8.5,21.475));
#9815=CARTESIAN_POINT('Origin',(21.8006136435819,8.5,16.425));
#9816=CARTESIAN_POINT('',(34.800613643582,3.,16.425));
#9817=CARTESIAN_POINT('',(21.8006136435819,3.,16.425));
#9818=CARTESIAN_POINT('',(29.570863643582,3.,16.425));
#9819=CARTESIAN_POINT('',(21.8006136435819,8.5,16.425));
#9820=CARTESIAN_POINT('',(34.800613643582,8.5,16.425));
#9821=CARTESIAN_POINT('Origin',(21.8006136435819,8.5,15.925));
#9822=CARTESIAN_POINT('',(21.3006136435819,3.,15.925));
#9823=CARTESIAN_POINT('Origin',(21.8006136435819,3.,15.925));
#9824=CARTESIAN_POINT('',(21.3006136435819,8.5,15.925));
#9825=CARTESIAN_POINT('Origin',(21.3006136435819,8.5,2.92499999999999));
#9826=CARTESIAN_POINT('',(21.3006136435819,3.,2.92499999999999));
#9827=CARTESIAN_POINT('',(21.300613643582,3.,20.6095));
#9828=CARTESIAN_POINT('',(21.3006136435819,8.5,2.92499999999999));
#9829=CARTESIAN_POINT('Origin',(21.8006136435819,8.5,2.92499999999999));
#9830=CARTESIAN_POINT('',(21.8006136435819,3.,2.42499999999999));
#9831=CARTESIAN_POINT('Origin',(21.8006136435819,3.,2.92499999999999));
#9832=CARTESIAN_POINT('',(21.8006136435819,8.5,2.42499999999999));
#9833=CARTESIAN_POINT('Origin',(40.8506136435819,8.5,35.475));
#9834=CARTESIAN_POINT('',(53.8506136435819,3.,35.475));
#9835=CARTESIAN_POINT('',(40.8506136435819,3.,35.475));
#9836=CARTESIAN_POINT('',(39.0958636435819,3.,35.475));
#9837=CARTESIAN_POINT('',(40.8506136435819,8.5,35.475));
#9838=CARTESIAN_POINT('',(53.8506136435819,8.5,35.475));
#9839=CARTESIAN_POINT('Origin',(40.8506136435819,8.5,34.975));
#9840=CARTESIAN_POINT('',(40.3506136435819,3.,34.975));
#9841=CARTESIAN_POINT('Origin',(40.8506136435819,3.,34.975));
#9842=CARTESIAN_POINT('',(40.3506136435819,8.5,34.975));
#9843=CARTESIAN_POINT('Origin',(40.3506136435819,8.5,21.975));
#9844=CARTESIAN_POINT('',(40.3506136435819,3.,21.975));
#9845=CARTESIAN_POINT('',(40.3506136435819,3.,30.1345));
#9846=CARTESIAN_POINT('',(40.3506136435819,8.5,21.975));
#9847=CARTESIAN_POINT('Origin',(40.8506136435819,8.5,21.975));
#9848=CARTESIAN_POINT('',(40.8506136435819,3.,21.475));
#9849=CARTESIAN_POINT('Origin',(40.8506136435819,3.,21.975));
#9850=CARTESIAN_POINT('',(40.8506136435819,8.5,21.475));
#9851=CARTESIAN_POINT('Origin',(21.8006136435819,8.5,35.475));
#9852=CARTESIAN_POINT('',(34.8006136435819,3.,35.475));
#9853=CARTESIAN_POINT('',(21.8006136435819,3.,35.475));
#9854=CARTESIAN_POINT('',(29.5708636435819,3.,35.475));
#9855=CARTESIAN_POINT('',(21.8006136435819,8.5,35.475));
#9856=CARTESIAN_POINT('',(34.8006136435819,8.5,35.475));
#9857=CARTESIAN_POINT('Origin',(21.8006136435819,8.5,34.975));
#9858=CARTESIAN_POINT('',(21.3006136435819,3.,34.975));
#9859=CARTESIAN_POINT('Origin',(21.8006136435819,3.,34.975));
#9860=CARTESIAN_POINT('',(21.3006136435819,8.5,34.975));
#9861=CARTESIAN_POINT('Origin',(21.3006136435819,8.5,21.975));
#9862=CARTESIAN_POINT('',(21.3006136435819,3.,21.975));
#9863=CARTESIAN_POINT('',(21.3006136435819,3.,30.1345));
#9864=CARTESIAN_POINT('',(21.3006136435819,8.5,21.975));
#9865=CARTESIAN_POINT('Origin',(21.8006136435819,8.5,21.975));
#9866=CARTESIAN_POINT('',(21.8006136435819,3.,21.475));
#9867=CARTESIAN_POINT('Origin',(21.8006136435819,3.,21.975));
#9868=CARTESIAN_POINT('',(21.8006136435819,8.5,21.475));
#9869=CARTESIAN_POINT('Origin',(-0.274386356418068,8.5,57.05));
#9870=CARTESIAN_POINT('',(-0.274386356418062,3.,0.));
#9871=CARTESIAN_POINT('',(-0.274386356418061,6.5,4.44089209850063E-15));
#9872=CARTESIAN_POINT('',(-0.274386356418068,3.,47.672));
#9873=CARTESIAN_POINT('Origin',(53.8506136435819,8.5,54.025));
#9874=CARTESIAN_POINT('',(54.3506136435819,3.,54.025));
#9875=CARTESIAN_POINT('Origin',(53.8506136435819,3.,54.025));
#9876=CARTESIAN_POINT('',(54.3506136435819,8.5,54.025));
#9877=CARTESIAN_POINT('Origin',(54.3506136435819,8.5,54.025));
#9878=CARTESIAN_POINT('',(54.3506136435819,3.,41.025));
#9879=CARTESIAN_POINT('',(54.3506136435819,3.,46.1595));
#9880=CARTESIAN_POINT('',(54.3506136435819,8.5,41.025));
#9881=CARTESIAN_POINT('Origin',(53.8506136435819,8.5,41.025));
#9882=CARTESIAN_POINT('',(53.8506136435819,3.,40.525));
#9883=CARTESIAN_POINT('Origin',(53.8506136435819,3.,41.025));
#9884=CARTESIAN_POINT('',(53.8506136435819,8.5,40.525));
#9885=CARTESIAN_POINT('Origin',(53.8506136435819,8.5,40.525));
#9886=CARTESIAN_POINT('',(45.5958636435819,3.,40.525));
#9887=CARTESIAN_POINT('Origin',(34.8006136435819,8.5,54.025));
#9888=CARTESIAN_POINT('',(35.3006136435819,3.,54.025));
#9889=CARTESIAN_POINT('Origin',(34.8006136435819,3.,54.025));
#9890=CARTESIAN_POINT('',(35.3006136435819,8.5,54.025));
#9891=CARTESIAN_POINT('Origin',(35.3006136435819,8.5,54.025));
#9892=CARTESIAN_POINT('',(35.3006136435819,3.,41.025));
#9893=CARTESIAN_POINT('',(35.3006136435819,3.,46.1595));
#9894=CARTESIAN_POINT('',(35.3006136435819,8.5,41.025));
#9895=CARTESIAN_POINT('Origin',(34.8006136435819,8.5,41.025));
#9896=CARTESIAN_POINT('',(34.8006136435819,3.,40.525));
#9897=CARTESIAN_POINT('Origin',(34.8006136435819,3.,41.025));
#9898=CARTESIAN_POINT('',(34.8006136435819,8.5,40.525));
#9899=CARTESIAN_POINT('Origin',(34.8006136435819,8.5,40.525));
#9900=CARTESIAN_POINT('',(36.0708636435819,3.,40.525));
#9901=CARTESIAN_POINT('Origin',(15.7506136435819,8.5,15.925));
#9902=CARTESIAN_POINT('',(16.2506136435819,3.,15.925));
#9903=CARTESIAN_POINT('Origin',(15.7506136435819,3.,15.925));
#9904=CARTESIAN_POINT('',(16.2506136435819,8.5,15.925));
#9905=CARTESIAN_POINT('Origin',(16.2506136435819,8.5,15.925));
#9906=CARTESIAN_POINT('',(16.2506136435819,3.,2.92499999999999));
#9907=CARTESIAN_POINT('',(16.2506136435819,3.,27.1095));
#9908=CARTESIAN_POINT('',(16.2506136435819,8.5,2.92499999999999));
#9909=CARTESIAN_POINT('Origin',(15.7506136435819,8.5,2.92499999999999));
#9910=CARTESIAN_POINT('',(15.7506136435819,3.,2.42499999999999));
#9911=CARTESIAN_POINT('Origin',(15.7506136435819,3.,2.92499999999999));
#9912=CARTESIAN_POINT('',(15.7506136435819,8.5,2.42499999999999));
#9913=CARTESIAN_POINT('Origin',(15.7506136435819,8.5,2.42499999999999));
#9914=CARTESIAN_POINT('',(26.545863643582,3.,2.42499999999999));
#9915=CARTESIAN_POINT('Origin',(72.9006136435819,8.5,15.925));
#9916=CARTESIAN_POINT('',(73.4006136435819,3.,15.925));
#9917=CARTESIAN_POINT('Origin',(72.9006136435819,3.,15.925));
#9918=CARTESIAN_POINT('',(73.4006136435819,8.5,15.925));
#9919=CARTESIAN_POINT('Origin',(73.4006136435819,8.5,15.925));
#9920=CARTESIAN_POINT('',(73.4006136435819,3.,2.925));
#9921=CARTESIAN_POINT('',(73.4006136435819,3.,27.1095));
#9922=CARTESIAN_POINT('',(73.4006136435819,8.5,2.925));
#9923=CARTESIAN_POINT('Origin',(72.9006136435819,8.5,2.925));
#9924=CARTESIAN_POINT('',(72.9006136435819,3.,2.425));
#9925=CARTESIAN_POINT('Origin',(72.9006136435819,3.,2.925));
#9926=CARTESIAN_POINT('',(72.9006136435819,8.5,2.425));
#9927=CARTESIAN_POINT('Origin',(72.9006136435819,8.5,2.425));
#9928=CARTESIAN_POINT('',(55.120863643582,3.,2.42499999999999));
#9929=CARTESIAN_POINT('Origin',(72.9006136435819,8.5,54.025));
#9930=CARTESIAN_POINT('',(73.4006136435819,3.,54.025));
#9931=CARTESIAN_POINT('Origin',(72.9006136435819,3.,54.025));
#9932=CARTESIAN_POINT('',(73.4006136435819,8.5,54.025));
#9933=CARTESIAN_POINT('Origin',(73.4006136435819,8.5,54.025));
#9934=CARTESIAN_POINT('',(73.4006136435819,3.,41.025));
#9935=CARTESIAN_POINT('',(73.4006136435819,3.,46.1595));
#9936=CARTESIAN_POINT('',(73.4006136435819,8.5,41.025));
#9937=CARTESIAN_POINT('Origin',(72.9006136435819,8.5,41.025));
#9938=CARTESIAN_POINT('',(72.9006136435819,3.,40.525));
#9939=CARTESIAN_POINT('Origin',(72.9006136435819,3.,41.025));
#9940=CARTESIAN_POINT('',(72.9006136435819,8.5,40.525));
#9941=CARTESIAN_POINT('Origin',(72.9006136435819,8.5,40.525));
#9942=CARTESIAN_POINT('',(55.1208636435819,3.,40.525));
#9943=CARTESIAN_POINT('Origin',(15.7506136435819,8.5,54.025));
#9944=CARTESIAN_POINT('',(16.2506136435819,3.,54.025));
#9945=CARTESIAN_POINT('Origin',(15.7506136435819,3.,54.025));
#9946=CARTESIAN_POINT('',(16.2506136435819,8.5,54.025));
#9947=CARTESIAN_POINT('Origin',(16.2506136435819,8.5,54.025));
#9948=CARTESIAN_POINT('',(16.2506136435819,3.,41.025));
#9949=CARTESIAN_POINT('',(16.2506136435819,3.,46.1595));
#9950=CARTESIAN_POINT('',(16.2506136435819,8.5,41.025));
#9951=CARTESIAN_POINT('Origin',(15.7506136435819,8.5,41.025));
#9952=CARTESIAN_POINT('',(15.7506136435819,3.,40.525));
#9953=CARTESIAN_POINT('Origin',(15.7506136435819,3.,41.025));
#9954=CARTESIAN_POINT('',(15.7506136435819,8.5,40.525));
#9955=CARTESIAN_POINT('Origin',(15.7506136435819,8.5,40.525));
#9956=CARTESIAN_POINT('',(26.5458636435819,3.,40.525));
#9957=CARTESIAN_POINT('Origin',(53.850613643582,8.5,15.925));
#9958=CARTESIAN_POINT('',(54.3506136435819,3.,15.925));
#9959=CARTESIAN_POINT('Origin',(53.850613643582,3.,15.925));
#9960=CARTESIAN_POINT('',(54.3506136435819,8.5,15.925));
#9961=CARTESIAN_POINT('Origin',(54.3506136435819,8.5,15.925));
#9962=CARTESIAN_POINT('',(54.3506136435819,3.,2.92499999999999));
#9963=CARTESIAN_POINT('',(54.3506136435819,3.,27.1095));
#9964=CARTESIAN_POINT('',(54.3506136435819,8.5,2.92499999999999));
#9965=CARTESIAN_POINT('Origin',(53.850613643582,8.5,2.92499999999999));
#9966=CARTESIAN_POINT('',(53.850613643582,3.,2.42499999999999));
#9967=CARTESIAN_POINT('Origin',(53.850613643582,3.,2.92499999999999));
#9968=CARTESIAN_POINT('',(53.850613643582,8.5,2.42499999999999));
#9969=CARTESIAN_POINT('Origin',(53.850613643582,8.5,2.42499999999999));
#9970=CARTESIAN_POINT('',(45.595863643582,3.,2.42499999999999));
#9971=CARTESIAN_POINT('Origin',(72.9006136435819,8.5,34.975));
#9972=CARTESIAN_POINT('',(73.4006136435819,3.,34.975));
#9973=CARTESIAN_POINT('Origin',(72.9006136435819,3.,34.975));
#9974=CARTESIAN_POINT('',(73.4006136435819,8.5,34.975));
#9975=CARTESIAN_POINT('Origin',(73.4006136435819,8.5,34.975));
#9976=CARTESIAN_POINT('',(73.4006136435819,3.,21.975));
#9977=CARTESIAN_POINT('',(73.4006136435819,3.,36.6345));
#9978=CARTESIAN_POINT('',(73.4006136435819,8.5,21.975));
#9979=CARTESIAN_POINT('Origin',(72.9006136435819,8.5,21.975));
#9980=CARTESIAN_POINT('',(72.9006136435819,3.,21.475));
#9981=CARTESIAN_POINT('Origin',(72.9006136435819,3.,21.975));
#9982=CARTESIAN_POINT('',(72.9006136435819,8.5,21.475));
#9983=CARTESIAN_POINT('Origin',(72.9006136435819,8.5,21.475));
#9984=CARTESIAN_POINT('',(55.1208636435819,3.,21.475));
#9985=CARTESIAN_POINT('Origin',(15.7506136435819,8.5,34.975));
#9986=CARTESIAN_POINT('',(16.2506136435819,3.,34.975));
#9987=CARTESIAN_POINT('Origin',(15.7506136435819,3.,34.975));
#9988=CARTESIAN_POINT('',(16.2506136435819,8.5,34.975));
#9989=CARTESIAN_POINT('Origin',(16.2506136435819,8.5,34.975));
#9990=CARTESIAN_POINT('',(16.2506136435819,3.,21.975));
#9991=CARTESIAN_POINT('',(16.2506136435819,3.,36.6345));
#9992=CARTESIAN_POINT('',(16.2506136435819,8.5,21.975));
#9993=CARTESIAN_POINT('Origin',(15.7506136435819,8.5,21.975));
#9994=CARTESIAN_POINT('',(15.7506136435819,3.,21.475));
#9995=CARTESIAN_POINT('Origin',(15.7506136435819,3.,21.975));
#9996=CARTESIAN_POINT('',(15.7506136435819,8.5,21.475));
#9997=CARTESIAN_POINT('Origin',(15.7506136435819,8.5,21.475));
#9998=CARTESIAN_POINT('',(26.5458636435819,3.,21.475));
#9999=CARTESIAN_POINT('Origin',(34.800613643582,8.5,15.925));
#10000=CARTESIAN_POINT('',(35.300613643582,3.,15.925));
#10001=CARTESIAN_POINT('Origin',(34.800613643582,3.,15.925));
#10002=CARTESIAN_POINT('',(35.300613643582,8.5,15.925));
#10003=CARTESIAN_POINT('Origin',(35.300613643582,8.5,15.925));
#10004=CARTESIAN_POINT('',(35.300613643582,3.,2.92499999999998));
#10005=CARTESIAN_POINT('',(35.3006136435819,3.,27.1095));
#10006=CARTESIAN_POINT('',(35.300613643582,8.5,2.92499999999998));
#10007=CARTESIAN_POINT('Origin',(34.800613643582,8.5,2.92499999999999));
#10008=CARTESIAN_POINT('',(34.800613643582,3.,2.42499999999999));
#10009=CARTESIAN_POINT('Origin',(34.800613643582,3.,2.92499999999999));
#10010=CARTESIAN_POINT('',(34.800613643582,8.5,2.42499999999999));
#10011=CARTESIAN_POINT('Origin',(34.800613643582,8.5,2.42499999999999));
#10012=CARTESIAN_POINT('',(36.070863643582,3.,2.42499999999999));
#10013=CARTESIAN_POINT('Origin',(53.8506136435819,8.5,34.975));
#10014=CARTESIAN_POINT('',(54.3506136435819,3.,34.975));
#10015=CARTESIAN_POINT('Origin',(53.8506136435819,3.,34.975));
#10016=CARTESIAN_POINT('',(54.3506136435819,8.5,34.975));
#10017=CARTESIAN_POINT('Origin',(54.3506136435819,8.5,34.975));
#10018=CARTESIAN_POINT('',(54.3506136435819,3.,21.975));
#10019=CARTESIAN_POINT('',(54.3506136435819,3.,36.6345));
#10020=CARTESIAN_POINT('',(54.3506136435819,8.5,21.975));
#10021=CARTESIAN_POINT('Origin',(53.8506136435819,8.5,21.975));
#10022=CARTESIAN_POINT('',(53.8506136435819,3.,21.475));
#10023=CARTESIAN_POINT('Origin',(53.8506136435819,3.,21.975));
#10024=CARTESIAN_POINT('',(53.8506136435819,8.5,21.475));
#10025=CARTESIAN_POINT('Origin',(53.8506136435819,8.5,21.475));
#10026=CARTESIAN_POINT('',(45.5958636435819,3.,21.475));
#10027=CARTESIAN_POINT('Origin',(34.8006136435819,8.5,34.975));
#10028=CARTESIAN_POINT('',(35.3006136435819,3.,34.975));
#10029=CARTESIAN_POINT('Origin',(34.8006136435819,3.,34.975));
#10030=CARTESIAN_POINT('',(35.3006136435819,8.5,34.975));
#10031=CARTESIAN_POINT('Origin',(35.3006136435819,8.5,34.975));
#10032=CARTESIAN_POINT('',(35.3006136435819,3.,21.975));
#10033=CARTESIAN_POINT('',(35.3006136435819,3.,36.6345));
#10034=CARTESIAN_POINT('',(35.3006136435819,8.5,21.975));
#10035=CARTESIAN_POINT('Origin',(34.8006136435819,8.5,21.975));
#10036=CARTESIAN_POINT('',(34.8006136435819,3.,21.475));
#10037=CARTESIAN_POINT('Origin',(34.8006136435819,3.,21.975));
#10038=CARTESIAN_POINT('',(34.8006136435819,8.5,21.475));
#10039=CARTESIAN_POINT('Origin',(34.8006136435819,8.5,21.475));
#10040=CARTESIAN_POINT('',(36.070863643582,3.,21.475));
#10041=CARTESIAN_POINT('Origin',(-0.0371931782090323,4.5,3.33066907387547E-15));
#10042=CARTESIAN_POINT('',(-5.278,3.,4.44089209850063E-15));
#10043=CARTESIAN_POINT('',(76.2,3.,4.44089209850063E-15));
#10044=CARTESIAN_POINT('',(-5.278,7.,4.44089209850063E-15));
#10045=CARTESIAN_POINT('',(-5.278,2.25,0.));
#10046=CARTESIAN_POINT('',(-0.0371931782090318,7.,4.44089209850063E-15));
#10047=CARTESIAN_POINT('',(19.2736534108955,7.,4.44089209850063E-15));
#10048=CARTESIAN_POINT('',(-0.0371931782090318,3.75,3.33066907387547E-15));
#10049=CARTESIAN_POINT('Origin',(-0.0371931782090318,3.,-0.0370000000000009));
#10050=CARTESIAN_POINT('',(76.2,7.,-0.0370000000000009));
#10051=CARTESIAN_POINT('',(-0.0371931782090318,7.,-0.0370000000000009));
#10052=CARTESIAN_POINT('',(19.2736534108955,7.,-0.0370000000000004));
#10053=CARTESIAN_POINT('',(76.2,15.,-0.0370000000000009));
#10054=CARTESIAN_POINT('',(76.2,3.,-0.0370000000000009));
#10055=CARTESIAN_POINT('',(-0.0371931782090318,15.,-0.0370000000000009));
#10056=CARTESIAN_POINT('',(19.2736534108955,15.,-0.0370000000000004));
#10057=CARTESIAN_POINT('',(-0.0371931782090318,3.,-0.0370000000000009));
#10058=CARTESIAN_POINT('Origin',(-0.0371931782090318,3.,4.44089209850063E-15));
#10059=CARTESIAN_POINT('',(-0.0371931782090318,3.,61.428));
#10060=CARTESIAN_POINT('',(-0.0371931782090318,3.,37.953));
#10061=CARTESIAN_POINT('',(-5.278,3.,61.428));
#10062=CARTESIAN_POINT('',(38.5845,3.,61.428));
#10063=CARTESIAN_POINT('',(-5.278,3.,30.464));
#10064=CARTESIAN_POINT('Origin',(38.5845,15.,19.409));
#10065=CARTESIAN_POINT('',(-12.278,15.,70.034));
#10066=CARTESIAN_POINT('',(-13.078,15.,69.234));
#10067=CARTESIAN_POINT('Origin',(-12.278,15.,69.234));
#10068=CARTESIAN_POINT('',(89.447,15.,70.034));
#10069=CARTESIAN_POINT('',(11.90325,15.,70.034));
#10070=CARTESIAN_POINT('',(90.247,15.,69.234));
#10071=CARTESIAN_POINT('Origin',(89.447,15.,69.234));
#10072=CARTESIAN_POINT('',(90.247,15.,-30.416));
#10073=CARTESIAN_POINT('',(90.247,15.,45.5715));
#10074=CARTESIAN_POINT('',(89.447,15.,-31.216));
#10075=CARTESIAN_POINT('Origin',(89.447,15.,-30.416));
#10076=CARTESIAN_POINT('',(-12.278,15.,-31.216));
#10077=CARTESIAN_POINT('',(65.26575,15.,-31.216));
#10078=CARTESIAN_POINT('',(-13.078,15.,-30.416));
#10079=CARTESIAN_POINT('Origin',(-12.278,15.,-30.416));
#10080=CARTESIAN_POINT('',(-13.078,15.,-6.75349999999999));
#10081=CARTESIAN_POINT('',(5.35289140996122,15.,-6.36078756246065));
#10082=CARTESIAN_POINT('',(14.5652922010436,15.,-14.0479917039892));
#10083=CARTESIAN_POINT('Origin',(9.89618361100555,15.,-10.279779266449));
#10084=CARTESIAN_POINT('Origin',(10.022,15.,-10.129));
#10085=CARTESIAN_POINT('',(-0.0371931782090407,15.,57.15));
#10086=CARTESIAN_POINT('',(-0.0371931782090318,15.,10.967));
#10087=CARTESIAN_POINT('',(76.2,15.,57.15));
#10088=CARTESIAN_POINT('',(76.2,15.,-5.854));
#10089=CARTESIAN_POINT('',(57.39225,15.,57.15));
#10090=CARTESIAN_POINT('Origin',(76.2,4.0068818149226,2.525));
#10091=CARTESIAN_POINT('',(81.947,4.5,2.525));
#10092=CARTESIAN_POINT('',(76.2,4.5,2.525));
#10093=CARTESIAN_POINT('',(79.0735,4.5,2.525));
#10094=CARTESIAN_POINT('',(76.2,7.,2.525));
#10095=CARTESIAN_POINT('',(76.2,6.2534409074613,2.525));
#10096=CARTESIAN_POINT('',(81.947,7.,2.525));
#10097=CARTESIAN_POINT('',(68.5735,7.,2.525));
#10098=CARTESIAN_POINT('',(81.947,4.0068818149226,2.525));
#10099=CARTESIAN_POINT('Origin',(81.947,4.0068818149226,2.525));
#10100=CARTESIAN_POINT('',(81.947,7.,4.44089209850063E-15));
#10101=CARTESIAN_POINT('',(81.947,4.5,4.44089209850063E-15));
#10102=CARTESIAN_POINT('',(81.947,4.5,4.44089209850063E-15));
#10103=CARTESIAN_POINT('',(81.947,4.5,9.70450000000001));
#10104=CARTESIAN_POINT('',(81.947,7.,-3.96025));
#10105=CARTESIAN_POINT('Origin',(39.5,4.0068818149226,-6.49999999999997));
#10106=CARTESIAN_POINT('',(78.5,7.,-6.49999999999997));
#10107=CARTESIAN_POINT('',(39.5,7.,-6.49999999999997));
#10108=CARTESIAN_POINT('',(50.2235,7.,-6.49999999999997));
#10109=CARTESIAN_POINT('',(39.5,12.0068818149226,-6.49999999999997));
#10110=CARTESIAN_POINT('',(39.5,4.0068818149226,-6.49999999999997));
#10111=CARTESIAN_POINT('',(78.5,12.0068818149226,-6.49999999999997));
#10112=CARTESIAN_POINT('',(39.5,12.0068818149226,-6.49999999999997));
#10113=CARTESIAN_POINT('',(78.5,4.0068818149226,-6.49999999999997));
#10114=CARTESIAN_POINT('Origin',(39.5,4.0068818149226,-19.5));
#10115=CARTESIAN_POINT('',(39.5,7.,-19.5));
#10116=CARTESIAN_POINT('',(39.5,7.,-0.37199999999998));
#10117=CARTESIAN_POINT('',(39.5,12.0068818149226,-19.5));
#10118=CARTESIAN_POINT('',(39.5,4.0068818149226,-19.5));
#10119=CARTESIAN_POINT('',(39.5,12.0068818149226,-19.5));
#10120=CARTESIAN_POINT('Origin',(78.5,4.0068818149226,-19.5));
#10121=CARTESIAN_POINT('',(78.5,7.,-19.5));
#10122=CARTESIAN_POINT('',(69.7235,7.,-19.5));
#10123=CARTESIAN_POINT('',(78.5,12.0068818149226,-19.5));
#10124=CARTESIAN_POINT('',(78.5,4.0068818149226,-19.5));
#10125=CARTESIAN_POINT('',(78.5,12.0068818149226,-19.5));
#10126=CARTESIAN_POINT('Origin',(78.5,4.0068818149226,-6.49999999999997));
#10127=CARTESIAN_POINT('',(78.5,7.,-8.47274999999998));
#10128=CARTESIAN_POINT('',(78.5,12.0068818149226,-6.49999999999997));
#10129=CARTESIAN_POINT('Origin',(59.,12.0068818149226,-13.));
#10130=CARTESIAN_POINT('Origin',(38.5845,7.,18.756));
#10131=CARTESIAN_POINT('',(60.51575,7.,4.44089209850063E-15));
#10132=CARTESIAN_POINT('',(76.2,7.,-5.22275));
#10133=CARTESIAN_POINT('',(-0.0371931782090318,7.,10.6405));
#10134=CARTESIAN_POINT('',(-5.278,7.,-2.33));
#10135=CARTESIAN_POINT('',(4.022,7.,-10.129));
#10136=CARTESIAN_POINT('Origin',(10.022,7.,-10.129));
#10137=CARTESIAN_POINT('Origin',(-0.0371931782090318,8.5,57.15));
#10138=CARTESIAN_POINT('',(-0.0371931782090318,4.5,57.15));
#10139=CARTESIAN_POINT('',(-0.0371931782090323,8.5,57.15));
#10140=CARTESIAN_POINT('',(-0.0371931782090318,4.5,61.428));
#10141=CARTESIAN_POINT('',(-0.0371931782090318,4.5,57.15));
#10142=CARTESIAN_POINT('',(-0.0371931782090407,1.5,61.428));
#10143=CARTESIAN_POINT('Origin',(82.447,0.,61.428));
#10144=CARTESIAN_POINT('',(41.2049034108955,4.5,61.428));
#10145=CARTESIAN_POINT('',(-5.278,-6.,61.428));
#10146=CARTESIAN_POINT('',(60.51575,-6.,61.428));
#10147=CARTESIAN_POINT('',(-5.278,0.,61.428));
#10148=CARTESIAN_POINT('Origin',(76.2,4.5,4.44089209850063E-15));
#10149=CARTESIAN_POINT('',(76.2,4.5,4.44089209850063E-15));
#10150=CARTESIAN_POINT('',(76.2,4.5,57.15));
#10151=CARTESIAN_POINT('',(76.2,4.5,57.15));
#10152=CARTESIAN_POINT('',(76.2,4.5,9.378));
#10153=CARTESIAN_POINT('Origin',(82.447,4.5,4.44089209850063E-15));
#10154=CARTESIAN_POINT('Origin',(76.2,8.5,3.33066907387547E-15));
#10155=CARTESIAN_POINT('',(76.2,4.5,57.15));
#10156=CARTESIAN_POINT('Origin',(-5.278,0.,60.928));
#10157=CARTESIAN_POINT('',(-5.278,-6.,60.928));
#10158=CARTESIAN_POINT('Origin',(10.022,-1.5,-10.129));
#10159=CARTESIAN_POINT('',(14.5652922010436,8.5,-14.0479917039892));
#10160=CARTESIAN_POINT('',(14.5652922010436,8.5,-14.0479917039892));
#10161=CARTESIAN_POINT('',(4.022,8.5,-10.129));
#10162=CARTESIAN_POINT('Origin',(10.022,8.5,-10.129));
#10163=CARTESIAN_POINT('',(4.022,-1.5,-10.129));
#10164=CARTESIAN_POINT('',(5.35289140996122,8.5,-6.36078756246065));
#10165=CARTESIAN_POINT('Origin',(10.022,8.5,-10.129));
#10166=CARTESIAN_POINT('',(5.35289140996122,14.85,-6.36078756246065));
#10167=CARTESIAN_POINT('Origin',(-14.778,0.,-32.916));
#10168=CARTESIAN_POINT('',(-14.778,13.3,-30.416));
#10169=CARTESIAN_POINT('',(-14.778,13.3,69.234));
#10170=CARTESIAN_POINT('',(-14.778,13.3,-6.75349999999999));
#10171=CARTESIAN_POINT('',(-14.778,-6.,-30.416));
#10172=CARTESIAN_POINT('',(-14.778,0.,-30.416));
#10173=CARTESIAN_POINT('',(-14.778,-6.,69.234));
#10174=CARTESIAN_POINT('',(-14.778,-6.,71.734));
#10175=CARTESIAN_POINT('',(-14.778,0.,69.234));
#10176=CARTESIAN_POINT('Origin',(-12.278,0.,-30.416));
#10177=CARTESIAN_POINT('',(-12.278,13.3,-32.916));
#10178=CARTESIAN_POINT('Origin',(-12.278,13.3,-30.416));
#10179=CARTESIAN_POINT('',(-12.278,-6.,-32.916));
#10180=CARTESIAN_POINT('',(-12.278,0.,-32.916));
#10181=CARTESIAN_POINT('Origin',(-12.278,-6.,-30.416));
#10182=CARTESIAN_POINT('Origin',(89.447,0.,-30.416));
#10183=CARTESIAN_POINT('',(91.947,13.3,-30.416));
#10184=CARTESIAN_POINT('',(89.447,13.3,-32.916));
#10185=CARTESIAN_POINT('Origin',(89.447,13.3,-30.416));
#10186=CARTESIAN_POINT('',(91.947,-6.,-30.416));
#10187=CARTESIAN_POINT('',(91.947,0.,-30.416));
#10188=CARTESIAN_POINT('',(89.447,-6.,-32.916));
#10189=CARTESIAN_POINT('Origin',(89.447,-6.,-30.416));
#10190=CARTESIAN_POINT('',(89.447,0.,-32.916));
#10191=CARTESIAN_POINT('Origin',(-12.278,0.,69.234));
#10192=CARTESIAN_POINT('',(-12.278,13.3,71.734));
#10193=CARTESIAN_POINT('Origin',(-12.278,13.3,69.234));
#10194=CARTESIAN_POINT('',(-12.278,-6.,71.734));
#10195=CARTESIAN_POINT('Origin',(-12.278,-6.,69.234));
#10196=CARTESIAN_POINT('',(-12.278,0.,71.734));
#10197=CARTESIAN_POINT('Origin',(-14.778,0.,71.734));
#10198=CARTESIAN_POINT('',(89.447,13.3,71.734));
#10199=CARTESIAN_POINT('',(11.90325,13.3,71.734));
#10200=CARTESIAN_POINT('',(89.447,-6.,71.734));
#10201=CARTESIAN_POINT('',(91.947,-6.,71.734));
#10202=CARTESIAN_POINT('',(89.447,0.,71.734));
#10203=CARTESIAN_POINT('Origin',(89.447,0.,69.234));
#10204=CARTESIAN_POINT('',(91.947,13.3,69.234));
#10205=CARTESIAN_POINT('Origin',(89.447,13.3,69.234));
#10206=CARTESIAN_POINT('',(91.947,-6.,69.234));
#10207=CARTESIAN_POINT('Origin',(89.447,-6.,69.234));
#10208=CARTESIAN_POINT('',(91.947,0.,69.234));
#10209=CARTESIAN_POINT('Origin',(91.947,0.,71.734));
#10210=CARTESIAN_POINT('',(91.947,13.3,45.5715));
#10211=CARTESIAN_POINT('',(91.947,-6.,-32.916));
#10212=CARTESIAN_POINT('Origin',(11.90325,13.3,70.034));
#10213=CARTESIAN_POINT('Origin',(89.447,13.3,70.034));
#10214=CARTESIAN_POINT('Origin',(-12.278,13.3,70.034));
#10215=CARTESIAN_POINT('Ctrl Pts',(90.247,15.,69.234));
#10216=CARTESIAN_POINT('Ctrl Pts',(90.247,15.,70.034));
#10217=CARTESIAN_POINT('Ctrl Pts',(89.447,15.,70.034));
#10218=CARTESIAN_POINT('Ctrl Pts',(91.947,15.,69.234));
#10219=CARTESIAN_POINT('Ctrl Pts',(91.947,15.,71.734));
#10220=CARTESIAN_POINT('Ctrl Pts',(89.447,15.,71.734));
#10221=CARTESIAN_POINT('Ctrl Pts',(91.947,13.3,69.234));
#10222=CARTESIAN_POINT('Ctrl Pts',(91.947,13.3,71.734));
#10223=CARTESIAN_POINT('Ctrl Pts',(89.447,13.3,71.734));
#10224=CARTESIAN_POINT('Origin',(90.247,13.3,69.234));
#10225=CARTESIAN_POINT('Origin',(90.247,13.3,45.5715));
#10226=CARTESIAN_POINT('Origin',(90.247,13.3,-30.416));
#10227=CARTESIAN_POINT('Ctrl Pts',(89.447,15.,-31.216));
#10228=CARTESIAN_POINT('Ctrl Pts',(90.247,15.,-31.216));
#10229=CARTESIAN_POINT('Ctrl Pts',(90.247,15.,-30.416));
#10230=CARTESIAN_POINT('Ctrl Pts',(89.447,15.,-32.916));
#10231=CARTESIAN_POINT('Ctrl Pts',(91.947,15.,-32.916));
#10232=CARTESIAN_POINT('Ctrl Pts',(91.947,15.,-30.416));
#10233=CARTESIAN_POINT('Ctrl Pts',(89.447,13.3,-32.916));
#10234=CARTESIAN_POINT('Ctrl Pts',(91.947,13.3,-32.916));
#10235=CARTESIAN_POINT('Ctrl Pts',(91.947,13.3,-30.416));
#10236=CARTESIAN_POINT('Origin',(89.447,13.3,-31.216));
#10237=CARTESIAN_POINT('Origin',(65.26575,13.3,-31.216));
#10238=CARTESIAN_POINT('',(65.26575,13.3,-32.916));
#10239=CARTESIAN_POINT('Origin',(-12.278,13.3,-31.216));
#10240=CARTESIAN_POINT('Ctrl Pts',(-13.078,15.,-30.416));
#10241=CARTESIAN_POINT('Ctrl Pts',(-13.078,15.,-31.216));
#10242=CARTESIAN_POINT('Ctrl Pts',(-12.278,15.,-31.216));
#10243=CARTESIAN_POINT('Ctrl Pts',(-14.778,15.,-30.416));
#10244=CARTESIAN_POINT('Ctrl Pts',(-14.778,15.,-32.916));
#10245=CARTESIAN_POINT('Ctrl Pts',(-12.278,15.,-32.916));
#10246=CARTESIAN_POINT('Ctrl Pts',(-14.778,13.3,-30.416));
#10247=CARTESIAN_POINT('Ctrl Pts',(-14.778,13.3,-32.916));
#10248=CARTESIAN_POINT('Ctrl Pts',(-12.278,13.3,-32.916));
#10249=CARTESIAN_POINT('Origin',(-13.078,13.3,-30.416));
#10250=CARTESIAN_POINT('Origin',(-13.078,13.3,-6.75349999999999));
#10251=CARTESIAN_POINT('Origin',(-13.078,13.3,69.234));
#10252=CARTESIAN_POINT('Ctrl Pts',(-12.278,15.,70.034));
#10253=CARTESIAN_POINT('Ctrl Pts',(-13.078,15.,70.034));
#10254=CARTESIAN_POINT('Ctrl Pts',(-13.078,15.,69.234));
#10255=CARTESIAN_POINT('Ctrl Pts',(-12.278,15.,71.734));
#10256=CARTESIAN_POINT('Ctrl Pts',(-14.778,15.,71.734));
#10257=CARTESIAN_POINT('Ctrl Pts',(-14.778,15.,69.234));
#10258=CARTESIAN_POINT('Ctrl Pts',(-12.278,13.3,71.734));
#10259=CARTESIAN_POINT('Ctrl Pts',(-14.778,13.3,71.734));
#10260=CARTESIAN_POINT('Ctrl Pts',(-14.778,13.3,69.234));
#10261=CARTESIAN_POINT('Origin',(91.947,0.,-32.916));
#10262=CARTESIAN_POINT('',(-14.778,-6.,-32.916));
#10263=CARTESIAN_POINT('',(34.4025,6.,-32.916));
#10264=CARTESIAN_POINT('Origin',(34.4025,4.,-32.916));
#10265=CARTESIAN_POINT('',(23.4025,6.,-32.916));
#10266=CARTESIAN_POINT('',(60.42475,6.,-32.916));
#10267=CARTESIAN_POINT('Origin',(23.4025,4.,-32.916));
#10268=CARTESIAN_POINT('Origin',(23.4025,4.,-32.341));
#10269=CARTESIAN_POINT('',(23.4025,6.,-32.341));
#10270=CARTESIAN_POINT('Origin',(28.9025,6.,-29.366));
#10271=CARTESIAN_POINT('',(34.4025,6.,-26.391));
#10272=CARTESIAN_POINT('Origin',(34.4025,4.,-26.391));
#10273=CARTESIAN_POINT('Origin',(38.5845,8.5,18.756));
#10274=CARTESIAN_POINT('Origin',(9.89618361100555,8.5,-10.279779266449));
#10275=CARTESIAN_POINT('Origin',(76.2,8.5,57.15));
#10276=CARTESIAN_POINT('Origin',(9.89618361100555,8.5,-10.279779266449));
#10277=CARTESIAN_POINT('Origin',(-9.77800000000001,5.,66.734));
#10278=CARTESIAN_POINT('',(-11.478,5.,66.734));
#10279=CARTESIAN_POINT('Origin',(-9.77800000000001,5.,66.734));
#10280=CARTESIAN_POINT('Origin',(-9.77800000000001,-6.,66.734));
#10281=CARTESIAN_POINT('',(-11.478,-2.9,66.734));
#10282=CARTESIAN_POINT('Origin',(-9.77800000000001,-2.9,66.734));
#10283=CARTESIAN_POINT('',(-11.478,-6.,66.734));
#10284=CARTESIAN_POINT('Origin',(-9.77800000000001,5.,-27.916));
#10285=CARTESIAN_POINT('',(-11.478,5.,-27.916));
#10286=CARTESIAN_POINT('Origin',(-9.77800000000001,5.,-27.916));
#10287=CARTESIAN_POINT('Origin',(-9.77800000000001,-6.,-27.916));
#10288=CARTESIAN_POINT('',(-11.478,-2.9,-27.916));
#10289=CARTESIAN_POINT('Origin',(-9.77800000000001,-2.9,-27.916));
#10290=CARTESIAN_POINT('',(-11.478,-6.,-27.916));
#10291=CARTESIAN_POINT('Origin',(86.947,5.,66.734));
#10292=CARTESIAN_POINT('',(85.247,5.,66.734));
#10293=CARTESIAN_POINT('Origin',(86.947,5.,66.734));
#10294=CARTESIAN_POINT('Origin',(86.947,-6.,66.734));
#10295=CARTESIAN_POINT('',(85.247,-2.9,66.734));
#10296=CARTESIAN_POINT('Origin',(86.947,-2.9,66.734));
#10297=CARTESIAN_POINT('',(85.247,-6.,66.734));
#10298=CARTESIAN_POINT('Origin',(86.947,5.,-27.916));
#10299=CARTESIAN_POINT('',(85.247,5.,-27.916));
#10300=CARTESIAN_POINT('Origin',(86.947,5.,-27.916));
#10301=CARTESIAN_POINT('Origin',(86.947,-6.,-27.916));
#10302=CARTESIAN_POINT('',(85.247,-2.9,-27.916));
#10303=CARTESIAN_POINT('Origin',(86.947,-2.9,-27.916));
#10304=CARTESIAN_POINT('',(85.247,-6.,-27.916));
#10305=CARTESIAN_POINT('Origin',(-9.77800000000001,-2.9,-27.916));
#10306=CARTESIAN_POINT('',(-12.778,-2.9,-27.916));
#10307=CARTESIAN_POINT('Origin',(-9.77800000000001,-2.9,-27.916));
#10308=CARTESIAN_POINT('Origin',(-9.77800000000001,-6.,-27.916));
#10309=CARTESIAN_POINT('',(-12.778,-6.,-27.916));
#10310=CARTESIAN_POINT('Origin',(-9.77800000000001,-6.,-27.916));
#10311=CARTESIAN_POINT('',(-12.778,-6.,-27.916));
#10312=CARTESIAN_POINT('Origin',(86.947,-2.9,66.734));
#10313=CARTESIAN_POINT('',(83.947,-2.9,66.734));
#10314=CARTESIAN_POINT('Origin',(86.947,-2.9,66.734));
#10315=CARTESIAN_POINT('Origin',(86.947,-6.,66.734));
#10316=CARTESIAN_POINT('',(83.947,-6.,66.734));
#10317=CARTESIAN_POINT('Origin',(86.947,-6.,66.734));
#10318=CARTESIAN_POINT('',(83.947,-6.,66.734));
#10319=CARTESIAN_POINT('Origin',(-9.77800000000001,-2.9,66.734));
#10320=CARTESIAN_POINT('',(-12.778,-2.9,66.734));
#10321=CARTESIAN_POINT('Origin',(-9.77800000000001,-2.9,66.734));
#10322=CARTESIAN_POINT('Origin',(-9.77800000000001,-6.,66.734));
#10323=CARTESIAN_POINT('',(-12.778,-6.,66.734));
#10324=CARTESIAN_POINT('Origin',(-9.77800000000001,-6.,66.734));
#10325=CARTESIAN_POINT('',(-12.778,-6.,66.734));
#10326=CARTESIAN_POINT('Origin',(86.947,-2.9,-27.916));
#10327=CARTESIAN_POINT('',(83.947,-2.9,-27.916));
#10328=CARTESIAN_POINT('Origin',(86.947,-2.9,-27.916));
#10329=CARTESIAN_POINT('Origin',(86.947,-6.,-27.916));
#10330=CARTESIAN_POINT('',(83.947,-6.,-27.916));
#10331=CARTESIAN_POINT('Origin',(86.947,-6.,-27.916));
#10332=CARTESIAN_POINT('',(83.947,-6.,-27.916));
#10333=CARTESIAN_POINT('Origin',(38.5845,-6.,19.409));
#10334=CARTESIAN_POINT('Origin',(81.947,4.0068818149226,-24.0000003576279));
#10335=CARTESIAN_POINT('',(76.2,4.0068818149226,4.44089209850063E-15));
#10336=CARTESIAN_POINT('',(81.947,4.0068818149226,4.44089209850063E-15));
#10337=CARTESIAN_POINT('',(79.0735,4.0068818149226,2.22044604925031E-15));
#10338=CARTESIAN_POINT('',(76.2,4.0068818149226,2.525));
#10339=CARTESIAN_POINT('',(76.2,4.0068818149226,-12.0000001788139));
#10340=CARTESIAN_POINT('',(81.947,4.0068818149226,2.525));
#10341=CARTESIAN_POINT('',(81.947,4.0068818149226,2.525));
#10342=CARTESIAN_POINT('',(81.947,4.0068818149226,-24.0000003576279));
#10343=CARTESIAN_POINT('Origin',(81.947,4.0068818149226,2.525));
#10344=CARTESIAN_POINT('',(81.947,4.5,4.44089209850063E-15));
#10345=CARTESIAN_POINT('',(81.947,3.5034409074613,3.33066907387547E-15));
#10346=CARTESIAN_POINT('',(81.947,4.5,2.525));
#10347=CARTESIAN_POINT('',(81.947,4.0068818149226,2.525));
#10348=CARTESIAN_POINT('',(81.947,4.5,1.2625));
#10349=CARTESIAN_POINT('Origin',(76.2,4.0068818149226,2.525));
#10350=CARTESIAN_POINT('',(76.2,4.5,2.525));
#10351=CARTESIAN_POINT('',(76.2,4.5,2.525));
#10352=CARTESIAN_POINT('',(76.2,6.2534409074613,2.525));
#10353=CARTESIAN_POINT('Origin',(76.2,3.,3.33066907387547E-15));
#10354=CARTESIAN_POINT('',(82.447,4.5,4.44089209850063E-15));
#10355=CARTESIAN_POINT('',(76.2,4.5,4.44089209850063E-15));
#10356=CARTESIAN_POINT('',(82.447,3.,4.44089209850063E-15));
#10357=CARTESIAN_POINT('',(82.447,3.375,4.44089209850063E-15));
#10358=CARTESIAN_POINT('',(76.2,3.,4.44089209850063E-15));
#10359=CARTESIAN_POINT('',(76.2,3.,4.44089209850063E-15));
#10360=CARTESIAN_POINT('',(76.2,8.5,3.33066907387547E-15));
#10361=CARTESIAN_POINT('Origin',(76.2,3.,57.15));
#10362=CARTESIAN_POINT('',(82.447,3.,57.15));
#10363=CARTESIAN_POINT('',(82.447,3.,42.8625));
#10364=CARTESIAN_POINT('',(76.2,3.,57.15));
#10365=CARTESIAN_POINT('',(76.2,3.,57.15));
#10366=CARTESIAN_POINT('',(76.2,3.,9.378));
#10367=CARTESIAN_POINT('Origin',(76.2,4.5,57.15));
#10368=CARTESIAN_POINT('',(82.447,4.5,57.15));
#10369=CARTESIAN_POINT('',(82.447,4.125,57.15));
#10370=CARTESIAN_POINT('',(76.2,4.5,57.15));
#10371=CARTESIAN_POINT('',(76.2,4.5,57.15));
#10372=CARTESIAN_POINT('',(76.2,8.5,57.15));
#10373=CARTESIAN_POINT('Origin',(76.2,4.5,4.44089209850063E-15));
#10374=CARTESIAN_POINT('',(76.2,4.5,9.378));
#10375=CARTESIAN_POINT('',(82.447,4.5,14.2875));
#10376=CARTESIAN_POINT('Origin',(76.2,8.5,3.33066907387547E-15));
#10377=CARTESIAN_POINT('Origin',(82.447,3.75,28.575));
#10378=CARTESIAN_POINT('Origin',(82.447,3.,57.15));
#10379=CARTESIAN_POINT('',(82.447,3.,61.428));
#10380=CARTESIAN_POINT('',(82.447,4.5,61.428));
#10381=CARTESIAN_POINT('',(82.447,3.375,61.428));
#10382=CARTESIAN_POINT('',(82.447,3.,57.15));
#10383=CARTESIAN_POINT('',(82.447,3.,57.15));
#10384=CARTESIAN_POINT('',(82.447,4.5,57.15));
#10385=CARTESIAN_POINT('',(82.447,4.125,57.15));
#10386=CARTESIAN_POINT('',(82.447,4.5,57.15));
#10387=CARTESIAN_POINT('Origin',(76.2,3.,57.15));
#10388=CARTESIAN_POINT('',(76.2,3.,61.428));
#10389=CARTESIAN_POINT('',(77.76175,3.,61.428));
#10390=CARTESIAN_POINT('',(76.2,3.,57.15));
#10391=CARTESIAN_POINT('',(76.2,3.,57.15));
#10392=CARTESIAN_POINT('',(76.2,3.,57.15));
#10393=CARTESIAN_POINT('Origin',(76.2,4.5,57.15));
#10394=CARTESIAN_POINT('',(76.2,4.5,61.428));
#10395=CARTESIAN_POINT('',(76.2,4.125,61.428));
#10396=CARTESIAN_POINT('',(76.2,4.5,57.15));
#10397=CARTESIAN_POINT('',(76.2,4.5,57.15));
#10398=CARTESIAN_POINT('',(76.2,8.5,57.15));
#10399=CARTESIAN_POINT('Origin',(82.447,4.5,57.15));
#10400=CARTESIAN_POINT('',(80.88525,4.5,61.428));
#10401=CARTESIAN_POINT('',(76.2,4.5,57.15));
#10402=CARTESIAN_POINT('Origin',(76.2,4.5,57.15));
#10403=CARTESIAN_POINT('Origin',(79.3235,3.75,61.428));
#10404=CARTESIAN_POINT('Origin',(-0.0371931782090318,3.,57.15));
#10405=CARTESIAN_POINT('',(-0.0371931782090318,3.,61.428));
#10406=CARTESIAN_POINT('',(76.2,3.,61.428));
#10407=CARTESIAN_POINT('',(19.0221051163432,3.,61.428));
#10408=CARTESIAN_POINT('',(-0.0371931782090318,3.,57.15));
#10409=CARTESIAN_POINT('',(-0.0371931782090318,3.,57.15));
#10410=CARTESIAN_POINT('',(76.2,3.,57.15));
#10411=CARTESIAN_POINT('',(57.39225,3.,57.15));
#10412=CARTESIAN_POINT('',(76.2,3.,57.15));
#10413=CARTESIAN_POINT('Origin',(-0.0371931782090323,4.5,57.15));
#10414=CARTESIAN_POINT('',(-0.0371931782090318,4.5,61.428));
#10415=CARTESIAN_POINT('',(-0.0371931782090318,4.125,61.428));
#10416=CARTESIAN_POINT('',(-0.0371931782090318,4.5,57.15));
#10417=CARTESIAN_POINT('',(-0.0371931782090318,4.5,57.15));
#10418=CARTESIAN_POINT('',(-0.0371931782090323,8.5,57.15));
#10419=CARTESIAN_POINT('Origin',(76.2,4.5,57.15));
#10420=CARTESIAN_POINT('',(76.2,4.5,61.428));
#10421=CARTESIAN_POINT('',(57.1407017054477,4.5,61.428));
#10422=CARTESIAN_POINT('',(76.2,4.5,57.15));
#10423=CARTESIAN_POINT('',(76.2,4.5,57.15));
#10424=CARTESIAN_POINT('',(57.39225,4.5,57.15));
#10425=CARTESIAN_POINT('Origin',(76.2,3.,57.15));
#10426=CARTESIAN_POINT('',(76.2,3.375,61.428));
#10427=CARTESIAN_POINT('',(76.2,8.5,57.15));
#10428=CARTESIAN_POINT('Origin',(76.2,8.5,57.15));
#10429=CARTESIAN_POINT('Origin',(38.0814034108955,3.75,61.428));
#10430=CARTESIAN_POINT('Origin',(-0.0371931782090318,3.,4.44089209850063E-15));
#10431=CARTESIAN_POINT('',(-5.278,3.,4.44089209850063E-15));
#10432=CARTESIAN_POINT('',(-5.278,3.,57.15));
#10433=CARTESIAN_POINT('',(-5.278,3.,14.2875));
#10434=CARTESIAN_POINT('',(-0.0371931782090318,3.,4.44089209850063E-15));
#10435=CARTESIAN_POINT('',(-0.0371931782090318,3.,4.44089209850063E-15));
#10436=CARTESIAN_POINT('',(-0.0371931782090318,3.,57.15));
#10437=CARTESIAN_POINT('',(-0.0371931782090318,3.,37.953));
#10438=CARTESIAN_POINT('',(-0.0371931782090318,3.,57.15));
#10439=CARTESIAN_POINT('Origin',(-0.0371931782090323,4.5,3.33066907387547E-15));
#10440=CARTESIAN_POINT('',(-5.278,4.5,4.44089209850063E-15));
#10441=CARTESIAN_POINT('',(-5.278,4.125,4.44089209850063E-15));
#10442=CARTESIAN_POINT('',(-0.0371931782090318,4.5,4.44089209850063E-15));
#10443=CARTESIAN_POINT('',(-0.0371931782090318,4.5,4.44089209850063E-15));
#10444=CARTESIAN_POINT('',(-0.0371931782090323,8.5,3.33066907387547E-15));
#10445=CARTESIAN_POINT('Origin',(-0.0371931782090318,4.5,57.15));
#10446=CARTESIAN_POINT('',(-5.278,4.5,57.15));
#10447=CARTESIAN_POINT('',(-5.278,4.5,42.8625));
#10448=CARTESIAN_POINT('',(-0.0371931782090318,4.5,57.15));
#10449=CARTESIAN_POINT('',(-0.0371931782090318,4.5,57.15));
#10450=CARTESIAN_POINT('',(-0.0371931782090318,4.5,37.953));
#10451=CARTESIAN_POINT('Origin',(-0.0371931782090323,3.,57.15));
#10452=CARTESIAN_POINT('',(-5.278,3.375,57.15));
#10453=CARTESIAN_POINT('',(-0.0371931782090323,8.5,57.15));
#10454=CARTESIAN_POINT('Origin',(-0.0371931782090318,8.5,57.15));
#10455=CARTESIAN_POINT('Origin',(-5.278,3.75,28.575));
#10456=CARTESIAN_POINT('Origin',(-5.278,4.5,57.15));
#10457=CARTESIAN_POINT('',(-5.278,4.5,61.428));
#10458=CARTESIAN_POINT('',(-5.278,3.,61.428));
#10459=CARTESIAN_POINT('',(-5.278,4.125,61.428));
#10460=CARTESIAN_POINT('',(-5.278,4.5,57.15));
#10461=CARTESIAN_POINT('',(-5.278,4.5,57.15));
#10462=CARTESIAN_POINT('',(-5.278,3.,57.15));
#10463=CARTESIAN_POINT('',(-5.278,3.375,57.15));
#10464=CARTESIAN_POINT('',(-5.278,3.,57.15));
#10465=CARTESIAN_POINT('Origin',(-0.0371931782090318,4.5,57.15));
#10466=CARTESIAN_POINT('',(-0.0371931782090318,4.5,61.428));
#10467=CARTESIAN_POINT('',(-1.34739488365677,4.5,61.428));
#10468=CARTESIAN_POINT('',(-0.0371931782090318,4.5,57.15));
#10469=CARTESIAN_POINT('',(-0.0371931782090318,4.5,57.15));
#10470=CARTESIAN_POINT('',(-0.0371931782090318,4.5,57.15));
#10471=CARTESIAN_POINT('Origin',(-0.0371931782090323,3.,57.15));
#10472=CARTESIAN_POINT('',(-0.0371931782090318,3.,61.428));
#10473=CARTESIAN_POINT('',(-0.0371931782090323,3.375,61.428));
#10474=CARTESIAN_POINT('',(-0.0371931782090318,3.,57.15));
#10475=CARTESIAN_POINT('',(-0.0371931782090318,3.,57.15));
#10476=CARTESIAN_POINT('',(-0.0371931782090323,8.5,57.15));
#10477=CARTESIAN_POINT('Origin',(-5.278,3.,57.15));
#10478=CARTESIAN_POINT('',(-3.96779829455226,3.,61.428));
#10479=CARTESIAN_POINT('',(-0.0371931782090318,3.,57.15));
#10480=CARTESIAN_POINT('Origin',(-0.0371931782090323,3.,57.15));
#10481=CARTESIAN_POINT('Origin',(-2.65759658910452,3.75,61.428));
#10482=CARTESIAN_POINT('Origin',(81.947,4.0068818149226,2.525));
#10483=CARTESIAN_POINT('',(81.947,4.5,2.525));
#10484=CARTESIAN_POINT('',(81.947,4.5,4.44089209850063E-15));
#10485=CARTESIAN_POINT('',(81.947,4.5,1.2625));
#10486=CARTESIAN_POINT('',(81.947,7.,2.525));
#10487=CARTESIAN_POINT('',(81.947,4.0068818149226,2.525));
#10488=CARTESIAN_POINT('',(81.947,7.,4.44089209850063E-15));
#10489=CARTESIAN_POINT('',(81.947,7.,-3.96025));
#10490=CARTESIAN_POINT('',(81.947,4.2534409074613,4.44089209850063E-15));
#10491=CARTESIAN_POINT('Origin',(60.947,7.,-10.4455));
#10492=CARTESIAN_POINT('',(76.2,7.,4.44089209850063E-15));
#10493=CARTESIAN_POINT('',(71.697,7.,4.44089209850063E-15));
#10494=CARTESIAN_POINT('',(76.2,7.,2.525));
#10495=CARTESIAN_POINT('',(68.5735,7.,2.525));
#10496=CARTESIAN_POINT('',(76.2,7.,-5.22275));
#10497=CARTESIAN_POINT('Origin',(76.2,4.0068818149226,2.525));
#10498=CARTESIAN_POINT('',(76.2,4.5,2.525));
#10499=CARTESIAN_POINT('',(76.2,4.5,2.525));
#10500=CARTESIAN_POINT('',(76.2,4.2534409074613,2.525));
#10501=CARTESIAN_POINT('Origin',(82.447,4.5,4.44089209850063E-15));
#10502=CARTESIAN_POINT('',(76.2,12.5,4.44089209850063E-15));
#10503=CARTESIAN_POINT('',(76.2,4.5,4.44089209850063E-15));
#10504=CARTESIAN_POINT('',(82.447,12.5,4.44089209850063E-15));
#10505=CARTESIAN_POINT('',(76.2,12.5,4.44089209850063E-15));
#10506=CARTESIAN_POINT('',(82.447,4.5,4.44089209850063E-15));
#10507=CARTESIAN_POINT('',(82.447,4.5,4.44089209850063E-15));
#10508=CARTESIAN_POINT('',(76.2,4.5,4.44089209850063E-15));
#10509=CARTESIAN_POINT('Origin',(76.2,4.5,57.15));
#10510=CARTESIAN_POINT('',(76.2,4.5,57.15));
#10511=CARTESIAN_POINT('',(82.447,4.5,57.15));
#10512=CARTESIAN_POINT('',(76.2,4.5,57.15));
#10513=CARTESIAN_POINT('',(82.447,12.5,57.15));
#10514=CARTESIAN_POINT('',(82.447,4.5,57.15));
#10515=CARTESIAN_POINT('',(76.2,12.5,57.15));
#10516=CARTESIAN_POINT('',(76.2,12.5,57.15));
#10517=CARTESIAN_POINT('',(76.2,4.5,57.15));
#10518=CARTESIAN_POINT('Origin',(76.2,4.5,4.44089209850063E-15));
#10519=CARTESIAN_POINT('',(76.2,4.5,9.378));
#10520=CARTESIAN_POINT('',(76.2,12.5,9.378));
#10521=CARTESIAN_POINT('Origin',(82.447,4.5,57.15));
#10522=CARTESIAN_POINT('',(82.447,4.5,14.2875));
#10523=CARTESIAN_POINT('',(82.447,12.5,14.2875));
#10524=CARTESIAN_POINT('Origin',(76.2,12.5,4.44089209850063E-15));
#10525=CARTESIAN_POINT('Origin',(76.2,4.5,4.44089209850063E-15));
#10526=CARTESIAN_POINT('Origin',(-0.0371931782090318,4.5,4.44089209850063E-15));
#10527=CARTESIAN_POINT('',(-0.0371931782090318,4.5,4.44089209850063E-15));
#10528=CARTESIAN_POINT('',(-5.278,4.5,4.44089209850063E-15));
#10529=CARTESIAN_POINT('',(-0.0371931782090318,4.5,4.44089209850063E-15));
#10530=CARTESIAN_POINT('',(-5.278,13.5,8.88178419700125E-15));
#10531=CARTESIAN_POINT('',(-5.278,4.5,4.44089209850063E-15));
#10532=CARTESIAN_POINT('',(-0.0371931782090318,13.5,8.88178419700125E-15));
#10533=CARTESIAN_POINT('',(-0.0371931782090318,13.5,4.44089209850063E-15));
#10534=CARTESIAN_POINT('',(-0.0371931782090318,4.5,4.44089209850063E-15));
#10535=CARTESIAN_POINT('Origin',(-0.0371931782090318,4.5,57.15));
#10536=CARTESIAN_POINT('',(-0.0371931782090318,4.5,57.15));
#10537=CARTESIAN_POINT('',(-0.0371931782090318,4.5,37.953));
#10538=CARTESIAN_POINT('',(-0.0371931782090318,13.5,57.15));
#10539=CARTESIAN_POINT('',(-0.0371931782090318,13.5,37.953));
#10540=CARTESIAN_POINT('',(-0.0371931782090318,4.5,57.15));
#10541=CARTESIAN_POINT('Origin',(-5.278,4.5,0.));
#10542=CARTESIAN_POINT('',(-5.278,4.5,61.428));
#10543=CARTESIAN_POINT('',(-5.278,4.5,42.8625));
#10544=CARTESIAN_POINT('',(-5.278,13.5,61.428));
#10545=CARTESIAN_POINT('',(-5.278,4.5,61.428));
#10546=CARTESIAN_POINT('',(-5.278,13.5,42.8625));
#10547=CARTESIAN_POINT('Origin',(-0.0371931782090318,13.5,57.15));
#10548=CARTESIAN_POINT('',(82.447,13.5,61.428));
#10549=CARTESIAN_POINT('',(-1.34739488365677,13.5,61.428));
#10550=CARTESIAN_POINT('',(82.447,13.5,57.15));
#10551=CARTESIAN_POINT('',(82.447,13.5,57.15));
#10552=CARTESIAN_POINT('',(76.2,13.5,57.15));
#10553=CARTESIAN_POINT('Origin',(-0.0371931782090318,4.5,57.15));
#10554=CARTESIAN_POINT('',(82.447,4.5,57.15));
#10555=CARTESIAN_POINT('',(76.2,4.5,57.15));
#10556=CARTESIAN_POINT('',(82.447,4.5,61.428));
#10557=CARTESIAN_POINT('',(82.447,4.5,57.15));
#10558=CARTESIAN_POINT('',(57.1407017054477,4.5,61.428));
#10559=CARTESIAN_POINT('Origin',(82.447,4.5,61.428));
#10560=CARTESIAN_POINT('',(82.447,4.5,57.15));
#10561=CARTESIAN_POINT('',(82.447,4.5,61.428));
#10562=CARTESIAN_POINT('Origin',(76.2,4.5,57.15));
#10563=CARTESIAN_POINT('Origin',(-0.0371931782090318,4.5,61.428));
#10564=CARTESIAN_POINT('',(0.,0.,0.));
#10565=UNCERTAINTY_MEASURE_WITH_UNIT(LENGTH_MEASURE(0.01),#10571,
'DISTANCE_ACCURACY_VALUE',
'Maximum model space distance between geometric entities at asserted c
onnectivities');
#10566=UNCERTAINTY_MEASURE_WITH_UNIT(LENGTH_MEASURE(0.01),#10571,
'DISTANCE_ACCURACY_VALUE',
'Maximum model space distance between geometric entities at asserted c
onnectivities');
#10567=UNCERTAINTY_MEASURE_WITH_UNIT(LENGTH_MEASURE(0.01),#10571,
'DISTANCE_ACCURACY_VALUE',
'Maximum model space distance between geometric entities at asserted c
onnectivities');
#10568=(
GEOMETRIC_REPRESENTATION_CONTEXT(3)
GLOBAL_UNCERTAINTY_ASSIGNED_CONTEXT((#10565))
GLOBAL_UNIT_ASSIGNED_CONTEXT((#10571,#10573,#10574))
REPRESENTATION_CONTEXT('','3D')
);
#10569=(
GEOMETRIC_REPRESENTATION_CONTEXT(3)
GLOBAL_UNCERTAINTY_ASSIGNED_CONTEXT((#10566))
GLOBAL_UNIT_ASSIGNED_CONTEXT((#10571,#10573,#10574))
REPRESENTATION_CONTEXT('','3D')
);
#10570=(
GEOMETRIC_REPRESENTATION_CONTEXT(3)
GLOBAL_UNCERTAINTY_ASSIGNED_CONTEXT((#10567))
GLOBAL_UNIT_ASSIGNED_CONTEXT((#10571,#10573,#10574))
REPRESENTATION_CONTEXT('','3D')
);
#10571=(
LENGTH_UNIT()
NAMED_UNIT(*)
SI_UNIT(.MILLI.,.METRE.)
);
#10572=(
LENGTH_UNIT()
NAMED_UNIT(*)
SI_UNIT($,.METRE.)
);
#10573=(
NAMED_UNIT(*)
PLANE_ANGLE_UNIT()
SI_UNIT($,.RADIAN.)
);
#10574=(
NAMED_UNIT(*)
SI_UNIT($,.STERADIAN.)
SOLID_ANGLE_UNIT()
);
#10575=SHAPE_DEFINITION_REPRESENTATION(#10577,#10580);
#10576=SHAPE_DEFINITION_REPRESENTATION(#10578,#10581);
#10577=PRODUCT_DEFINITION_SHAPE('',$,#10583);
#10578=PRODUCT_DEFINITION_SHAPE('',$,#10584);
#10579=PRODUCT_DEFINITION_SHAPE($,$,#14);
#10580=SHAPE_REPRESENTATION('',(#6321,#6897),#10568);
#10581=SHAPE_REPRESENTATION('',(#6322),#10569);
#10582=PRODUCT_DEFINITION_CONTEXT('part definition',#10590,'design');
#10583=PRODUCT_DEFINITION('2026-02-01-11-35-02-343','HackPad_Top',#10585,
#10582);
#10584=PRODUCT_DEFINITION('2026-02-01-11-35-02-402','Button spacing',#10586,
#10582);
#10585=PRODUCT_DEFINITION_FORMATION('',$,#10592);
#10586=PRODUCT_DEFINITION_FORMATION('',$,#10593);
#10587=PRODUCT_RELATED_PRODUCT_CATEGORY('HackPad_Top','HackPad_Top',(#10592));
#10588=PRODUCT_RELATED_PRODUCT_CATEGORY('Button spacing',
'Button spacing',(#10593));
#10589=APPLICATION_PROTOCOL_DEFINITION('international standard',
'automotive_design',2009,#10590);
#10590=APPLICATION_CONTEXT(
'Core Data for Automotive Mechanical Design Process');
#10591=PRODUCT_CONTEXT('part definition',#10590,'mechanical');
#10592=PRODUCT('2026-02-01-11-35-02-343','HackPad_Top',$,(#10591));
#10593=PRODUCT('2026-02-01-11-35-02-402','Button spacing',$,(#10591));
#10594=PRESENTATION_STYLE_ASSIGNMENT((#10596));
#10595=PRESENTATION_STYLE_ASSIGNMENT((#10597));
#10596=SURFACE_STYLE_USAGE(.BOTH.,#10598);
#10597=SURFACE_STYLE_USAGE(.BOTH.,#10599);
#10598=SURFACE_SIDE_STYLE('',(#10600));
#10599=SURFACE_SIDE_STYLE('',(#10601));
#10600=SURFACE_STYLE_FILL_AREA(#10602);
#10601=SURFACE_STYLE_FILL_AREA(#10603);
#10602=FILL_AREA_STYLE('Plastic - Glossy (Black)',(#10604));
#10603=FILL_AREA_STYLE('Plastic - Matte (Black)',(#10605));
#10604=FILL_AREA_STYLE_COLOUR('Plastic - Glossy (Black)',#10606);
#10605=FILL_AREA_STYLE_COLOUR('Plastic - Matte (Black)',#10607);
#10606=COLOUR_RGB('Plastic - Glossy (Black)',0.0980392156862745,0.0980392156862745,
0.0980392156862745);
#10607=COLOUR_RGB('Plastic - Matte (Black)',0.0980392156862745,0.0980392156862745,
0.0980392156862745);
ENDSEC;
END-ISO-10303-21;
